-0.57,0.01,0.8,-63.81,-287.47,-81.16,-0.95,1.12,-0.01,222.44,-27.56,202.96,1
-0.42,-0.01,1.69,274.36,-193.63,-22.32,-0.83,0.43,0.02,123.84,-38.23,110.76,1
0.74,-0.52,1.49,130.21,-82.93,64.02,0.43,0.66,-0.71,112.68,110.52,53.26,1
-0.88,1.57,1.52,-31.07,72.77,18.17,-1.67,1.47,0.0,48.72,60.82,-93.11,1
-0.5,-0.13,1.01,-134.12,135.34,6.68,-0.57,0.42,0.02,-132.13,-58.78,-122.53,1
-0.63,0.16,0.21,77.23,174.57,8.84,-0.83,0.21,-0.07,-135.27,35.09,-117.07,1
-0.7,0.51,-0.16,37.84,158.84,-5.06,-0.75,-0.02,-0.08,-69.54,20.46,-120.91,1
-0.92,0.29,-0.04,22.59,77.41,-33.6,-1.11,0.05,-0.05,-16.95,-41.68,-31.52,1
-1.09,0.49,-0.45,-0.76,-86.62,-20.24,-1.0,0.86,-0.16,107.5,-14.63,41.16,1
-0.43,0.12,0.22,70.7,-270.82,-8.84,-0.63,0.23,0.05,223.84,-28.26,195.79,1
0.05,0.26,0.67,92.2,-295.18,22.93,-0.43,0.59,-0.35,300.21,43.6,160.46,1
0.28,0.48,0.37,10.61,-251.22,80.4,-0.24,0.41,-0.44,142.96,84.09,152.65,1
0.42,1.1,1.17,-118.11,-160.4,5.95,-0.28,0.78,-0.7,32.53,38.45,130.52,1
0.64,0.44,1.76,-50.43,-83.02,-69.48,-0.17,1.38,-0.74,68.38,-96.98,73.05,1
0.58,0.09,2.05,86.16,4.82,-138.14,-0.28,1.57,-0.54,39.73,-125.3,33.6,1
0.17,0.19,1.55,171.04,86.8,-193.9,-0.52,1.14,-0.19,22.8,-160.64,-62.29,1
-0.12,0.17,1.02,171.92,121.04,-231.95,-0.54,0.69,-0.01,-27.96,-171.43,-109.15,1
-0.28,-0.02,0.36,163.29,137.56,-218.63,-0.54,0.27,-0.05,-36.37,-147.38,-157.96,1
-0.71,0.01,0.1,162.44,94.24,-194.33,-0.9,0.17,0.0,22.1,-121.52,-135.55,1
-0.82,0.02,0.46,40.03,76.1,-151.49,-0.89,0.54,0.16,23.57,-98.35,-83.17,1
-0.98,-0.07,0.31,81.8,61.28,-87.07,-0.86,0.43,0.24,15.18,-71.37,-99.76,1
-0.99,-0.08,0.17,118.51,6.43,-28.93,-0.82,0.27,0.36,115.61,-21.19,-50.3,1
-1.08,-0.05,0.11,116.43,-23.41,-0.82,-1.02,0.05,0.37,126.07,3.9,-22.74,1
-1.01,0.02,0.16,123.11,-12.47,13.78,-0.95,0.07,0.23,100.95,12.2,-13.75,1
-0.91,0.16,-0.01,83.63,-4.3,18.93,-0.89,0.02,0.09,76.49,19.88,-14.48,1
-0.96,0.34,-0.13,79.05,-15.27,10.03,-0.98,0.06,0.07,70.12,7.32,-4.48,1
-0.93,0.36,-0.15,39.54,-32.99,-5.27,-0.92,0.01,-0.02,42.65,-17.29,6.1,1
-0.97,0.35,-0.25,-15.37,-62.16,-30.06,-0.94,0.0,0.07,19.39,-42.87,26.86,1
-0.94,0.3,-0.07,-115.82,-151.46,-11.8,-1.01,0.31,0.08,118.87,-56.19,68.69,1
-0.89,0.16,0.54,-114.57,-203.41,-21.37,-1.05,0.7,0.16,136.43,-45.15,109.51,1
-0.55,0.29,1.14,-41.22,-159.21,-53.99,-0.91,0.63,0.05,76.43,-55.0,108.99,1
-0.01,-0.34,0.87,44.48,-64.51,10.09,-0.06,0.08,-0.5,40.43,-11.46,14.57,1
-0.34,0.35,0.86,65.21,101.22,86.07,-0.71,0.44,-0.02,-72.59,114.88,-64.66,1
-0.76,0.33,0.46,-45.12,174.45,41.37,-1.06,0.28,-0.02,-192.68,24.7,-131.04,1
-0.96,0.34,0.31,33.08,197.2,-16.49,-1.06,0.05,0.22,-157.56,19.24,-118.41,1
-1.13,0.26,-0.2,-43.6,159.97,-35.49,-1.15,0.07,0.18,-136.07,-13.66,-93.05,1
-0.92,0.25,-0.05,-42.77,102.9,-24.82,-0.89,0.33,0.1,-87.59,-26.13,-51.52,1
-1.19,0.34,-0.58,-18.17,-50.95,-19.45,-0.94,0.3,0.03,-5.06,-40.76,43.93,1
-0.66,0.24,0.12,-23.26,-231.71,11.86,-0.85,0.31,0.07,208.23,-54.36,150.4,1
-0.65,0.02,1.14,102.26,-190.46,22.59,-0.78,0.62,0.18,154.48,30.58,76.25,1
-0.74,0.59,0.44,-38.02,-106.86,37.9,-0.98,0.28,-0.12,8.17,9.36,65.7,1
-0.24,-0.08,0.42,-118.02,-54.63,45.76,-0.39,-0.06,-0.24,-0.58,11.37,52.93,1
-0.89,0.32,0.67,-32.35,17.13,53.54,-1.08,0.42,0.25,-11.16,46.07,-9.39,1
-0.94,-0.12,0.56,-62.2,35.27,47.77,-1.05,0.46,0.16,-126.25,6.01,12.59,1
-0.71,-0.12,0.57,-37.13,30.34,86.13,-0.75,0.39,0.13,-126.37,68.69,25.09,1
-0.66,-0.11,0.48,-96.31,18.51,141.34,-0.71,0.45,0.2,-99.48,126.46,42.9,1
-0.72,0.23,0.89,-79.63,-27.13,180.85,-0.97,0.86,0.08,-23.2,139.24,68.87,1
-0.66,0.35,1.17,-105.3,-38.29,183.81,-1.04,0.87,0.06,-45.82,133.78,47.29,1
-0.36,0.03,1.61,-165.0,55.12,179.6,-0.81,0.66,0.09,-69.39,128.87,-61.49,1
-0.41,0.51,1.14,-91.43,203.81,140.64,-0.96,0.63,0.11,-171.01,108.35,-162.96,1
-0.6,0.3,0.58,126.98,294.39,48.48,-1.0,0.08,0.18,-225.21,31.01,-170.21,1
-0.3,0.81,0.69,13.29,353.81,-105.12,-0.79,0.72,0.31,-316.1,-5.64,-209.88,1
-0.38,0.28,0.49,-110.76,336.25,-81.22,-0.64,0.71,0.24,-345.95,57.2,-186.1,1
-0.77,0.5,-0.34,-75.03,227.26,-24.3,-0.92,0.34,-0.03,-210.91,77.1,-128.72,1
-0.79,0.5,-0.66,-91.25,96.8,2.16,-0.86,-0.04,-0.13,-90.24,52.87,-44.57,1
-0.68,0.42,-0.56,-64.42,16.55,-7.87,-0.77,-0.06,-0.25,-60.76,-6.37,2.16,1
-0.75,0.33,-0.47,-69.7,-15.61,-30.58,-0.79,-0.19,-0.09,-65.67,-39.09,18.51,1
-0.93,0.34,-0.5,-107.47,-61.13,-33.75,-1.0,-0.02,-0.08,-46.62,-55.12,47.29,1
-1.04,0.44,-0.47,-95.79,-122.77,-36.31,-1.11,0.05,-0.09,-12.16,-79.18,88.66,1
-0.9,0.28,-0.06,-142.26,-214.18,-17.5,-0.99,0.33,0.07,126.28,-79.63,123.81,1
-0.64,0.09,0.68,-119.27,-248.41,-35.98,-0.96,0.5,0.13,157.1,-94.48,161.55,1
-0.68,0.33,0.46,-3.26,-236.92,-69.36,-1.1,0.75,0.14,169.88,-20.82,151.95,1
0.04,-0.14,0.94,79.82,-139.27,2.16,-0.15,-0.2,-0.42,182.96,7.93,62.59,1
-0.38,0.96,1.24,59.66,43.08,43.57,-0.87,0.84,-0.21,4.94,97.29,-20.79,1
-0.84,0.36,0.73,-135.0,81.62,10.43,-1.13,0.74,-0.2,-101.98,-73.54,-73.57,1
-0.6,0.29,0.44,81.74,163.14,-42.68,-0.66,-0.12,0.02,-196.43,-47.71,-83.14,1
-0.95,0.29,-0.2,-44.79,159.76,-105.55,-1.05,0.17,0.24,-137.41,-65.52,-135.37,1
-0.85,-0.09,0.21,-90.24,102.47,-70.27,-0.8,0.37,0.25,-122.84,-72.68,-25.15,1
-1.24,-0.17,-0.5,-12.44,-59.73,-10.58,-0.98,0.2,0.3,42.47,-32.01,20.27,1
-0.54,-0.05,0.45,94.51,-252.53,27.01,-0.67,0.44,0.15,324.3,1.22,125.67,1
-0.62,0.42,1.04,116.37,-246.77,21.16,-1.06,0.91,0.12,321.74,41.98,95.61,1
0.38,0.19,0.69,54.7,-165.12,60.67,0.24,0.16,-0.49,147.01,79.36,81.65,1
-0.3,1.62,1.35,56.25,-65.21,-6.68,-0.91,1.01,-0.16,168.48,46.4,28.93,1
-0.12,-0.06,1.37,-72.99,-30.4,-89.39,-0.49,1.17,-0.18,104.33,-171.52,26.1,1
-0.32,-0.12,1.35,220.15,32.65,-143.87,-0.6,1.0,0.02,104.88,-68.6,-28.38,1
-0.54,0.07,1.02,269.27,24.45,-153.17,-0.79,0.91,-0.01,79.73,-120.03,-41.74,1
-0.54,0.18,0.92,257.96,-2.29,-144.42,-0.72,0.75,0.02,155.49,-80.46,-54.18,1
-0.65,0.28,0.8,158.11,15.4,-122.38,-0.83,0.46,0.11,123.23,-80.03,-73.51,1
-0.74,-0.04,0.5,99.02,40.91,-98.75,-0.83,0.28,0.13,81.22,-65.7,-88.2,1
-0.8,-0.12,0.05,128.35,67.47,-78.57,-0.78,-0.2,0.09,53.93,-38.41,-94.97,1
-0.93,0.3,-0.27,177.2,72.65,-82.13,-0.87,-0.21,-0.06,75.82,-31.28,-88.78,1
-0.84,0.32,0.22,90.06,95.88,-63.72,-1.04,0.01,-0.14,38.69,-41.49,-72.32,1
-0.83,-0.06,-0.08,84.3,102.32,-39.51,-0.86,-0.1,-0.05,-62.96,-22.23,-87.01,1
-1.08,0.08,-0.66,27.2,22.38,13.11,-1.02,-0.11,-0.0,6.28,17.2,-3.17,1
-1.13,0.28,-0.56,51.37,-52.65,21.55,-1.13,-0.27,0.03,74.12,-10.18,38.51,1
-1.05,0.21,-0.31,58.05,-75.0,14.12,-1.05,-0.26,0.05,66.19,-18.63,51.59,1
-0.96,0.32,-0.24,5.18,-68.87,-0.85,-0.97,-0.21,0.01,46.22,-19.6,38.81,1
-1.1,0.37,-0.35,-56.22,-111.37,-9.15,-1.11,0.07,0.07,64.39,-25.0,57.07,1
-1.14,0.36,-0.44,-190.82,-239.12,11.46,-1.09,0.32,0.15,159.36,-55.85,140.12,1
-0.29,0.05,0.53,42.56,-355.91,-57.96,-0.72,0.5,-0.07,374.82,-26.43,209.48,1
-0.42,0.69,1.67,193.05,-131.52,24.88,-0.7,0.5,-0.31,103.72,5.85,54.48,1
0.11,0.09,0.78,-35.73,5.52,-15.85,0.16,-0.12,-0.57,-157.62,54.76,61.28,1
-0.97,0.51,0.7,74.66,39.18,-40.64,-1.36,0.89,-0.14,16.62,-40.64,-47.53,1
-0.63,0.39,0.83,245.49,62.84,-90.24,-0.72,0.62,0.02,-67.84,-64.91,-21.77,1
-0.57,0.58,0.54,-27.16,55.82,-31.95,-0.76,0.6,-0.38,-93.32,-19.97,-51.25,1
-0.72,0.04,0.42,-22.01,63.08,-15.46,-0.82,0.1,-0.01,-88.57,-7.1,-6.16,1
-0.8,0.6,0.35,-168.41,102.74,-15.76,-0.8,0.62,0.18,-146.19,26.43,-42.23,1
-1.16,0.12,-0.05,-150.64,29.85,-10.43,-1.03,0.21,0.1,-135.95,-35.76,5.67,1
-1.04,0.13,0.68,-28.14,-176.65,65.15,-1.08,1.07,-0.16,248.45,72.8,69.97,1
-0.4,0.14,0.88,206.43,-165.4,109.39,-0.68,-0.02,-0.01,193.14,66.59,107.62,1
-0.11,0.33,0.56,-174.54,-14.48,92.8,-0.3,0.44,-0.64,-90.0,115.09,25.82,1
-0.96,0.57,0.72,-125.85,34.7,82.96,-1.27,0.43,0.05,-102.59,52.71,-26.46,1
-0.89,-0.35,1.01,-77.59,37.47,89.27,-0.93,0.53,0.38,-80.82,48.93,-28.9,1
-0.47,-0.08,1.08,-9.57,96.07,120.12,-0.8,0.9,-0.07,-163.35,110.21,-57.23,1
-0.33,0.15,0.82,-61.86,100.49,170.79,-0.71,0.66,-0.2,-145.0,142.1,-70.18,1
-0.48,0.44,1.01,-68.57,91.19,153.72,-0.91,0.74,-0.09,-66.19,130.46,-83.41,1
-0.4,0.91,1.13,-40.3,166.13,123.48,-0.86,0.57,-0.09,-165.73,110.82,-115.49,1
-0.26,0.59,0.85,-181.71,234.7,70.58,-0.77,0.54,-0.19,-255.21,28.23,-176.46,1
-0.23,0.21,0.33,-132.56,287.87,59.91,-0.62,0.23,-0.02,-292.5,41.92,-204.21,1
-0.56,0.52,-0.5,44.36,260.12,13.41,-0.63,-0.11,-0.09,-275.24,31.98,-142.2,1
-0.72,0.18,0.73,212.77,212.2,-121.92,-1.0,0.21,0.01,-116.62,-15.03,-100.55,1
-1.0,0.57,-0.59,-252.77,147.93,-53.29,-1.28,0.44,-0.37,-243.35,-5.49,-106.34,1
-0.97,0.64,-0.36,-46.52,33.14,-39.33,-1.07,0.45,-0.35,-83.11,-50.15,-5.85,1
-0.86,0.35,-0.14,-24.48,-9.85,-15.27,-0.83,0.06,-0.21,-14.91,-17.77,7.74,1
-0.93,0.36,-0.25,-37.13,-15.46,-1.16,-1.01,-0.03,-0.14,-14.91,-11.98,17.1,1
-0.97,0.35,-0.3,-38.17,-25.98,-12.01,-0.98,-0.05,-0.13,-21.1,-31.1,19.39,1
-1.14,0.33,-0.33,-76.34,-60.37,-11.16,-1.14,0.05,-0.06,-4.15,-32.35,34.97,1
-1.36,0.38,-0.64,-213.48,-206.89,55.55,-1.44,0.29,0.04,167.16,-14.39,131.83,1
-0.46,0.29,0.66,11.37,-308.32,-3.32,-0.84,0.29,-0.06,384.97,6.07,159.54,1
-0.38,0.55,1.03,23.14,-129.39,-7.29,-0.75,0.28,-0.34,80.82,1.01,74.15,1
-0.01,-0.2,0.34,-194.94,-22.93,17.53,-0.08,-0.21,-0.65,-93.81,-9.54,33.87,1
-0.75,1.14,0.84,10.61,84.73,10.03,-1.23,0.47,-0.19,-72.1,6.07,-64.54,1
-0.85,-0.13,-0.12,136.19,92.1,-11.49,-0.72,0.14,0.06,-104.15,-25.64,-70.73,1
-0.9,0.89,0.45,228.51,66.92,-110.64,-1.14,0.07,-0.05,-37.96,-90.64,-23.84,1
-0.7,0.08,0.73,-135.7,118.72,-52.5,-0.78,0.59,-0.03,-147.23,-56.92,-41.16,1
-1.34,0.25,-0.48,-119.36,58.05,-1.13,-1.23,0.11,0.2,-128.45,26.1,-16.98,1
-0.99,0.18,-0.2,-83.81,-112.41,19.85,-0.95,0.17,-0.03,92.41,-28.05,69.85,1
-0.87,0.23,0.47,-29.79,-206.22,3.35,-1.05,0.58,0.01,222.35,28.45,93.63,1
-0.45,0.44,0.48,150.82,-219.76,-11.37,-0.82,0.31,-0.16,263.75,21.1,132.32,1
-0.06,0.83,0.57,-109.45,-116.04,45.46,-0.26,0.29,-0.62,113.26,19.18,50.4,1
-0.39,0.61,1.05,-54.94,-51.49,-19.51,-0.89,0.62,-0.38,24.76,26.19,37.62,1
-0.44,0.22,1.12,35.12,-24.7,-49.33,-0.78,0.92,-0.3,126.25,-97.87,-2.68,1
-0.46,0.35,1.23,190.46,23.81,-87.16,-0.79,0.82,-0.19,26.01,-50.85,-12.5,1
-0.53,0.45,0.85,136.22,21.59,-108.14,-0.85,0.72,-0.22,47.77,-92.13,-34.05,1
-0.58,0.16,0.76,116.25,6.1,-108.6,-0.76,0.68,-0.06,103.05,-86.19,-45.06,1
-0.67,0.14,0.66,135.03,19.57,-93.6,-0.8,0.36,-0.0,72.01,-67.62,-50.7,1
-0.75,0.15,0.44,116.1,29.42,-72.96,-0.81,0.26,0.04,67.26,-51.31,-54.94,1
-0.87,0.1,-0.0,105.0,42.62,-75.49,-0.85,0.06,0.06,49.97,-50.24,-65.27,1
-1.07,0.36,0.22,182.38,26.01,-93.69,-1.16,-0.17,0.21,131.95,-58.99,-5.52,1
-0.75,-0.08,0.34,98.72,48.72,-52.59,-0.76,0.65,-0.13,-12.07,-60.15,-61.01,1
-1.16,0.11,-0.16,59.51,-27.41,2.16,-1.11,0.09,0.21,90.37,9.73,9.05,1
-1.01,0.2,0.06,72.9,-61.98,-0.27,-0.98,-0.02,0.14,105.06,-14.63,13.14,1
-0.9,0.24,0.11,85.15,-53.69,-6.71,-0.88,0.11,0.09,95.27,-7.16,21.55,1
-0.93,0.32,-0.01,67.74,-41.95,-21.4,-0.9,-0.01,0.05,49.15,-27.23,18.02,1
-0.95,0.3,0.0,12.77,-58.48,-26.55,-0.94,0.17,0.05,41.19,-40.73,26.31,1
-0.94,0.27,0.16,-13.38,-112.56,-20.43,-0.99,0.3,0.07,77.74,-51.68,62.16,1
-0.81,0.3,0.59,-87.56,-171.74,-2.44,-0.92,0.62,0.14,126.43,-15.06,99.05,1
-0.53,0.25,0.98,-6.98,-154.27,-29.73,-0.81,0.55,-0.01,151.46,-16.89,81.01,1
-0.56,0.06,0.56,32.59,-83.29,14.79,-0.8,0.43,-0.1,87.62,-12.62,6.16,1
-0.27,0.3,0.82,-12.8,28.02,21.49,-0.42,0.41,-0.2,-83.2,52.93,5.18,1
-0.85,0.53,0.64,-81.07,62.65,2.96,-1.15,0.67,-0.08,-17.07,-25.76,-80.18,1
-0.95,-0.32,0.3,114.21,64.76,-31.59,-0.83,0.21,0.3,-78.6,-49.79,-16.52,1
-0.68,0.58,0.72,51.4,91.04,-60.21,-0.83,0.53,0.08,-68.72,-23.26,-66.04,1
-0.8,0.02,0.49,-108.75,109.66,-16.19,-0.86,0.43,0.15,-140.73,-13.81,-31.98,1
-1.01,0.17,-0.12,-49.66,44.12,-12.47,-1.0,0.25,0.17,-65.37,-13.17,-20.21,1
-0.9,0.07,-0.18,8.57,-65.88,-3.57,-0.76,0.3,0.03,52.59,-22.07,42.62,1
-0.6,0.15,0.2,43.66,-150.37,16.28,-0.66,0.16,0.05,144.27,4.73,94.6,1
-0.57,-0.04,0.83,38.26,-146.13,41.46,-0.69,0.61,-0.03,177.13,42.41,68.69,1
-0.95,0.43,1.05,-20.58,-75.76,52.07,-1.17,0.87,0.11,-19.12,46.86,56.28,1
-0.64,-0.13,0.54,-164.3,-54.09,52.04,-0.58,0.16,-0.0,-47.04,38.54,58.23,1
-0.69,0.19,1.09,-18.69,12.47,82.2,-1.05,0.68,0.26,22.23,96.4,-15.73,1
-0.78,-0.09,1.13,-1.92,54.97,91.59,-1.01,0.85,0.12,-111.98,44.97,-23.54,1
-0.54,0.19,1.16,-12.74,113.38,92.23,-0.8,0.72,0.08,-150.12,95.37,-66.86,1
-0.33,0.5,1.0,-176.65,160.55,110.82,-0.73,0.56,-0.18,-257.68,82.47,-91.55,1
-0.25,0.73,0.61,-314.33,232.32,150.15,-0.61,0.26,-0.11,-310.37,94.27,-152.44,1
-0.68,-0.22,-0.2,-306.89,219.54,178.45,-0.75,-0.16,0.22,-349.91,51.22,-139.33,1
-1.17,0.4,-0.08,-1.59,184.12,111.01,-1.21,-0.24,0.5,-184.36,91.13,-76.34,1
-1.09,0.27,0.14,13.99,164.97,47.35,-1.11,0.0,0.23,-144.12,12.99,-58.99,1
-0.77,0.23,0.22,7.8,152.62,25.06,-0.83,0.39,0.07,-181.95,23.96,-57.23,1
-1.14,0.5,-0.39,-81.19,78.63,3.66,-1.14,0.01,0.08,-144.94,28.99,-17.38,1
-0.95,0.48,-0.11,-121.04,4.18,-19.15,-0.94,0.15,0.03,-95.18,-23.78,24.51,1
-0.88,0.42,-0.04,-77.26,-25.88,-30.4,-0.96,0.2,-0.07,-51.19,-25.24,26.16,1
-0.82,0.41,0.08,-40.09,-38.14,-31.43,-0.9,0.17,-0.11,-24.66,-32.07,33.78,1
-0.82,0.35,0.09,-48.45,-54.15,-31.25,-0.91,0.2,-0.07,-12.2,-43.14,40.64,1
-0.82,0.39,-0.05,-51.31,-56.92,-36.52,-0.83,0.09,-0.06,-34.15,-56.49,49.76,1
-0.84,0.23,0.14,-41.01,-66.4,-35.79,-0.8,0.25,-0.0,4.39,-36.92,45.06,1
-0.94,0.13,0.15,-95.0,-103.87,-9.33,-0.99,0.18,0.11,41.74,-66.62,80.09,1
-0.83,0.13,0.74,-90.0,-164.39,17.96,-0.95,0.51,0.1,160.73,-1.1,73.9,1
-1.11,-0.01,0.24,34.54,-183.14,9.91,-1.34,0.98,0.12,129.85,60.95,95.55,1
-0.18,-0.55,0.67,12.99,-120.73,47.32,-0.16,-0.5,-0.08,123.26,60.67,71.86,1
-0.62,1.45,1.19,50.73,30.12,33.11,-1.26,0.79,-0.13,34.39,93.23,-29.63,1
-0.82,0.24,0.69,-98.02,66.4,-11.95,-1.04,0.63,-0.19,-114.15,-103.9,-35.06,1
-0.73,-0.1,0.61,61.98,91.22,-18.48,-0.75,0.2,0.01,-115.64,-32.53,-39.73,1
-0.76,0.52,0.26,97.26,115.18,-34.63,-0.81,0.32,-0.1,-50.12,-6.34,-88.96,1
-0.79,0.28,0.39,-73.63,135.58,-23.02,-0.84,0.24,0.05,-152.29,-18.84,-40.85,1
-0.85,0.21,-0.02,-89.66,108.26,-7.13,-0.87,0.15,0.04,-173.75,-15.79,-49.63,1
-1.19,0.25,-0.52,-130.67,-56.65,-8.99,-1.17,0.19,0.11,67.68,-39.51,22.23,1
-0.76,0.2,0.29,-23.75,-187.93,-40.52,-0.89,0.36,0.14,180.79,-24.82,99.12,1
-0.68,-0.02,0.54,91.31,-198.51,-31.46,-0.83,0.61,0.01,187.38,14.94,94.12,1
-0.13,-0.04,0.69,114.3,-148.66,5.3,-0.39,0.18,-0.34,155.34,34.7,55.91,1
-0.23,0.83,1.06,-0.91,-60.58,-13.23,-0.76,0.75,-0.46,96.77,33.69,28.57,1
-0.57,0.62,1.3,3.99,-23.75,-47.23,-1.08,0.98,-0.11,123.63,-73.99,8.99,1
-0.39,-0.35,1.5,106.83,20.52,-80.06,-0.74,1.11,-0.01,69.91,-72.65,-22.41,1
-0.6,-0.14,0.97,270.76,40.79,-90.3,-0.76,0.88,0.01,62.32,-38.9,-53.26,1
-0.68,0.41,0.82,183.51,26.31,-81.55,-0.87,0.61,-0.07,109.05,-47.47,-65.12,1
-0.64,0.04,0.5,119.79,29.57,-66.16,-0.71,0.37,0.02,105.06,-41.74,-67.8,1
-0.89,0.26,0.24,126.98,10.21,-80.37,-0.98,0.24,0.05,136.43,-43.93,-55.4,1
-0.76,0.06,0.17,115.76,-10.79,-82.47,-0.74,-0.0,0.05,101.28,-71.07,-27.59,1
-0.66,0.14,0.05,140.7,-5.88,-67.1,-0.67,0.05,-0.06,92.04,-40.06,-30.46,1
-0.79,0.17,-0.01,182.53,12.8,-68.57,-0.78,-0.1,-0.01,63.35,-39.33,-17.26,1
-0.84,0.43,0.66,95.46,47.9,-61.52,-0.98,0.25,0.1,78.96,-43.93,-32.41,1
-0.97,-0.11,0.24,124.39,70.4,-32.84,-0.96,0.25,0.09,2.41,-29.7,-74.88,1
-1.22,0.14,-0.31,45.58,7.87,13.38,-1.18,-0.01,0.17,25.76,10.61,0.06,1
-1.2,0.31,-0.32,74.05,-45.24,-1.16,-1.17,-0.12,0.1,95.67,-17.1,10.88,1
-1.01,0.23,-0.21,56.49,-75.52,-8.81,-0.99,-0.09,0.02,67.07,-29.57,43.17,1
-0.97,0.22,-0.17,-37.87,-113.75,2.68,-0.94,0.01,0.08,92.87,-19.09,52.8,1
-0.97,0.23,0.15,-153.38,-175.61,14.15,-0.99,0.34,0.1,139.91,-2.77,76.19,1
-0.82,0.45,0.33,-183.63,-228.6,-34.94,-1.09,0.52,0.04,171.13,-18.05,147.62,1
-0.45,-0.18,0.99,97.16,-166.22,-46.62,-0.77,0.0,-0.13,136.43,-33.26,120.55,1
-0.0,0.02,1.11,62.35,-6.86,33.14,-0.25,0.55,-0.54,-4.05,82.04,-16.83,1
-0.72,0.97,1.08,-52.04,96.4,5.0,-1.28,0.74,-0.23,-106.49,-7.93,-77.26,1
-0.76,-0.17,0.51,-101.22,139.36,0.76,-0.72,0.19,0.23,-186.62,-80.73,-84.76,1
-0.67,0.01,0.37,108.08,179.18,-24.85,-0.84,0.1,0.08,-178.29,-8.35,-93.41,1
-0.98,0.16,-0.06,-63.6,135.46,-6.1,-0.92,0.14,0.17,-140.3,7.16,-52.8,1
-0.79,0.3,0.06,-56.43,117.77,1.43,-0.78,0.09,0.13,-107.68,-27.04,-51.52,1
-0.99,0.21,-0.33,14.33,5.18,-11.34,-0.86,0.13,0.05,-27.07,-26.71,2.62,1
-0.97,0.19,-0.19,-67.07,-151.8,7.47,-0.94,0.2,0.15,119.51,-26.8,94.66,1
-1.0,0.03,0.62,1.49,-205.18,-9.66,-1.05,0.63,0.3,177.26,26.01,93.96,1
-0.72,0.23,0.86,64.12,-171.86,0.73,-0.96,0.5,0.14,93.51,20.34,111.89,1
-0.28,0.15,0.75,-43.99,-75.18,26.68,-0.48,-0.0,-0.29,43.02,23.2,64.85,1
-0.82,0.49,0.87,-44.09,44.51,51.07,-1.09,0.47,0.32,-13.32,61.22,-34.09,1
-1.07,-0.28,0.62,-88.17,53.14,54.54,-1.17,0.51,0.22,-150.24,3.51,-8.17,1
-0.78,-0.34,0.65,16.43,55.76,72.47,-0.79,0.41,0.17,-103.38,66.98,-19.27,1
-0.83,-0.01,0.62,-54.27,51.16,121.59,-0.96,0.35,0.18,-115.27,117.35,-7.62,1
-0.74,0.12,0.68,-101.86,57.74,137.68,-0.89,0.4,0.23,-109.21,124.79,-25.34,1
-0.65,0.36,0.94,-162.1,91.49,144.76,-0.92,0.49,0.13,-178.14,105.09,-39.57,1
-0.59,0.25,0.91,-245.21,127.2,142.53,-0.87,0.57,0.01,-229.63,93.02,-82.32,1
-0.54,0.22,0.6,-223.35,158.45,141.07,-0.84,0.5,-0.02,-243.87,63.48,-117.62,1
-0.83,0.05,-0.19,15.76,154.7,101.55,-0.8,-0.18,0.25,-228.38,60.98,-51.01,1
-0.3,0.86,1.43,51.86,233.02,-21.4,-0.91,0.49,0.28,-130.52,-10.58,-74.54,1
-0.69,0.24,0.13,-126.28,189.36,22.16,-0.75,0.54,-0.11,-318.93,55.7,-61.22,1
-1.04,0.75,-0.43,-117.59,68.2,1.37,-1.26,0.21,-0.1,-129.94,18.26,-18.35,1
-0.85,0.41,0.01,-53.17,1.77,-10.55,-0.85,0.3,-0.12,-45.64,-14.36,12.04,1
-0.82,0.37,0.15,-21.22,-14.12,-4.63,-0.91,0.12,-0.05,-20.91,-16.43,15.21,1
-0.98,0.42,0.18,3.6,4.36,-4.63,-1.06,0.19,-0.05,-30.82,6.04,4.02,1
-0.92,0.43,0.07,-8.48,17.04,-7.41,-0.97,0.17,-0.06,-34.42,4.15,-9.39,1
-0.93,0.49,-0.21,-51.22,-1.68,-17.38,-0.97,0.11,-0.08,-64.09,-26.8,13.29,1
-1.04,0.44,-0.22,-79.21,-88.96,-29.91,-1.0,0.22,0.02,48.08,-51.34,26.52,1
-1.03,0.24,0.54,-125.3,-213.9,-30.79,-1.26,0.61,0.11,212.16,-32.59,97.65,1
-0.61,-0.15,0.41,-27.26,-190.37,-63.51,-0.95,0.24,-0.09,110.43,-35.27,124.24,1
-0.13,0.33,0.68,76.25,32.53,-9.48,-0.25,0.15,-0.76,26.59,-0.3,-38.02,1
-0.96,0.49,0.0,-52.65,53.57,74.18,-0.97,0.16,-0.01,-88.02,53.17,-41.22,1
-1.33,0.12,0.14,277.1,24.18,-32.5,-1.15,-0.26,0.52,32.8,-6.1,-0.06,1
-0.48,0.59,0.98,-60.58,126.62,-78.66,-0.86,1.22,-0.38,-91.34,-117.13,-80.73,1
-1.09,-0.04,-0.04,-98.2,69.76,2.01,-0.96,-0.02,0.16,-174.88,2.26,-13.93,1
-1.05,0.39,-0.26,-44.02,-12.8,-22.93,-1.14,-0.11,0.08,-9.79,-9.63,0.3,1
-1.06,0.19,-0.22,-25.15,-71.83,-32.04,-0.93,0.19,0.18,81.8,-56.04,27.13,1
-0.71,0.01,0.84,-28.51,-150.09,-22.96,-0.64,0.51,0.14,172.16,-26.83,44.7,1
-0.85,0.05,0.24,38.57,-167.29,-38.66,-1.02,0.27,0.12,188.02,17.23,63.57,1
-0.24,0.12,0.67,-15.58,-12.99,14.42,-0.4,0.21,-0.66,-24.12,-4.21,44.73,1
-0.85,0.56,0.82,-79.91,6.55,21.68,-1.08,0.67,0.19,73.51,22.26,-42.87,1
-0.75,-0.43,0.59,137.41,7.65,16.92,-0.78,0.6,0.03,-70.76,-14.05,6.04,1
-0.73,1.45,0.81,431.52,44.57,-76.62,-1.09,0.61,-0.3,191.22,-16.92,-64.05,1
-0.58,0.41,1.08,109.33,136.43,-45.27,-0.72,0.96,-0.08,-7.84,-0.82,-90.37,1
-0.83,0.06,0.26,111.49,83.99,-12.47,-0.79,0.4,0.07,-3.9,-3.99,-79.12,1
-1.02,0.26,-0.17,190.61,-26.37,-30.95,-1.01,0.21,0.13,213.75,-4.76,-47.32,1
-0.86,0.14,-0.07,190.64,-87.68,-19.94,-0.76,0.1,0.14,211.62,-26.92,6.74,1
-0.85,0.23,0.0,210.49,-108.26,-17.47,-0.9,0.01,0.05,236.74,-25.91,21.19,1
-0.91,0.32,0.15,198.75,-106.55,-26.01,-0.96,0.06,0.05,200.64,-39.7,35.21,1
-0.96,0.29,0.28,142.9,-87.23,-25.85,-0.99,0.11,0.14,150.55,-33.02,30.82,1
-0.98,0.23,0.35,95.12,-51.59,-27.35,-0.99,0.17,0.12,109.51,-29.21,4.51,1
-0.96,0.23,0.33,85.64,-23.81,-28.17,-0.99,0.21,0.1,79.15,-18.84,-9.76,1
-0.97,0.29,0.14,69.18,-0.67,-24.18,-0.97,0.02,-0.0,43.32,-11.65,-20.58,1
-0.92,0.31,-0.0,69.12,3.93,-38.54,-0.92,0.01,-0.04,31.46,-32.59,-24.91,1
-1.04,0.33,-0.28,-6.83,-6.65,-49.21,-1.03,-0.14,0.05,-0.18,-40.37,-12.56,1
-0.93,0.25,-0.4,-50.73,-51.22,-68.48,-0.94,-0.1,0.04,-8.69,-86.4,10.73,1
-0.78,0.12,-0.27,-106.71,-121.49,-66.52,-0.78,-0.05,0.01,46.65,-119.94,57.56,1
-0.7,-0.07,0.04,-161.55,-208.35,-54.51,-0.8,0.28,0.23,169.54,-74.39,116.25,1
-0.51,-0.15,0.76,-12.1,-217.56,-77.07,-0.89,0.66,0.16,150.67,-47.77,150.46,1
-0.2,-0.5,1.01,175.43,-92.32,20.3,-0.15,0.29,-0.03,116.55,37.74,41.83,1
-0.77,0.72,1.88,37.74,41.83,54.73,-1.31,1.22,0.17,36.55,83.26,-35.95,1
-0.7,-0.08,1.38,-19.79,125.27,49.57,-0.93,0.99,0.16,-138.29,2.29,-91.83,1
-0.58,0.23,0.67,30.79,175.12,51.86,-0.85,0.25,0.0,-145.88,95.09,-119.7,1
-0.56,0.19,0.02,-23.6,198.51,44.85,-0.67,0.07,-0.03,-117.68,70.15,-151.04,1
-0.78,0.14,-0.12,-25.09,162.47,17.44,-0.93,-0.29,0.1,-75.88,28.08,-114.94,1
-0.89,0.53,-0.7,-73.26,115.67,-16.46,-0.94,-0.12,-0.13,-176.13,1.55,-41.8,1
-0.58,0.36,-0.51,-3.78,51.59,-33.9,-0.34,-0.14,-0.15,-72.16,-50.21,-15.76,1
-0.77,0.36,-0.65,-73.96,-80.52,-41.37,-0.9,-0.15,-0.15,-8.69,-78.29,61.59,1
-0.84,0.1,-0.29,-58.78,-215.61,-33.9,-0.93,0.31,0.11,144.3,-78.26,128.93,1
-0.65,-0.03,0.56,6.43,-272.13,-32.07,-0.9,0.55,0.2,162.07,-47.99,198.45,1
-0.82,0.32,1.05,125.95,-172.62,1.89,-1.2,0.61,0.02,165.27,-38.78,78.35,1
-0.13,-0.42,1.24,36.98,-79.18,46.52,-0.33,0.34,-0.06,57.44,31.65,71.22,1
-0.92,0.33,1.51,-22.23,65.4,43.84,-1.23,1.01,0.35,-22.41,66.28,-58.54,1
-0.98,-0.14,0.86,-166.16,94.94,69.88,-1.03,0.62,0.34,-198.51,21.98,-39.79,1
-0.79,-0.18,0.58,-125.67,110.0,112.13,-0.84,0.17,0.33,-144.33,100.27,-64.42,1
-0.62,-0.01,0.46,-151.55,127.23,138.2,-0.78,0.29,0.14,-213.99,109.66,-69.88,1
-0.64,0.02,0.41,-154.3,155.18,148.08,-0.84,0.05,0.21,-234.27,95.88,-78.72,1
-0.9,0.35,0.25,-108.51,193.41,99.24,-1.02,0.03,0.41,-263.14,77.41,-62.87,1
-0.68,0.58,0.62,17.2,235.98,-1.77,-0.94,0.41,0.24,-223.54,23.14,-88.78,1
-0.76,0.26,0.17,-125.46,200.3,5.27,-0.8,0.27,0.13,-266.62,53.17,-75.18,1
-1.1,0.55,-0.56,-170.7,108.45,11.55,-1.21,-0.06,-0.01,-163.78,36.55,-42.53,1
-0.9,0.25,-0.29,-89.79,36.68,-17.32,-0.87,-0.0,-0.01,-83.05,-13.66,-14.94,1
-0.86,0.2,-0.18,-114.82,7.56,-12.77,-0.88,-0.07,0.05,-97.29,-13.11,18.45,1
-0.91,0.24,-0.17,-84.85,-2.47,-13.81,-0.95,-0.05,-0.04,-76.8,-14.48,17.56,1
-0.94,0.28,-0.13,-62.41,-19.45,-9.51,-0.96,0.07,-0.04,-51.62,-15.64,27.16,1
-0.97,0.41,-0.15,-62.65,-53.99,-15.43,-1.0,0.07,-0.0,-34.76,-28.2,49.54,1
-0.89,0.34,-0.1,-107.65,-117.62,-19.21,-0.92,0.15,-0.01,39.73,-50.95,70.21,1
-0.86,0.25,0.27,-153.66,-195.58,-16.4,-1.02,0.47,-0.05,94.39,-28.11,115.4,1
-0.76,0.45,0.54,-5.67,-206.59,-49.18,-1.01,0.65,-0.0,125.24,-34.88,134.02,1
-0.37,-0.33,0.73,62.93,-157.65,-1.55,-0.54,0.07,-0.12,170.79,-18.63,70.3,1
-0.14,0.7,1.38,142.9,20.88,33.35,-0.55,0.7,-0.36,20.3,94.76,-17.53,1
-0.88,0.87,0.68,-142.44,93.41,-13.35,-1.31,0.76,-0.22,-86.49,-28.87,-96.77,1
-0.94,-0.53,0.23,30.24,101.37,-13.05,-0.75,-0.11,0.22,-133.45,-46.16,-48.93,1
-0.76,0.43,0.33,29.45,119.39,-36.07,-0.89,0.42,0.04,-78.45,-1.68,-75.67,1
-0.54,0.08,0.3,-102.29,134.6,9.48,-0.62,0.32,-0.01,-134.91,-9.12,-53.93,1
-1.06,0.27,-0.4,-31.43,41.55,3.84,-1.04,0.03,0.06,-85.3,-3.38,-16.55,1
-0.99,0.26,-0.35,-51.37,-127.38,13.48,-0.94,0.26,-0.0,99.76,10.91,69.02,1
-0.74,0.34,0.51,5.34,-211.13,-8.14,-0.89,0.48,0.06,206.95,28.93,113.41,1
-0.68,0.38,1.15,112.77,-156.31,-24.76,-1.02,0.54,0.02,94.36,-52.07,122.47,1
-0.19,0.05,0.78,31.01,-81.49,-40.52,-0.24,0.43,-0.33,43.96,2.74,61.22,1
-0.47,1.19,1.33,112.04,3.26,-30.7,-1.01,1.0,-0.29,84.66,-1.4,-18.51,1
-0.57,0.06,1.19,-43.84,10.0,-43.87,-0.77,1.08,0.09,87.41,-72.8,-36.16,1
-0.59,-0.39,1.08,186.01,67.84,-37.1,-0.71,0.62,0.24,36.19,-11.55,-75.43,1
-0.7,0.32,0.71,206.68,85.06,-35.95,-0.88,0.57,0.01,92.96,8.45,-109.12,1
-0.8,-0.0,0.22,143.32,61.65,-31.1,-0.8,0.41,0.11,87.84,-0.18,-86.86,1
-0.88,0.18,-0.0,240.43,35.88,-46.22,-0.86,-0.04,0.07,135.18,2.13,-56.98,1
-0.6,0.44,0.37,188.93,72.84,-61.07,-0.74,0.14,-0.11,108.93,-40.67,-73.66,1
-0.86,-0.01,-0.11,142.2,65.09,-26.95,-0.86,-0.04,0.01,90.58,-15.76,-91.04,1
-1.05,0.13,-0.52,138.99,10.12,-9.24,-1.01,-0.2,0.04,93.45,-1.52,-39.48,1
-1.01,0.25,-0.52,148.29,-55.52,-6.01,-0.94,-0.22,-0.05,134.54,-11.74,3.72,1
-0.89,0.28,-0.46,137.23,-101.25,-7.56,-0.89,-0.23,-0.03,152.93,-30.7,42.8,1
-1.0,0.36,-0.43,95.52,-147.29,-19.63,-1.07,-0.23,0.05,153.14,-57.59,68.6,1
-0.95,0.17,-0.08,-18.45,-203.54,-13.41,-0.95,-0.01,0.16,174.45,-55.55,97.35,1
-0.97,0.17,0.36,-56.89,-218.29,-24.09,-1.1,0.3,0.21,197.56,-8.08,118.96,1
-0.7,0.04,0.82,41.13,-182.84,-33.23,-0.99,0.19,0.09,104.21,-49.76,125.73,1
-0.56,-0.05,0.69,-24.7,-83.45,-2.59,-0.64,0.23,-0.21,152.65,14.12,32.35,1
-0.68,0.99,1.17,32.04,51.74,19.24,-1.18,0.4,0.01,4.24,59.42,-27.41,1
-0.93,0.18,0.55,-86.77,95.15,-4.73,-1.09,0.37,-0.01,-98.35,-68.05,-74.12,1
-0.83,-0.07,0.33,71.16,118.41,-24.3,-0.83,-0.01,0.07,-102.16,-20.37,-66.59,1
-0.83,0.35,0.09,-10.3,127.01,-26.55,-0.83,0.11,0.04,-102.84,-9.91,-69.42,1
-0.79,0.23,-0.11,-71.55,120.21,-16.4,-0.77,0.13,0.02,-140.18,-19.57,-48.69,1
-0.8,0.13,-0.18,7.44,47.29,-10.43,-0.86,0.04,-0.06,-49.36,-37.1,-13.08,1
-1.05,0.12,-0.36,-2.5,-66.34,-22.2,-1.08,0.12,0.08,6.22,-23.81,48.78,1
-0.9,-0.03,0.26,8.41,-169.66,11.86,-0.94,0.33,0.12,163.96,-1.89,92.84,1
-1.1,0.35,0.74,4.24,-164.36,34.36,-1.25,0.6,0.38,56.98,67.53,85.21,1
-0.67,0.11,0.31,-115.21,-78.29,-18.38,-0.78,0.03,-0.12,-27.68,-35.43,67.44,1
-0.33,-0.11,0.7,-27.01,-12.84,53.75,-0.51,0.23,-0.03,26.49,29.85,8.93,1
-1.02,-0.06,0.62,-77.74,22.68,43.32,-1.1,0.49,0.21,-87.1,34.36,-9.54,1
-0.98,-0.24,0.63,20.34,23.66,56.89,-1.01,0.39,0.29,-99.73,29.66,16.46,1
-0.85,0.06,0.65,-86.89,37.26,94.73,-0.92,0.27,0.19,-119.94,77.26,3.54,1
-0.85,-0.02,0.61,-154.57,55.15,114.82,-0.92,0.39,0.24,-136.07,85.3,-17.1,1
-0.78,-0.01,0.57,-173.23,65.06,132.01,-0.88,0.29,0.17,-161.46,79.88,-24.88,1
-0.79,0.09,0.54,-170.67,99.66,137.32,-0.94,0.14,0.23,-200.03,83.32,-43.35,1
-0.89,-0.03,0.44,-157.26,114.42,127.9,-0.97,0.19,0.31,-208.75,76.55,-41.86,1
-0.85,0.12,0.43,-91.8,123.63,113.48,-0.94,0.36,0.24,-220.27,81.89,-34.48,1
-0.78,0.41,0.73,186.4,153.9,17.29,-1.09,0.17,0.27,-145.4,54.51,-23.78,1
-0.71,0.5,0.54,2.23,179.24,-1.92,-0.64,0.81,0.09,-197.29,64.3,-82.35,1
-0.8,0.69,-0.09,-161.55,118.66,17.87,-0.95,0.16,-0.1,-179.42,48.38,-49.6,1
-0.83,0.58,-0.15,-85.09,70.82,-13.48,-0.92,0.29,-0.21,-114.48,11.74,-35.34,1
-0.83,0.61,-0.28,-81.04,30.55,-29.6,-0.85,0.12,-0.12,-92.68,-8.45,-11.65,1
-0.85,0.49,-0.28,-105.58,-20.24,-46.13,-0.81,0.18,-0.14,-73.51,-49.76,9.24,1
-0.87,0.38,-0.22,-144.24,-74.66,-53.41,-0.86,0.07,-0.06,-28.14,-89.33,39.63,1
-0.77,0.25,0.0,-253.14,-159.24,-52.93,-0.86,0.24,-0.01,0.18,-87.16,89.05,1
-0.78,0.25,0.63,-93.81,-212.71,-88.51,-1.06,0.72,-0.06,170.27,-72.44,121.37,1
-0.42,-0.35,0.95,65.98,-134.97,-22.99,-0.66,-0.09,-0.12,111.25,-57.93,57.53,1
-0.01,0.18,1.24,78.17,59.76,50.0,-0.37,0.87,-0.27,-55.12,88.23,-44.54,1
-1.05,0.4,0.65,-86.49,83.14,36.13,-1.34,0.46,-0.08,-94.05,18.41,-86.31,1
-0.97,0.15,0.49,139.73,133.48,-23.63,-0.85,-0.13,0.36,-56.52,-4.09,-68.66,1
-0.66,0.09,0.41,-112.74,171.43,9.73,-0.86,0.39,-0.14,-157.47,-14.09,-66.13,1
-0.97,0.15,-0.39,16.86,98.48,10.79,-0.93,0.01,0.04,-125.15,11.46,-57.13,1
-0.98,0.39,-0.52,-20.49,-61.55,-8.93,-1.03,-0.11,-0.04,42.65,-21.77,47.44,1
-0.81,0.17,0.32,7.23,-161.43,-14.6,-0.86,0.4,0.01,216.74,-11.31,47.84,1
-0.94,0.46,0.36,-39.09,-180.27,-22.47,-1.16,0.79,0.12,117.8,43.57,94.48,1
-0.46,-0.21,0.37,-35.06,-99.91,-37.8,-0.62,-0.33,-0.19,34.05,-52.07,79.91,1
-0.52,0.61,0.89,-7.93,-25.24,5.82,-0.8,0.73,0.01,129.09,9.36,-16.19,1
-0.79,-0.08,0.98,25.98,-15.58,-8.38,-0.96,0.65,0.03,2.53,-20.58,25.15,1
-0.53,-0.16,1.13,159.79,-5.37,-46.01,-0.69,0.93,-0.14,154.45,-32.62,-22.53,1
-0.56,0.04,1.1,184.39,14.27,-21.34,-0.68,0.78,0.13,62.77,-1.98,-34.88,1
-0.7,0.06,0.86,74.7,28.96,-42.77,-0.86,0.69,0.09,96.01,-26.4,-70.95,1
-0.58,-0.22,0.53,171.04,46.1,-27.41,-0.62,0.33,0.08,75.82,-7.93,-78.2,1
-0.79,0.23,0.1,136.98,48.45,-27.59,-0.8,0.14,0.04,100.64,8.45,-84.42,1
-1.08,0.0,-0.22,304.66,9.6,-51.04,-0.99,-0.18,0.12,195.0,-13.05,-47.96,1
-1.03,0.5,0.19,338.2,-10.3,-81.07,-1.18,0.06,0.02,204.21,-41.55,3.08,1
-0.91,0.05,0.31,212.32,15.12,-62.29,-0.9,0.39,0.07,134.02,-64.82,-60.58,1
-1.08,-0.15,-0.1,153.81,1.8,-1.04,-0.81,-0.07,0.25,102.93,3.75,-26.65,1
-1.12,0.18,-0.41,114.73,-28.38,14.09,-1.05,-0.31,0.18,117.93,11.55,0.15,1
-1.0,0.23,-0.34,134.85,-59.05,7.35,-0.93,-0.16,-0.01,125.76,-7.62,14.88,1
-0.93,0.35,-0.41,86.25,-82.71,-8.6,-0.92,-0.27,0.01,92.71,-37.38,45.34,1
-1.11,0.27,-0.61,-24.42,-124.42,-44.94,-0.99,-0.28,0.21,77.41,-69.42,61.49,1
-0.97,-0.04,-0.17,-85.37,-225.0,-41.83,-1.03,0.01,0.19,163.9,-91.83,117.56,1
-0.79,0.13,0.98,-32.65,-190.73,-26.86,-0.9,0.43,0.02,151.1,-23.6,78.11,1
-0.69,-0.05,0.66,-94.85,-119.36,-22.93,-0.94,0.34,-0.14,31.43,-34.05,73.14,1
-0.18,-0.27,0.74,46.89,-5.82,18.66,-0.3,0.09,-0.35,-92.96,9.7,54.05,1
-0.85,0.5,0.89,-19.09,63.11,45.82,-1.17,0.66,0.18,20.46,37.59,-85.88,1
-1.1,-0.21,0.39,52.56,67.35,30.46,-1.13,0.37,0.24,-113.66,5.34,-25.4,1
-0.77,0.64,0.71,194.21,102.23,-52.71,-0.91,0.16,0.16,-6.25,-14.57,-57.8,1
-0.69,0.02,0.3,-87.56,160.98,-19.85,-0.83,0.6,-0.11,-159.45,-14.82,-71.8,1
-1.08,0.28,-0.55,-85.7,50.0,-3.45,-0.92,-0.06,0.16,-123.41,-5.7,-3.69,1
-0.82,0.24,-0.33,-16.68,-112.1,-30.06,-0.76,0.08,0.07,68.48,-54.73,61.37,1
-0.65,-0.03,0.33,-29.15,-185.18,-20.09,-0.69,0.29,0.09,194.79,-54.27,91.52,1
-0.73,0.13,1.26,114.76,-175.52,-5.82,-0.95,0.82,0.21,180.46,32.93,88.29,1
-0.73,0.34,0.58,0.7,-90.85,31.01,-1.08,0.65,-0.04,65.34,-4.91,17.13,1
-0.22,-0.15,1.21,-50.06,72.74,41.19,-0.44,0.49,0.13,-79.57,47.65,-49.12,1
-1.02,0.37,0.54,-147.26,95.49,22.41,-1.18,0.62,0.17,-84.36,2.32,-88.81,1
-0.78,-0.39,0.22,-62.2,105.79,42.38,-0.66,-0.05,0.17,-203.84,-14.57,-49.91,1
-0.76,0.08,-0.02,111.68,96.92,30.79,-0.79,-0.02,0.1,-49.05,61.65,-63.69,1
-0.84,0.85,0.39,120.18,103.45,-33.63,-1.02,0.01,0.19,-24.51,8.96,-7.26,1
-0.99,0.14,-0.06,-7.93,56.52,-37.38,-0.95,0.31,0.15,-115.85,-46.74,-31.01,1
-1.08,0.05,-0.22,-61.98,-94.85,-5.61,-1.09,0.06,0.24,23.29,-29.05,65.79,1
-0.91,-0.3,0.36,85.43,-138.08,-12.16,-0.96,0.4,0.11,119.76,-17.77,75.98,1
-0.48,0.34,0.83,77.74,-53.69,48.87,-0.58,0.3,0.02,10.24,34.7,70.4,1
-0.98,0.58,0.69,-187.9,37.29,83.26,-1.03,0.44,0.15,-44.7,65.55,-22.96,1
-0.99,-0.11,0.84,-201.31,104.63,97.77,-1.08,0.24,0.5,-171.43,81.22,-27.23,1
-1.22,0.04,0.12,-119.66,144.02,91.22,-1.19,-0.15,0.38,-196.37,78.02,-69.33,1
-1.28,0.06,0.34,-39.05,137.44,47.65,-1.26,-0.17,0.53,-98.75,51.52,-48.14,1
-0.7,0.1,0.51,-172.56,211.71,41.55,-0.81,0.5,0.15,-241.86,59.18,-59.88,1
-0.81,0.23,-0.14,-156.77,118.66,100.12,-0.75,0.2,-0.06,-175.79,115.09,-12.29,1
-0.88,0.69,-0.09,-75.09,37.53,67.1,-1.06,0.05,-0.0,-77.38,72.5,11.55,1
-0.61,0.61,0.23,-61.07,56.98,-5.03,-0.67,0.22,-0.13,-90.37,8.41,-26.71,1
-0.67,0.57,0.09,-172.13,100.27,-30.46,-0.77,0.08,-0.19,-191.59,-1.52,-45.85,1
-0.82,0.57,-0.14,-194.45,100.88,-38.14,-0.94,0.14,-0.16,-196.07,-14.94,-51.01,1
-0.96,0.46,-0.21,-136.13,50.46,-48.51,-1.04,0.19,-0.14,-140.58,-43.63,-21.55,1
-0.91,0.32,-0.16,-117.59,3.26,-39.24,-0.91,0.09,-0.08,-103.54,-43.08,14.66,1
-0.94,0.28,-0.18,-123.81,-62.26,-23.11,-0.97,0.1,-0.05,-13.38,-39.3,34.88,1
-0.96,0.38,-0.06,-203.63,-206.16,10.09,-1.08,0.54,-0.02,138.23,-2.9,107.44,1
-0.65,-0.08,-0.33,83.72,-336.65,-47.07,-1.08,0.41,0.06,301.98,10.55,228.05,1
0.16,-0.11,1.2,64.85,-191.68,53.66,-0.18,-0.12,-0.39,144.73,64.63,103.69,1
-0.22,0.98,1.61,-112.29,14.05,20.34,-0.92,0.9,-0.5,-69.88,61.86,-6.25,1
-0.8,0.22,1.17,-145.12,79.12,3.93,-1.23,0.73,-0.19,-40.43,-94.27,-81.52,1
-0.65,-0.17,0.49,48.96,139.63,12.77,-0.71,0.24,-0.07,-169.7,-11.13,-92.2,1
-0.75,0.36,0.02,240.52,146.98,-28.75,-0.91,-0.16,-0.11,-75.06,-19.88,-85.34,1
-0.69,0.23,0.32,-94.05,185.43,-1.65,-0.72,0.33,0.05,-189.39,0.18,-69.36,1
-0.92,0.5,-0.22,-32.16,159.51,-0.67,-0.77,0.11,0.0,-192.9,-10.3,-92.99,1
-1.15,0.36,-0.72,-40.0,-32.59,-21.55,-1.04,0.18,-0.03,-1.46,-33.63,29.85,1
-0.74,0.12,0.03,-6.37,-194.42,-0.82,-0.76,0.26,0.02,197.84,-9.7,102.41,1
-1.05,0.54,0.8,-13.08,-220.73,-1.71,-1.33,0.88,0.19,172.38,49.24,120.43,1
-0.85,0.07,0.73,-25.95,-141.55,-5.58,-1.05,0.01,0.04,98.23,-28.84,71.01,1
0.17,-0.22,1.12,59.39,6.8,37.93,-0.04,0.38,-0.53,29.42,68.23,-16.59,1
-0.98,0.71,0.63,-104.39,104.76,22.99,-1.34,0.51,-0.14,-111.28,-2.2,-103.45,1
-0.96,-0.32,0.02,12.74,114.88,7.56,-0.78,-0.1,0.17,-139.51,-54.09,-70.61,1
-0.69,0.56,0.33,145.67,142.56,-35.85,-0.85,0.15,-0.03,-131.37,-21.37,-63.81,1
-0.57,-0.0,0.14,-96.19,172.2,26.34,-0.52,0.29,-0.1,-152.9,6.83,-84.85,1
-0.92,0.54,-0.23,-26.19,109.54,16.13,-1.06,-0.05,0.09,-88.84,-21.98,-51.4,1
-1.2,0.41,-0.64,-25.95,-131.01,-7.84,-1.19,0.46,-0.03,112.62,-33.2,68.17,1
-0.82,0.27,0.25,0.0,-288.93,-31.19,-1.14,0.43,0.2,275.03,22.71,154.09,1
-0.49,0.45,0.81,139.24,-291.52,-31.34,-0.96,0.44,0.07,225.85,-11.34,205.21,1
0.11,-0.0,0.85,59.02,-190.03,-15.85,-0.25,0.12,-0.45,187.29,36.19,113.84,1
-0.17,1.32,1.36,-30.67,-26.92,-18.2,-0.87,0.74,-0.51,47.77,3.87,11.74,1
-0.55,0.01,1.05,-158.2,15.06,-38.14,-0.85,0.82,-0.15,-5.58,-94.21,2.53,1
-0.41,-0.49,1.22,29.3,52.38,-46.43,-0.7,0.99,-0.1,15.49,-49.91,-43.75,1
-0.41,-0.01,1.13,175.15,78.23,-48.08,-0.74,0.71,-0.08,14.7,-37.47,-70.43,1
-0.45,-0.02,0.79,163.35,96.49,-55.03,-0.68,0.8,-0.09,48.6,-28.32,-116.92,1
-0.53,0.04,0.44,255.09,103.48,-51.4,-0.67,0.2,-0.03,32.47,-18.69,-91.43,1
-0.84,0.36,0.09,259.21,89.21,-78.45,-0.84,0.19,0.07,94.7,-2.99,-98.81,1
-0.96,0.28,0.07,182.29,43.63,-74.97,-1.02,0.08,0.03,119.79,-36.16,-61.8,1
-0.85,0.01,0.28,188.81,38.66,-56.68,-0.9,0.13,0.01,114.85,-29.27,-79.88,1
-1.2,0.18,-0.38,91.74,11.71,-37.65,-1.11,-0.28,0.16,106.01,-12.23,-64.12,1
-1.04,0.08,-0.39,92.32,-20.12,-57.77,-0.96,-0.27,0.08,101.49,-53.45,-35.4,1
-1.01,0.07,-0.5,75.55,-55.7,-54.51,-0.94,-0.33,0.06,97.93,-54.48,10.98,1
-0.99,0.1,-0.55,67.96,-99.6,-49.39,-0.95,-0.39,0.08,113.54,-73.54,51.62,1
-1.07,0.05,-0.57,82.5,-172.32,-33.99,-0.91,-0.15,0.15,184.42,-62.77,85.88,1
-0.73,0.03,-0.11,-24.15,-303.38,-4.02,-0.85,-0.03,0.36,345.73,-19.27,173.66,1
-0.38,0.18,1.27,204.09,-261.92,-29.45,-0.75,0.54,0.07,277.93,-14.05,148.45,1
-0.47,0.0,0.68,-23.99,-120.52,30.43,-0.65,0.54,-0.16,109.76,37.77,17.2,1
-0.01,0.52,1.55,56.86,34.91,55.0,-0.58,0.47,-0.33,-77.04,89.33,15.76,1
-0.61,0.56,0.99,-187.5,121.86,0.06,-1.13,0.82,-0.5,-52.9,-77.1,-137.47,1
-0.75,-0.3,-0.03,154.48,187.77,1.46,-0.57,-0.28,0.18,-274.15,-2.35,-65.12,1
-0.89,0.44,0.58,141.16,208.41,-107.41,-1.16,0.03,0.38,-90.43,-28.54,-136.8,1
-0.39,-0.27,0.31,-167.9,259.66,-43.72,-0.58,0.73,-0.13,-338.17,29.85,-184.63,1
-1.24,0.28,-1.1,-90.58,104.27,0.91,-1.34,-0.22,-0.01,-127.01,11.16,-45.79,1
-1.14,0.19,-0.96,18.87,-88.6,-5.95,-0.94,-0.1,0.03,67.93,-30.7,55.0,1
-0.72,0.12,-0.29,-40.37,-251.13,30.18,-0.72,0.14,0.17,208.75,-34.66,155.43,1
-0.48,0.22,0.54,84.3,-296.22,-29.18,-0.96,0.28,0.21,229.33,-69.48,185.52,1
-0.61,0.34,0.93,22.44,-158.29,-13.02,-0.77,0.61,0.06,86.77,-78.66,97.23,1
-0.36,0.01,0.9,-84.3,-126.65,3.35,-0.52,0.41,-0.16,92.13,11.01,82.93,1
-0.31,0.24,1.76,56.31,21.68,44.39,-0.77,0.95,0.0,74.82,58.11,-37.26,1
-0.56,0.37,1.36,-85.3,150.52,36.83,-0.96,0.96,0.12,-141.92,10.34,-120.3,1
-0.5,-0.36,0.19,-53.23,236.46,67.16,-0.59,-0.12,0.14,-312.04,55.0,-131.8,1
-1.23,0.42,-0.37,61.89,195.52,25.61,-1.35,-0.33,0.35,-45.91,62.32,-116.77,1
-0.56,0.27,0.35,29.82,205.7,-6.22,-0.77,0.37,0.06,-88.69,10.43,-97.41,1
-1.05,0.48,-1.01,29.91,103.84,-38.87,-0.93,-0.07,-0.06,-141.89,-7.62,-72.07,1
-0.97,0.17,-1.16,-117.04,-177.38,-9.42,-0.92,0.01,-0.11,64.79,-85.46,133.29,1
-0.57,-0.03,0.05,-90.85,-347.01,7.59,-0.89,0.35,0.21,307.96,-33.66,215.3,1
-0.43,-0.99,1.57,154.24,-262.87,1.31,-0.74,0.52,0.34,178.32,21.19,155.27,1
-0.63,0.48,0.47,85.43,-134.6,112.23,-0.81,0.35,-0.2,148.99,106.8,40.0,1
-0.14,0.62,1.06,-260.52,-37.65,85.76,-0.56,0.55,-0.31,-92.93,62.74,41.77,1
-0.8,-0.11,1.06,-194.02,50.0,79.76,-1.04,0.64,0.11,-75.0,14.66,-56.95,1
-0.72,-0.2,0.85,44.79,86.49,56.01,-0.87,0.78,0.11,-136.71,37.93,-47.47,1
-0.59,0.14,0.83,77.23,80.64,60.98,-0.81,0.6,-0.04,-110.98,66.43,-45.73,1
-0.53,0.36,0.89,-54.94,89.39,80.85,-0.79,0.65,-0.05,-91.59,74.73,-65.79,1
-0.7,0.22,0.82,-158.32,116.16,107.44,-0.95,0.48,0.01,-142.53,82.04,-80.88,1
-0.79,-0.05,0.45,-152.71,107.68,126.74,-0.97,0.38,0.03,-129.7,86.43,-90.79,1
-0.59,0.4,0.6,-36.95,123.84,128.54,-0.89,0.16,-0.01,-130.3,99.76,-95.85,1
-0.4,0.47,0.3,-104.36,187.84,111.34,-0.64,-0.0,-0.24,-230.21,59.15,-124.24,1
-0.67,0.61,-0.14,-3.45,214.76,49.73,-0.9,-0.04,-0.05,-228.93,52.53,-109.05,1
-0.67,0.75,0.35,53.69,253.54,-51.62,-0.96,-0.03,0.1,-231.43,-19.66,-94.73,1
-0.55,0.32,0.06,-90.7,213.32,-45.98,-0.7,0.45,-0.09,-261.65,14.09,-134.54,1
-1.3,0.75,-0.9,-219.27,85.43,-12.23,-1.63,0.02,-0.13,-174.21,10.88,-20.73,1
-1.03,0.43,-0.46,-74.57,-18.32,-43.2,-1.05,0.01,-0.14,-38.41,-53.81,4.91,1
-0.83,0.27,-0.24,-63.23,-59.18,-41.16,-0.82,-0.01,-0.06,-43.08,-53.75,50.27,1
-0.84,0.27,-0.1,-67.77,-104.24,-33.05,-0.88,0.2,-0.05,20.82,-56.74,59.33,1
-0.9,0.11,0.16,-252.62,-190.37,37.23,-1.0,0.43,-0.07,121.31,-26.28,109.02,1
-0.85,0.41,0.77,-116.22,-234.18,-26.1,-1.19,0.73,-0.02,159.09,26.43,135.85,1
-0.37,0.02,1.2,204.82,-133.45,-14.76,-0.75,-0.01,-0.23,102.29,-22.2,111.25,1
0.24,0.05,1.03,-13.99,46.46,49.39,0.02,0.51,-0.69,-78.26,95.73,-51.65,1
-1.25,0.86,0.33,67.01,113.08,48.93,-1.76,-0.04,-0.06,-60.55,65.85,-89.66,1
-1.27,1.25,0.3,382.77,121.25,-116.95,-1.33,0.04,0.07,-26.65,-46.28,-60.46,1
-0.42,0.23,0.44,-115.18,160.88,-80.4,-0.68,0.86,-0.38,-157.96,-89.05,-131.59,1
-0.94,0.25,-0.4,-61.16,87.01,-28.48,-0.93,0.07,-0.22,-133.75,2.62,-59.05,1
-0.99,0.47,-0.65,-35.21,-48.14,1.01,-1.05,-0.07,-0.21,48.57,-12.77,31.65,1
-0.77,0.28,-0.17,-80.55,-162.53,41.59,-0.74,0.28,-0.08,190.61,11.34,73.99,1
-1.19,0.61,0.95,-15.09,-171.16,7.65,-1.31,0.65,0.09,167.71,29.82,63.02,1
-0.58,0.02,0.2,-38.29,-196.07,23.2,-0.91,0.01,-0.27,57.32,-46.86,140.95,1
0.38,-0.11,1.19,123.84,30.98,19.24,0.14,-0.04,-0.56,18.6,78.99,-42.93,1
-1.19,1.32,-0.06,4.54,161.22,6.46,-1.6,0.02,-0.08,-57.2,-2.65,-139.36,1
-1.48,0.36,0.03,275.06,119.76,-92.59,-1.36,-0.35,0.34,-79.94,-85.27,-46.22,1
-0.46,0.27,0.61,-139.91,174.39,-102.87,-0.8,0.8,-0.16,-173.45,-64.6,-139.7,1
-1.16,0.14,-0.61,-108.51,96.74,-13.23,-1.13,0.13,-0.08,-130.21,29.05,-63.99,1
-0.97,0.37,-0.63,-24.91,-77.68,4.94,-0.93,-0.09,-0.15,35.79,-34.48,72.77,1
-0.63,0.29,0.22,-65.95,-195.79,33.29,-0.63,0.39,-0.01,232.9,38.78,90.64,1
-1.12,0.53,0.12,-25.15,-189.3,1.55,-1.35,0.59,0.03,129.88,17.26,90.64,1
-0.29,-0.03,0.16,-107.71,-234.3,-4.57,-0.54,-0.35,-0.16,58.6,-44.94,200.76,1
-0.06,0.47,1.25,85.98,-81.34,21.4,-0.47,0.56,-0.43,160.64,72.32,30.79,1
-0.68,0.72,1.2,-128.35,6.83,-18.87,-1.16,0.9,-0.38,10.34,-8.6,-21.25,1
-0.63,-0.27,1.01,-63.54,45.24,-34.12,-0.8,0.72,-0.12,-103.29,-57.68,-2.65,1
-0.57,0.17,0.74,35.64,26.04,-40.79,-0.79,0.6,-0.2,49.39,-30.58,-31.34,1
-0.52,0.11,0.86,34.39,2.71,-63.29,-0.78,0.73,-0.19,87.2,-50.64,-11.59,1
-0.53,-0.09,0.98,123.75,12.68,-65.52,-0.77,0.64,-0.06,67.53,-42.59,-18.11,1
-0.54,-0.15,0.71,174.33,46.37,-56.83,-0.72,0.49,-0.01,62.68,-29.6,-62.74,1
-0.69,-0.07,-0.05,311.55,18.69,-39.33,-0.63,0.17,-0.04,108.78,-1.22,-38.45,1
-1.1,1.45,-0.01,392.38,-21.37,-114.09,-1.21,0.19,-0.06,247.26,-48.17,-16.59,1
-0.38,0.09,1.21,192.38,83.17,-116.92,-0.55,0.58,-0.23,48.2,-139.76,-63.78,1
-1.17,0.06,-0.01,112.77,35.7,-36.28,-1.03,0.22,0.28,39.24,7.23,-66.71,1
-1.01,0.25,-0.07,102.26,-33.75,-24.09,-0.99,0.05,0.08,113.41,-22.07,-17.62,1
-0.96,0.11,-0.12,93.78,-62.53,0.52,-0.96,0.04,0.07,144.66,-5.95,7.29,1
-1.0,0.23,-0.11,163.32,-56.89,0.3,-1.05,-0.08,-0.01,135.37,-18.75,17.53,1
-0.96,0.27,-0.1,116.16,-44.54,0.27,-0.96,-0.15,0.01,97.35,-9.63,9.73,1
-0.87,0.32,-0.02,92.44,-33.6,-7.01,-0.91,0.06,-0.09,68.41,-17.56,3.93,1
-0.97,0.37,-0.0,55.03,-31.95,-8.69,-0.99,0.07,-0.01,41.49,-20.12,13.66,1
-1.02,0.31,0.05,-53.75,-56.31,15.0,-0.96,0.22,-0.03,34.21,4.82,23.51,1
-1.03,0.6,0.35,-250.43,-111.46,31.07,-1.13,0.21,-0.09,68.2,12.87,42.35,1
-1.17,0.6,0.3,-156.62,-145.55,-46.22,-1.38,0.38,-0.01,109.73,-20.79,38.6,1
-0.43,-0.01,0.01,-62.47,-140.98,-96.1,-0.54,-0.1,-0.15,53.66,-83.66,145.76,1
-0.04,-0.37,1.2,64.85,-8.6,9.57,-0.33,0.28,-0.34,80.76,16.04,-21.43,1
-0.81,0.6,0.57,-44.91,94.57,23.02,-1.15,0.62,-0.2,-85.95,17.87,-90.55,1
-1.17,-0.2,-0.07,261.62,70.52,-16.16,-0.95,-0.43,0.24,-58.32,-29.24,-4.12,1
-0.68,1.0,0.94,139.3,118.51,-80.34,-1.0,0.36,-0.04,15.24,-22.9,-75.52,1
-0.7,-0.18,0.26,-15.85,133.41,-18.48,-0.63,0.54,-0.06,-196.37,-10.09,-53.41,1
-1.11,0.41,-0.31,-54.18,23.17,12.04,-1.15,0.13,0.01,-34.97,28.51,2.26,1
-1.02,0.23,-0.09,-17.38,-99.94,19.85,-0.96,0.17,0.08,105.18,-7.9,43.54,1
-1.13,0.54,0.78,-108.87,-136.4,23.66,-1.28,0.71,0.11,149.6,44.54,44.54,1
-0.78,0.52,0.12,-188.87,-147.62,-22.13,-1.08,0.16,-0.19,-33.26,-52.01,113.41,1
0.36,-0.88,1.0,75.43,-2.16,41.77,0.19,-0.2,-0.59,28.08,27.68,-7.99,1
-1.03,1.12,0.45,-40.79,111.22,31.34,-1.48,0.53,-0.03,-56.71,54.94,-101.19,1
-1.15,-0.43,-0.1,19.18,90.37,21.22,-0.83,-0.46,0.36,-144.85,-70.27,-31.4,1
