-0.14,0.04,0.03,53.87,173.69,84.91,-0.01,0.07,0.59,-82.26,65.37,-188.05,0
-0.06,-0.0,-0.05,119.33,173.23,-77.23,-0.07,0.17,0.63,-38.32,-50.03,-153.23,0
0.1,-0.06,-0.11,72.41,115.15,-238.14,0.06,0.45,0.61,85.88,-239.73,-109.33,0
0.51,-0.57,-0.27,-100.95,24.94,-311.46,0.39,0.64,0.65,66.04,-315.95,43.05,0
1.22,-2.29,-0.19,152.74,-57.07,-237.59,2.0,0.11,0.4,188.78,-192.68,-24.7,0
0.43,-2.15,0.13,27.77,-74.48,-57.84,1.2,0.47,0.88,-89.42,-38.26,124.15,0
-0.39,-1.69,0.31,-58.87,-27.62,62.44,0.52,0.42,1.22,-9.27,18.41,25.3,0
-0.64,-1.63,0.64,6.07,19.12,198.84,-0.14,0.08,1.22,-109.63,145.43,-3.17,0
-0.42,-0.77,0.43,-11.55,71.68,269.15,-0.18,0.3,0.91,-86.16,262.38,-69.33,0
-0.09,-0.27,0.16,19.82,100.43,204.82,0.02,0.11,0.84,-54.39,216.49,-111.49,0
0.24,-0.08,0.07,71.31,106.65,-1.31,0.47,0.15,0.83,-22.41,28.9,-114.05,0
0.65,-0.03,-0.27,43.2,65.88,-173.9,0.65,0.39,0.22,43.29,-159.27,-59.39,0
1.16,-0.8,-0.34,54.48,-17.77,-270.46,1.21,0.21,0.18,85.64,-258.87,9.39,0
1.08,-1.93,-0.05,23.17,-89.66,-193.51,1.66,0.66,0.55,29.57,-174.7,88.11,0
0.47,-2.32,0.1,-87.16,-166.19,-86.62,1.21,0.69,0.98,63.41,-108.02,151.59,0
-0.4,-2.05,0.79,5.79,-169.27,37.96,0.13,0.64,1.18,97.74,17.99,117.47,0
-0.56,-1.37,0.88,20.61,-93.48,178.93,-0.14,0.45,1.05,44.21,164.45,31.4,0
-0.22,-0.9,0.48,84.66,7.41,234.6,0.12,0.14,0.88,30.61,246.37,-74.02,0
-0.03,-0.52,0.16,37.41,69.54,207.26,0.2,0.11,0.83,-3.45,211.13,-121.43,0
0.21,-0.14,-0.07,24.12,102.35,67.01,0.49,0.19,0.69,-32.32,74.36,-119.24,0
0.45,0.1,-0.24,98.72,56.52,-147.29,0.52,0.4,0.44,43.51,-117.9,-70.3,0
0.5,-0.52,-0.51,191.31,-114.42,-304.27,0.62,0.79,0.37,162.16,-230.3,123.14,0
0.91,-1.48,-0.25,3.9,-329.85,-229.33,0.97,0.63,0.88,245.46,-195.88,227.65,0
0.8,-2.47,0.72,107.26,-376.52,-50.12,0.95,0.54,1.09,239.76,-25.7,261.71,0
-0.07,-1.91,0.71,86.55,-267.04,149.12,0.23,0.52,1.18,115.76,134.48,211.37,0
0.25,-1.39,0.39,72.01,-212.84,259.09,0.38,0.3,0.91,144.66,234.24,142.65,0
0.35,-1.12,0.05,114.6,-192.01,282.65,0.52,0.13,1.18,186.34,261.07,107.32,0
0.03,-1.43,-0.07,128.2,-133.2,251.65,0.54,-0.02,1.32,133.48,255.0,24.09,0
-0.16,-1.56,0.02,99.18,-123.72,262.77,0.57,0.31,1.36,144.3,258.14,25.73,0
-0.37,-1.34,-0.2,92.93,-125.49,305.0,0.11,0.01,1.24,106.83,318.63,20.09,0
-0.17,-0.43,-0.14,-16.49,-99.88,312.74,-0.05,-0.13,0.85,25.24,328.87,18.9,0
-0.3,-0.06,-0.28,-114.21,-79.73,205.58,-0.03,-0.3,0.66,-72.65,230.4,94.88,0
-0.0,0.26,-0.26,-197.53,-43.38,66.04,0.1,-0.12,0.62,-122.29,13.45,117.16,0
0.21,-0.16,-0.34,-179.39,-42.74,-88.38,0.49,0.09,0.56,-118.51,-85.55,192.32,0
0.82,-0.65,-0.41,-143.78,-86.01,-262.5,0.75,0.69,0.39,24.12,-252.5,197.23,0
1.54,-1.02,0.23,-139.91,-191.59,-304.6,1.18,1.12,0.04,143.02,-244.27,234.57,0
1.6,-1.3,0.58,82.23,-248.35,-220.76,1.29,0.56,0.26,193.08,-192.47,193.78,0
1.22,-2.1,0.69,-25.85,-255.52,-110.52,1.39,1.15,0.81,64.57,-70.88,270.15,0
0.21,-2.21,0.84,-38.2,-204.02,15.73,0.86,0.99,1.11,104.73,20.12,160.49,0
-0.36,-1.79,0.9,82.13,-107.29,181.74,-0.02,0.25,1.11,22.93,158.05,48.69,0
-0.12,-1.06,0.53,59.09,12.65,297.32,0.14,0.28,0.87,26.86,276.98,-83.81,0
0.23,-0.77,0.23,142.93,119.09,280.76,0.3,0.21,1.07,-25.4,291.8,-175.98,0
0.22,-0.45,0.15,35.61,149.85,161.43,0.55,0.75,0.76,-83.2,131.86,-163.05,0
0.08,-0.11,0.01,91.71,135.79,2.68,0.19,0.35,0.77,-27.44,14.42,-145.21,0
0.28,-0.31,-0.07,10.95,89.24,-140.52,0.48,0.6,0.69,-8.66,-113.32,-57.38,0
0.76,-0.63,-0.05,35.09,13.2,-238.81,0.78,0.28,0.3,98.26,-212.84,-20.12,0
1.06,-0.94,0.02,12.56,-17.32,-209.97,1.31,0.37,0.26,23.23,-190.67,24.39,0
0.97,-1.37,0.01,-10.76,-42.38,-184.94,1.32,0.59,0.57,-6.19,-176.89,56.8,0
1.03,-1.74,0.17,-74.27,-70.03,-113.69,1.51,0.66,0.59,26.95,-145.82,73.23,0
0.35,-2.12,0.4,-61.31,-71.01,-35.06,1.12,0.57,1.12,-7.32,-68.57,85.4,0
-0.52,-1.76,0.77,-0.27,-29.91,76.28,0.28,0.62,1.15,-12.13,33.96,16.52,0
-0.51,-1.44,0.86,37.38,39.54,230.67,-0.01,0.46,1.02,-13.75,221.68,-116.52,0
-0.27,-0.59,0.3,31.68,91.01,292.68,-0.22,0.19,0.74,-37.44,299.09,-168.9,0
0.02,-0.16,0.22,39.66,114.94,208.75,-0.07,0.26,0.83,-0.49,174.09,-201.01,0
0.18,-0.32,0.2,54.18,143.6,27.8,0.4,0.68,0.77,-46.37,2.13,-109.97,0
0.47,-0.04,0.07,-19.6,140.98,-141.22,0.46,0.66,0.18,-13.57,-142.9,-101.22,0
0.71,-0.69,-0.17,79.73,111.71,-259.3,0.89,0.32,0.43,-47.29,-231.16,19.57,0
1.13,-0.93,-0.2,25.67,60.55,-311.8,0.86,0.62,0.09,103.84,-265.58,-7.13,0
1.45,-0.53,0.13,3.26,38.78,-295.52,1.18,0.29,0.14,27.35,-256.13,-15.3,0
1.59,-1.15,0.19,-121.59,74.66,-228.81,1.53,0.48,-0.04,-186.49,-234.42,11.86,0
1.28,-1.2,0.02,-191.43,130.21,-141.52,1.49,0.11,0.48,-206.65,-193.9,-55.55,0
1.25,-1.05,-0.12,-230.37,223.93,-95.61,1.69,-0.07,0.27,-242.56,-126.46,-96.89,0
1.01,-1.71,-0.26,-234.36,296.98,59.57,1.48,-0.06,0.68,-295.85,-76.68,-187.41,0
0.62,-0.93,-0.43,-201.46,355.73,182.35,0.52,-0.4,0.79,-341.13,31.28,-248.08,0
0.25,-0.34,-0.67,-248.45,358.38,206.34,0.21,-0.28,0.88,-349.7,47.71,-246.1,0
0.58,0.11,-0.79,-24.6,347.26,74.12,0.5,-0.22,0.73,-263.9,-38.93,-253.81,0
0.33,-0.56,-0.64,34.48,167.44,-103.54,0.7,0.86,0.48,-47.71,-150.79,-67.35,0
0.72,-2.01,-0.46,82.23,-74.12,-57.16,1.51,0.27,0.54,62.41,-57.96,63.08,0
0.15,-1.85,-0.04,9.82,-118.6,63.05,0.85,0.43,0.97,71.95,30.88,77.68,0
-0.56,-1.62,0.79,28.29,13.35,175.37,0.07,0.16,1.28,-19.54,109.63,-48.87,0
-0.57,-0.96,0.62,37.68,87.44,264.66,-0.28,0.3,1.0,-75.12,270.76,-112.99,0
-0.45,-0.15,0.18,132.38,92.47,223.41,-0.32,0.35,0.76,-5.06,266.62,-151.34,0
-0.36,0.15,0.05,17.26,66.77,109.39,-0.18,0.07,0.72,3.75,159.51,-98.99,0
-0.17,0.13,-0.09,117.47,42.93,-84.05,0.0,0.04,0.79,44.82,-56.37,-67.68,0
0.25,-0.05,-0.08,-7.59,1.37,-212.8,0.24,0.44,0.41,72.1,-215.82,15.03,0
0.85,-0.54,0.12,-47.99,-20.85,-285.88,0.7,0.01,0.47,-0.34,-249.15,54.85,0
1.29,-1.18,-0.27,0.64,-46.52,-259.05,1.54,0.35,0.2,81.07,-221.59,53.96,0
1.17,-1.76,0.05,-117.65,-79.18,-153.26,1.64,0.79,0.41,-15.21,-143.05,109.79,0
0.66,-1.92,0.25,-83.66,-136.62,-65.61,1.23,0.62,0.94,57.38,-87.59,116.52,0
-0.13,-2.14,0.84,-50.91,-140.15,42.01,0.57,0.81,1.27,19.79,20.52,123.51,0
-0.68,-1.62,0.97,15.73,-100.37,191.95,-0.11,0.64,1.21,41.77,156.4,37.16,0
-0.46,-0.74,0.57,70.91,-5.82,249.63,-0.21,0.27,0.98,9.18,269.12,-88.26,0
-0.16,0.07,0.17,-108.51,75.64,172.99,-0.08,-0.04,0.74,-37.99,141.07,-108.41,0
0.63,0.2,-0.13,118.32,146.34,-54.7,0.71,0.07,0.46,-15.64,-36.01,-150.12,0
0.75,-0.41,-0.45,27.53,82.23,-228.93,0.9,0.77,0.09,4.48,-171.8,21.8,0
0.84,-1.09,-0.36,195.55,-84.79,-315.95,0.93,0.28,0.51,241.89,-213.23,41.43,0
0.9,-2.27,-0.4,301.13,-287.96,-206.62,1.07,0.92,0.81,305.73,-51.19,193.87,0
0.94,-2.3,0.4,215.55,-359.09,112.04,0.85,1.09,1.08,310.34,175.27,222.68,0
0.9,-1.55,0.93,246.34,-273.6,323.11,0.33,0.66,1.07,208.02,306.74,189.02,0
0.4,-0.91,0.27,112.84,-177.71,388.9,0.09,0.34,0.97,87.47,331.98,156.8,0
0.07,-1.08,-0.01,76.25,-147.26,368.26,0.21,-0.06,1.14,105.91,321.43,110.27,0
-0.19,-1.33,-0.32,22.29,-135.55,352.35,0.27,-0.25,1.36,74.82,317.35,100.3,0
-0.24,-1.04,-0.29,-34.79,-149.97,330.06,0.09,-0.24,1.27,35.52,310.18,112.13,0
-0.38,-0.45,-0.53,-113.78,-154.6,259.39,-0.01,-0.43,1.01,1.65,263.23,135.46,0
-0.23,-0.05,-0.25,-92.68,-124.51,122.01,0.05,-0.3,0.83,-29.66,157.44,153.93,0
0.0,0.02,-0.13,-165.46,-109.3,-33.93,0.31,0.18,0.56,8.9,-70.06,132.71,0
0.45,-0.51,0.09,14.27,-96.62,-185.98,0.46,0.16,0.76,42.68,-153.81,153.78,0
1.11,-1.07,0.1,-48.87,-99.09,-253.6,1.25,0.69,0.39,74.18,-191.13,140.3,0
1.63,-0.86,0.07,10.85,-127.38,-216.07,1.61,0.7,-0.09,97.23,-205.52,90.61,0
1.26,-1.41,0.64,-65.0,-164.02,-180.27,1.32,0.96,0.57,52.5,-164.02,198.14,0
0.77,-1.98,0.86,-107.77,-167.35,-103.29,1.18,1.1,0.85,62.01,-133.29,164.6,0
-0.03,-1.96,1.3,47.1,-107.87,43.54,0.39,0.87,1.13,0.34,20.37,96.31,0
-0.43,-1.6,0.97,-2.32,-40.79,220.88,-0.18,0.74,0.95,-17.38,199.02,1.77,0
-0.15,-1.0,0.49,54.63,-2.99,351.16,-0.04,0.43,0.77,25.24,333.63,-94.66,0
-0.0,-0.44,0.34,67.41,27.2,317.84,-0.13,0.34,0.96,21.07,330.15,-154.66,0
-0.03,-0.19,0.09,65.82,87.35,120.76,0.33,0.42,0.98,-9.36,133.26,-145.06,0
0.55,-0.08,0.11,88.84,96.59,-100.49,0.65,0.36,0.65,-46.28,-85.52,-49.82,0
0.96,-0.26,-0.36,65.95,44.73,-242.65,0.9,0.66,-0.11,70.43,-203.6,1.31,0
1.28,-1.01,-0.09,86.31,-49.82,-273.75,1.29,0.41,0.13,50.06,-246.04,57.8,0
1.33,-1.45,0.06,-72.1,-137.07,-179.7,1.47,0.81,0.35,56.92,-172.87,150.4,0
0.99,-1.99,0.32,-98.08,-189.05,-58.23,1.28,0.75,1.02,107.07,-102.71,171.31,0
0.06,-2.31,1.13,25.24,-167.35,43.32,0.18,1.33,1.39,19.21,34.18,157.35,0
-0.5,-1.63,1.67,38.57,-51.52,187.9,-0.25,0.89,1.1,-31.37,140.64,28.99,0
-0.21,-0.79,0.87,32.9,74.27,282.35,-0.3,0.39,0.81,-45.76,280.52,-125.06,0
0.08,-0.38,0.24,40.95,134.24,244.45,0.1,0.23,0.9,-31.92,260.52,-201.16,0
0.48,0.08,-0.06,-47.41,202.68,90.91,0.51,0.14,0.53,-159.3,42.5,-185.27,0
0.58,-0.04,-0.18,79.76,185.98,-130.95,0.66,0.49,0.78,-9.79,-147.01,-162.77,0
0.76,-0.65,-0.48,40.0,51.04,-285.49,0.78,1.15,0.12,63.9,-268.9,48.11,0
0.88,-1.57,-0.12,124.48,-139.12,-258.05,1.26,0.42,0.47,197.1,-187.13,73.6,0
1.05,-1.79,0.34,13.48,-251.77,-127.44,1.23,0.74,0.78,222.53,-114.54,187.23,0
0.7,-1.28,0.67,-11.4,-217.35,-50.43,1.0,0.79,0.73,129.3,-64.54,173.45,0
0.37,-1.49,0.92,-19.48,-68.57,22.59,0.84,0.4,0.97,-17.35,-19.94,74.09,0
-0.23,-1.88,0.8,-44.24,36.74,128.6,0.27,0.52,0.81,-139.42,79.66,-1.62,0
-0.23,-1.05,0.45,7.62,80.73,249.7,0.1,0.42,0.81,-34.09,223.75,-131.1,0
-0.11,-0.58,0.26,93.81,121.37,239.54,-0.03,0.06,0.91,-9.91,244.6,-206.28,0
0.03,-0.01,0.14,25.61,152.44,127.84,0.1,0.26,0.66,-56.95,122.04,-182.16,0
0.26,-0.05,-0.09,49.88,170.09,-49.48,0.34,0.24,0.7,-13.32,-50.79,-152.71,0
0.84,-0.14,-0.22,12.01,166.62,-234.91,0.79,0.44,0.46,-15.95,-251.89,-74.27,0
1.45,-0.86,-0.36,82.68,98.72,-330.34,1.63,0.13,0.0,-17.01,-263.45,-28.87,0
1.63,-1.18,-0.13,25.95,54.02,-332.65,1.69,0.53,0.23,-65.7,-289.97,-4.91,0
1.5,-0.73,0.16,15.43,15.03,-326.46,1.2,0.25,0.24,-9.27,-281.83,-23.23,0
1.53,-1.41,0.1,-261.19,112.5,-224.82,1.54,0.52,0.4,-258.17,-264.79,-15.61,0
1.14,-1.07,-0.03,-365.03,242.9,-152.29,0.87,0.13,0.44,-305.27,-256.8,-125.95,0
0.97,-0.83,-0.82,-606.86,368.41,21.62,0.94,0.0,0.42,-544.97,-179.82,-116.55,0
0.81,-1.13,-0.51,-311.28,377.04,124.21,0.82,-0.21,0.84,-436.16,-64.91,-195.15,0
0.67,-0.84,-0.66,-123.81,304.42,95.37,0.76,0.55,0.49,-233.72,-42.5,-197.59,0
0.66,-1.73,-0.48,-28.87,174.39,157.99,1.2,0.25,0.64,-216.28,58.78,-108.35,0
-0.07,-1.44,-0.0,34.66,64.85,210.03,0.27,0.46,0.93,-99.33,146.1,-70.58,0
-0.72,-0.46,0.42,18.66,88.75,239.45,-0.62,0.16,0.92,-85.15,192.77,-110.88,0
-0.52,-0.13,0.26,30.67,112.23,187.84,-0.38,0.01,0.82,-39.3,195.09,-134.12,0
-0.4,0.06,0.15,-41.83,105.27,72.71,-0.21,0.38,0.62,-91.19,63.9,-96.22,0
-0.07,0.03,0.05,-3.45,89.6,-57.29,0.0,0.21,0.57,-32.5,-66.28,-57.29,0
0.31,-0.24,-0.24,70.21,62.71,-219.88,0.34,0.32,0.48,20.34,-218.84,-5.24,0
0.92,-0.79,-0.19,100.21,-23.29,-316.83,1.02,0.2,0.51,131.34,-253.35,9.88,0
1.29,-1.54,0.0,47.93,-120.24,-244.02,1.48,0.55,0.37,91.28,-226.68,99.12,0
0.77,-1.99,0.04,-123.54,-145.73,-121.37,1.32,0.51,1.01,24.18,-144.45,140.06,0
0.15,-1.86,0.73,-26.65,-122.32,-11.83,0.73,0.63,1.1,34.02,-35.06,109.6,0
-0.28,-1.72,1.11,36.16,-74.79,95.61,0.43,0.55,1.06,26.01,67.35,66.92,0
-0.18,-1.27,0.91,55.18,12.74,189.73,0.3,0.5,0.9,32.9,167.99,-29.39,0
-0.07,-0.83,0.54,3.32,112.13,222.77,0.11,0.21,0.87,-61.95,225.18,-118.11,0
0.02,-0.68,0.16,43.32,135.64,192.65,0.25,0.22,0.81,-47.56,196.98,-144.51,0
0.07,-0.26,0.07,21.31,132.53,85.12,0.23,0.2,0.88,-58.2,100.15,-134.21,0
0.33,-0.18,-0.21,47.56,92.1,-73.23,0.55,0.27,0.51,-18.45,-65.15,-87.8,0
0.57,-0.32,-0.15,57.65,28.99,-202.13,0.65,0.32,0.37,39.15,-154.85,-29.42,0
0.77,-0.55,-0.25,51.98,-54.76,-270.58,0.83,0.25,0.47,86.86,-234.05,42.16,0
1.09,-1.2,0.01,7.77,-122.93,-256.59,1.21,0.37,0.42,114.12,-222.62,72.68,0
1.27,-1.6,0.4,26.28,-182.5,-159.73,1.44,0.49,0.5,158.87,-163.23,118.08,0
0.85,-2.02,0.56,-45.3,-161.71,-33.41,1.3,0.64,0.74,42.56,-39.51,153.11,0
0.34,-1.78,0.79,13.41,-115.15,95.95,0.8,0.79,0.81,50.79,65.34,83.02,0
0.02,-1.35,0.86,59.57,-44.24,195.15,0.34,0.55,0.89,12.2,163.26,17.16,0
-0.02,-1.07,0.64,74.51,42.1,238.14,0.22,0.24,0.78,-3.35,230.34,-76.22,0
0.08,-0.6,0.26,73.81,118.51,230.52,0.18,0.1,0.7,-3.2,233.2,-155.82,0
0.13,-0.23,0.01,42.35,152.77,152.87,0.41,0.19,0.75,-77.74,176.01,-157.77,0
0.41,-0.04,-0.22,23.05,149.54,-23.72,0.59,0.27,0.54,-94.63,-32.93,-128.99,0
0.51,-0.04,-0.17,12.38,63.78,-186.31,0.58,0.46,0.39,32.59,-157.53,-51.19,0
0.61,-0.36,-0.23,26.62,-47.71,-302.47,0.52,0.6,0.47,71.71,-280.91,82.26,0
1.14,-1.3,0.01,53.35,-155.91,-304.94,1.22,0.23,0.43,173.57,-232.01,92.13,0
1.45,-1.9,0.33,96.49,-223.26,-163.32,1.63,0.62,0.34,234.15,-134.02,125.09,0
1.03,-1.81,0.24,83.08,-257.47,3.6,1.24,0.88,0.63,158.99,22.47,187.13,0
0.67,-1.38,0.48,143.29,-266.55,124.66,0.79,0.8,0.74,219.94,123.72,153.6,0
0.22,-1.0,0.4,115.21,-246.28,194.73,0.33,0.47,0.84,182.93,185.46,159.63,0
-0.02,-0.6,0.13,122.99,-239.48,191.34,0.04,0.27,0.82,177.9,200.95,141.43,0
-0.18,-0.46,-0.07,135.82,-219.3,123.23,0.2,-0.13,1.16,243.96,146.89,107.32,0
-0.09,-1.14,-0.53,255.52,-227.29,26.68,0.62,-0.34,1.28,280.88,68.84,90.18,0
0.44,-1.85,-0.33,284.94,-254.27,75.12,1.09,0.22,1.03,283.78,112.41,111.92,0
0.65,-1.74,0.42,147.65,-231.37,207.74,1.19,0.23,1.2,286.98,203.2,89.51,0
0.26,-1.44,0.49,70.03,-131.77,283.02,0.5,0.11,0.88,111.83,242.01,69.39,0
-0.28,-0.63,0.28,7.1,-44.7,315.46,-0.22,-0.09,0.8,39.48,329.82,-34.3,0
-0.11,0.03,0.04,-68.6,1.71,255.18,-0.06,0.07,0.63,-18.93,274.36,-64.05,0
-0.03,0.01,-0.02,-42.68,42.38,83.2,0.23,0.14,0.91,-92.53,85.95,-19.66,0
0.3,-0.33,-0.08,-60.27,16.28,-101.07,0.59,0.59,0.5,7.13,-107.77,18.08,0
0.81,-0.37,-0.12,2.44,-53.87,-237.29,0.83,0.67,0.18,93.78,-182.59,129.05,0
1.05,-1.18,0.02,144.39,-138.45,-247.62,1.1,0.49,0.11,100.76,-158.78,142.71,0
1.3,-0.74,0.39,-5.91,-227.56,-145.7,1.1,1.15,-0.08,179.66,-79.09,173.26,0
1.31,-1.21,0.78,77.2,-222.38,-60.95,1.25,0.79,0.22,113.14,-51.77,190.15,0
0.76,-1.96,1.23,-13.54,-170.34,34.21,0.94,1.17,0.89,30.37,6.86,184.18,0
-0.15,-1.66,1.55,-4.45,-37.53,174.09,0.06,0.87,0.98,-43.23,116.13,40.0,0
-0.01,-0.92,1.09,41.77,62.41,265.12,-0.04,0.64,0.76,-39.97,241.07,-73.96,0
0.04,-0.63,0.37,-11.19,110.18,279.76,0.11,0.35,0.8,-45.0,275.85,-143.72,0
0.15,-0.36,0.11,23.38,135.73,176.89,0.56,0.26,1.03,-49.97,187.44,-154.02,0
0.32,-0.13,-0.2,-54.82,141.77,26.77,0.53,0.29,0.55,-118.96,15.55,-109.91,0
0.61,-0.14,-0.2,50.79,99.05,-137.71,0.75,0.28,0.44,-14.51,-120.12,-74.39,0
0.7,-0.36,-0.37,52.74,-29.15,-272.04,0.64,0.88,0.26,133.69,-243.57,71.95,0
1.15,-0.93,-0.19,-118.6,-151.43,-274.54,0.95,0.63,0.28,158.29,-242.23,147.44,0
1.46,-1.91,0.08,52.93,-216.43,-223.17,1.64,0.84,0.22,232.9,-138.51,160.88,0
1.22,-2.22,0.53,-50.0,-206.19,-82.44,1.61,1.01,0.65,142.38,-61.1,166.95,0
0.48,-1.86,0.94,18.45,-54.45,73.08,0.95,0.75,1.06,-19.6,39.15,35.24,0
-0.19,-1.69,0.93,81.92,65.37,202.32,-0.04,0.37,0.93,-123.08,156.34,-84.91,0
0.03,-0.65,0.42,73.84,133.02,276.1,-0.07,0.44,0.56,-36.71,241.25,-207.71,0
0.11,-0.3,0.21,102.29,176.74,222.99,0.07,0.26,0.8,-34.63,206.8,-249.24,0
0.06,-0.16,0.06,-17.16,167.5,77.71,0.25,0.75,0.76,-75.24,41.89,-166.77,0
0.49,-0.16,-0.05,31.46,152.5,-92.2,0.59,0.34,0.47,-55.7,-89.45,-104.45,0
0.89,-0.64,-0.4,-0.03,128.02,-226.95,0.79,0.6,0.38,43.35,-244.91,-28.99,0
1.15,-0.72,-0.31,14.39,65.15,-240.7,1.06,0.2,0.28,-31.55,-201.89,32.41,0
1.03,-1.27,-0.25,6.13,-1.34,-243.14,1.32,0.26,0.53,28.14,-217.8,49.09,0
1.12,-1.2,0.0,-109.12,24.97,-210.61,1.42,0.16,0.5,-91.52,-222.16,68.9,0
1.41,-1.22,0.19,-175.21,158.17,-162.8,1.72,0.36,0.68,-165.43,-211.43,-68.63,0
1.3,-1.61,0.14,-307.47,333.78,-41.86,1.35,-0.13,0.6,-380.52,-166.74,-150.06,0
1.02,-1.04,-0.38,-311.89,478.9,113.54,0.75,-0.34,0.74,-483.32,-72.87,-279.36,0
0.71,-0.41,-0.77,-362.47,500.64,209.97,0.24,-0.28,0.88,-446.07,0.49,-339.02,0
0.75,-0.0,-0.57,-34.15,436.95,146.98,0.18,-0.06,0.72,-319.94,-9.36,-344.27,0
0.33,-0.19,-0.75,81.86,315.34,-62.16,0.4,0.41,0.63,-131.62,-146.65,-217.8,0
0.52,-0.8,-0.99,-23.87,139.94,-145.52,0.9,0.41,0.3,17.47,-177.65,-105.09,0
0.78,-1.75,-0.57,109.42,-11.07,-54.12,1.52,0.18,0.48,45.37,-51.77,-29.18,0
0.16,-1.8,0.21,38.05,-59.76,66.77,0.93,0.4,1.05,-17.84,49.12,49.39,0
-0.71,-1.71,0.79,-20.49,15.73,164.48,-0.02,0.22,1.49,-81.62,95.37,-14.18,0
-0.74,-0.75,0.54,-17.59,89.97,260.55,-0.57,0.32,0.86,-126.8,250.12,-87.56,0
-0.42,-0.2,0.18,41.68,72.74,215.03,-0.27,0.26,0.89,-35.43,225.0,-93.51,0
-0.24,0.01,0.08,24.88,51.37,53.35,0.19,0.41,0.93,-54.82,85.64,-45.12,0
0.03,-0.01,-0.03,13.23,31.83,-99.51,0.17,0.18,0.55,10.58,-106.25,-17.8,0
0.38,-0.32,-0.19,59.63,8.69,-230.98,0.46,0.11,0.52,66.98,-192.5,6.8,0
1.06,-0.61,-0.19,-29.85,-59.91,-280.46,1.13,0.28,0.23,113.45,-241.13,41.55,0
1.47,-1.22,0.06,24.51,-93.72,-209.33,1.52,0.15,-0.06,65.34,-191.22,65.76,0
1.16,-1.8,0.32,-55.4,-88.69,-92.26,1.55,0.63,0.49,-18.23,-99.21,113.35,0
0.6,-1.81,0.34,-66.4,-96.74,-20.27,1.23,0.75,0.88,14.02,-41.04,105.85,0
-0.0,-1.81,0.6,19.63,-65.18,57.71,0.62,0.55,1.07,-14.91,17.8,58.9,0
-0.29,-1.63,0.88,14.79,-32.71,166.71,0.26,0.59,1.01,-23.26,127.84,23.45,0
-0.28,-0.95,0.46,39.18,21.1,243.2,0.09,0.3,0.88,20.43,242.32,-67.1,0
-0.07,-0.55,0.25,108.81,64.09,223.38,0.08,-0.0,0.86,12.77,241.1,-104.48,0
-0.11,-0.26,0.04,27.13,90.61,135.09,0.27,0.35,0.79,-23.87,141.95,-114.05,0
0.06,-0.23,-0.02,47.23,103.93,-1.46,0.32,0.08,0.75,-43.29,13.2,-91.77,0
0.32,-0.21,-0.17,-10.61,79.54,-111.98,0.48,0.31,0.37,-22.23,-92.23,-65.85,0
0.64,-0.35,-0.22,29.39,25.52,-232.2,0.72,0.21,0.41,18.6,-208.75,-9.3,0
1.0,-1.0,-0.09,22.96,-39.97,-281.25,1.15,0.33,0.52,20.12,-244.79,70.03,0
1.3,-1.4,-0.07,-93.17,-123.57,-210.27,1.46,0.66,0.26,127.38,-222.04,73.38,0
1.05,-1.91,0.35,-5.18,-151.46,-91.16,1.54,0.6,0.74,96.65,-87.23,110.55,0
0.45,-1.97,0.53,-22.84,-153.14,12.68,1.21,0.76,0.94,41.68,1.25,133.02,0
0.04,-1.39,0.6,104.39,-116.8,96.71,0.4,0.48,0.9,51.49,61.98,63.78,0
0.06,-1.31,0.68,62.16,-78.66,150.79,0.43,0.46,0.8,58.32,131.37,32.99,0
-0.09,-0.94,0.35,117.04,13.9,187.44,0.24,0.2,0.83,89.05,175.27,-98.08,0
-0.1,-0.86,0.25,134.82,59.54,193.72,0.22,0.07,0.74,35.58,234.05,-129.27,0
-0.1,-0.32,0.01,157.96,95.06,139.54,0.25,0.13,0.71,54.18,188.17,-182.99,0
-0.05,-0.09,-0.09,17.53,96.92,16.28,0.2,0.26,0.73,0.79,34.42,-109.73,0
0.07,-0.12,-0.08,-25.24,56.46,-122.65,0.31,0.36,0.61,-24.85,-106.4,-25.37,0
0.15,-0.39,-0.14,-9.88,-38.51,-225.88,0.18,0.61,0.56,57.41,-159.24,61.22,0
0.53,-1.07,-0.18,42.9,-172.65,-289.18,0.58,0.57,0.66,183.05,-197.44,154.57,0
1.22,-1.17,-0.32,263.45,-323.38,-222.99,1.18,0.35,0.35,424.45,-98.29,174.51,0
1.41,-1.19,0.7,386.4,-372.96,-34.05,0.99,0.67,0.29,470.64,86.8,178.17,0
1.18,-0.83,0.2,262.99,-299.18,116.52,1.08,0.82,0.35,346.89,161.55,129.79,0
1.01,-0.58,0.11,222.77,-236.74,127.99,0.88,0.41,0.31,172.9,169.3,132.62,0
0.93,-0.37,-0.07,263.72,-187.5,89.02,1.04,0.02,0.21,259.6,131.25,62.41,0
1.02,-0.61,-0.44,322.84,-144.18,88.69,1.12,-0.1,0.17,237.59,117.5,39.85,0
1.33,-1.28,-0.13,254.45,-117.01,164.94,1.48,0.23,0.09,207.8,152.1,28.26,0
0.79,-1.27,0.21,85.76,-81.95,262.84,1.01,0.36,0.72,101.31,240.09,50.34,0
0.28,-1.0,0.36,138.93,-40.09,303.05,0.35,0.17,0.93,112.41,270.21,15.95,0
0.06,-0.92,0.17,106.83,-9.73,288.6,0.07,0.14,0.94,83.29,274.51,-30.7,0
0.01,-0.66,0.18,75.06,27.74,224.36,0.4,0.2,1.17,71.59,239.02,-86.4,0
0.04,-0.66,0.01,32.44,38.23,160.43,0.45,0.09,0.73,-15.21,201.1,-53.29,0
-0.03,-0.31,0.03,-2.29,49.82,57.77,0.35,0.06,0.86,27.2,64.45,-76.13,0
0.2,-0.36,-0.01,-11.77,28.41,-62.38,0.46,0.29,0.42,-62.71,-26.43,13.41,0
0.37,-0.19,-0.07,-61.77,-12.56,-144.36,0.51,0.41,0.29,80.09,-135.73,-11.4,0
0.72,-0.59,0.16,58.66,-58.87,-232.96,0.68,0.28,0.47,-0.85,-196.83,101.92,0
1.25,-1.18,-0.06,-102.9,-112.13,-213.84,1.24,0.78,0.18,55.58,-193.63,126.92,0
1.24,-0.65,0.21,54.3,-149.05,-197.99,1.09,0.48,-0.03,148.29,-183.72,75.24,0
1.47,-1.25,0.58,-52.2,-131.62,-103.17,1.53,0.69,0.1,17.8,-100.03,145.76,0
1.44,-1.75,0.62,-67.8,-96.19,-8.08,1.87,0.6,0.39,5.64,-62.99,95.49,0
0.66,-1.91,0.74,-41.13,-57.62,110.4,1.17,0.89,0.83,-36.07,46.62,69.94,0
0.08,-1.62,0.93,-25.09,3.78,218.41,0.34,0.87,0.91,-138.41,158.38,28.99,0
-0.34,-0.78,0.48,61.25,24.91,259.7,-0.19,0.25,0.8,1.74,260.03,-74.48,0
-0.25,-0.34,-0.04,89.33,43.23,237.53,-0.11,0.06,0.67,16.19,253.05,-106.1,0
-0.23,-0.16,-0.06,76.28,52.9,151.43,0.07,0.01,0.75,14.91,189.21,-94.02,0
-0.07,-0.04,-0.24,44.63,61.86,-14.79,0.31,-0.12,1.03,5.06,10.46,-58.11,0
0.45,-0.33,-0.34,-76.04,23.23,-169.94,0.74,0.32,0.16,-12.9,-143.02,32.35,0
1.18,-0.71,-0.18,33.84,-27.84,-267.74,1.26,-0.01,0.29,72.68,-227.2,16.55,0
1.46,-1.15,-0.16,58.35,-78.69,-243.26,1.44,0.37,0.25,9.45,-161.74,125.15,0
1.47,-1.06,0.07,-134.85,-101.07,-114.39,1.59,0.8,0.02,56.34,-113.45,58.84,0
1.39,-1.52,0.65,-43.96,-86.77,-11.1,1.58,0.31,0.46,-52.96,-64.12,99.39,0
0.38,-2.22,0.56,-58.69,-56.55,74.12,1.25,0.77,1.11,-49.33,5.91,93.93,0
-0.6,-1.79,0.62,-19.24,0.88,167.29,0.01,0.18,1.33,-87.16,95.43,5.67,0
-0.38,-0.71,0.4,62.01,70.27,247.93,-0.22,0.18,0.66,-32.2,244.36,-99.91,0
-0.22,-0.4,-0.0,63.51,100.3,241.16,-0.09,-0.02,0.8,-32.77,263.54,-128.54,0
0.04,-0.3,-0.07,130.85,102.74,93.9,0.42,0.2,1.13,12.29,99.94,-125.21,0
0.35,-0.08,-0.22,30.67,68.14,-85.3,0.56,0.23,0.72,7.56,-52.9,-70.49,0
0.78,-0.24,-0.24,-1.01,0.98,-244.02,0.84,0.35,0.21,44.88,-202.74,14.24,0
1.49,-1.1,-0.09,92.71,-71.16,-296.34,1.49,0.33,-0.01,124.33,-247.96,38.02,0
1.54,-1.09,0.14,-0.37,-106.28,-228.99,1.52,0.23,0.03,112.59,-196.68,65.21,0
1.22,-1.04,0.11,-12.29,-93.6,-163.75,1.26,0.21,0.28,30.85,-167.99,68.29,0
1.34,-1.6,0.43,-86.89,-9.42,-104.15,1.62,-0.01,0.54,-61.52,-148.29,45.43,0
0.88,-1.38,0.34,-245.27,141.98,-16.43,1.28,0.12,0.67,-241.68,-90.37,-26.34,0
0.88,-1.14,0.11,-221.01,283.48,38.38,1.08,-0.11,0.64,-271.55,-57.62,-169.76,0
0.78,-1.18,0.17,-135.49,393.45,109.09,0.69,0.03,0.61,-342.68,5.79,-258.57,0
0.56,-0.79,0.12,-57.84,439.24,147.71,0.23,0.22,0.72,-272.65,49.39,-357.23,0
0.24,-0.56,0.23,57.29,391.86,148.2,-0.33,0.59,0.64,-183.38,71.49,-383.17,0
0.13,-0.37,0.13,103.11,339.85,105.55,-0.12,0.51,0.64,-116.04,57.35,-343.29,0
0.05,-0.15,-0.19,108.93,299.21,-0.34,-0.14,0.45,0.58,-97.32,-41.4,-285.3,0
0.13,-0.13,0.06,80.18,248.32,-93.72,-0.01,0.46,0.47,-85.24,-111.4,-201.98,0
-0.01,-0.33,-0.08,36.04,190.4,-183.81,0.14,0.25,0.66,-76.43,-179.54,-112.59,0
0.24,-0.57,-0.05,-12.99,135.98,-220.03,0.32,0.18,0.55,-41.07,-215.46,-117.99,0
0.16,-1.05,-0.05,-1.19,105.09,-237.56,0.3,0.24,0.79,-76.68,-210.91,-68.08,0
0.29,-1.48,-0.26,-70.15,25.67,-162.62,0.85,0.5,0.78,-15.88,-162.1,-3.11,0
0.38,-1.36,-0.24,7.96,-58.17,-155.09,0.98,0.16,1.02,124.27,-154.21,-0.3,0
0.42,-1.83,-0.01,18.17,-95.88,-104.79,1.17,0.31,1.06,55.91,-129.33,90.09,0
0.01,-2.34,0.55,9.51,-103.32,33.66,0.99,0.53,1.26,22.1,0.06,92.32,0
-0.54,-1.97,0.91,1.77,-40.37,194.09,0.08,0.62,1.25,-50.88,142.9,34.82,0
-0.34,-1.08,0.61,53.78,25.98,288.72,-0.1,0.31,0.99,-12.59,279.36,-77.23,0
-0.33,-0.42,0.07,16.13,45.06,277.9,-0.18,0.14,0.85,-33.08,309.79,-87.2,0
-0.24,0.13,0.05,87.07,62.71,147.8,-0.05,0.12,0.66,-0.73,182.38,-112.9,0
-0.24,0.01,-0.08,8.87,58.84,10.64,0.01,0.2,0.76,-33.9,9.18,-45.82,0
0.07,-0.08,-0.07,59.15,47.53,-164.21,0.28,-0.04,0.64,45.79,-156.01,-48.17,0
0.63,-0.41,-0.16,6.86,13.17,-239.73,0.56,0.26,0.25,49.51,-192.8,6.04,0
1.09,-0.43,-0.38,-19.7,-44.39,-287.74,0.85,0.15,0.06,126.46,-266.25,27.8,0
1.32,-0.96,-0.1,61.28,-75.37,-312.26,1.29,0.17,0.5,96.19,-279.54,80.67,0
1.7,-1.89,-0.04,-57.2,-108.69,-240.88,2.01,0.57,0.34,52.26,-217.53,146.46,0
1.38,-2.06,0.08,-93.9,-114.36,-100.61,1.88,0.71,0.62,28.9,-122.35,121.22,0
0.53,-1.9,0.49,-0.85,-120.79,-10.4,1.11,0.73,0.82,11.95,-9.15,123.26,0
0.1,-1.61,0.86,25.4,-105.18,88.75,0.59,0.6,0.92,56.46,61.28,73.93,0
-0.03,-1.58,0.55,35.46,-25.76,224.18,0.63,0.34,0.93,21.19,212.74,-7.35,0
0.12,-0.99,0.21,93.26,-1.65,298.11,0.3,0.2,0.73,3.63,293.45,-45.46,0
0.03,-0.79,-0.1,22.77,21.49,269.57,0.39,-0.07,0.86,-2.65,252.5,-68.87,0
0.09,-0.61,0.0,121.77,67.26,199.63,0.34,0.09,0.76,28.29,187.99,-120.27,0
0.2,-0.3,0.0,93.96,105.73,65.37,0.48,0.13,0.67,-74.79,100.3,-98.96,0
0.35,-0.01,-0.02,33.87,101.8,-81.98,0.49,0.15,0.61,4.66,-55.7,-119.51,0
0.38,-0.03,-0.12,33.26,56.16,-233.29,0.29,0.4,0.46,14.82,-198.02,-31.77,0
0.78,-0.79,-0.06,-17.38,-17.2,-307.41,0.93,0.08,0.48,9.02,-275.09,-4.21,0
1.16,-1.51,-0.01,-45.21,-60.82,-265.24,1.32,0.24,0.35,75.55,-243.99,30.88,0
0.96,-1.28,-0.18,82.29,-123.6,-190.91,1.23,0.51,0.53,161.68,-148.35,35.06,0
1.09,-1.76,0.49,23.6,-133.51,-78.26,1.57,0.43,0.57,99.33,-64.27,77.71,0
0.55,-1.5,0.38,-27.07,-128.38,31.74,1.02,0.69,0.68,73.84,22.16,83.17,0
0.06,-1.25,0.49,102.13,-92.59,102.32,0.4,0.52,0.92,48.99,71.46,42.93,0
-0.06,-1.01,0.36,-8.32,-98.35,148.14,0.35,0.62,0.79,62.04,133.96,47.74,0
-0.15,-1.08,-0.08,-23.05,-128.96,179.05,0.27,0.37,0.74,74.05,138.78,71.52,0
-0.25,-1.15,-0.08,53.26,-157.8,219.57,0.09,0.34,0.91,65.79,208.26,71.55,0
-0.29,-1.1,-0.08,49.36,-198.66,260.37,0.05,0.23,1.11,68.51,308.32,106.34,0
-0.4,-0.83,-0.37,41.4,-228.26,239.45,0.06,0.11,1.26,90.34,287.13,150.34,0
-0.37,-0.65,-0.43,53.96,-247.56,169.91,-0.05,-0.18,1.21,93.45,212.35,182.77,0
-0.58,-1.0,-0.43,-19.27,-244.66,123.54,0.04,-0.36,1.18,92.32,138.23,201.74,0
-0.74,-1.28,-0.28,-42.07,-224.51,178.38,-0.06,-0.31,1.23,65.34,190.46,183.78,0
-0.62,-0.88,-0.06,-68.45,-188.11,224.21,-0.25,-0.23,1.15,16.01,240.64,168.54,0
-0.39,-0.55,0.06,-101.49,-139.33,195.88,-0.04,-0.04,0.95,-44.82,215.24,147.9,0
-0.22,-0.22,0.09,-88.57,-73.69,103.11,0.14,-0.01,0.78,-64.15,111.74,124.57,0
-0.06,-0.09,0.15,-96.65,-25.73,-23.99,0.15,0.02,0.85,-51.74,-24.18,76.65,0
0.29,-0.34,0.07,-106.1,-9.45,-165.82,0.44,0.49,0.45,-45.34,-179.02,97.84,0
0.69,-0.79,0.09,-86.98,-39.79,-238.6,0.79,0.66,0.48,21.34,-213.26,85.73,0
1.17,-1.26,0.22,-119.33,-76.28,-261.77,1.16,0.84,0.31,44.91,-244.33,128.11,0
1.09,-1.41,0.36,90.88,-117.23,-243.69,1.37,0.67,0.48,115.3,-190.09,104.76,0
1.06,-2.04,0.65,-74.91,-147.26,-135.34,1.22,1.37,0.58,-25.09,-140.82,183.23,0
0.47,-1.82,0.76,-19.15,-150.24,-28.69,0.89,1.16,0.72,119.09,-61.01,105.7,0
-0.46,-1.85,0.9,34.66,-90.43,101.89,0.13,0.8,1.09,-17.84,81.16,64.09,0
-0.43,-1.35,0.8,15.27,-35.09,238.87,-0.15,0.41,0.88,11.55,225.46,-46.59,0
-0.28,-0.56,0.12,2.35,14.94,277.93,0.06,0.22,0.81,5.98,296.71,-113.66,0
-0.11,-0.37,0.09,27.29,60.76,200.09,0.08,-0.0,0.96,-38.23,206.52,-129.42,0
0.27,-0.13,-0.17,28.17,118.93,31.59,0.45,0.27,0.75,-60.82,-6.86,-105.43,0
1.02,-0.07,-0.29,56.43,120.0,-177.04,1.07,0.41,0.36,-52.07,-172.16,-50.85,0
1.41,-0.81,-0.37,108.51,-8.81,-306.19,1.28,1.15,-0.33,152.9,-250.76,64.85,0
1.42,-1.16,-0.24,114.66,-196.28,-217.62,1.39,0.83,0.11,182.65,-152.16,139.33,0
0.84,-2.24,0.51,-74.6,-212.93,-81.77,1.32,0.77,1.18,163.69,-75.88,170.4,0
0.13,-2.08,1.23,-14.7,-123.48,82.59,0.34,1.13,1.05,-22.84,77.23,112.32,0
-0.02,-1.28,1.03,47.87,-8.29,207.35,0.19,0.53,0.76,-23.45,154.66,-40.15,0
0.04,-0.35,0.61,4.39,59.76,213.69,-0.05,0.39,0.52,-27.77,216.31,-140.95,0
0.07,-0.08,0.08,14.21,128.87,131.37,0.11,0.12,0.56,-23.69,74.27,-173.66,0
0.56,-0.41,-0.02,-1.52,209.33,-17.32,0.71,0.29,0.77,-106.98,-91.1,-147.84,0
0.91,-0.04,-0.34,102.32,180.73,-187.07,0.74,0.38,0.13,8.38,-176.62,-115.91,0
0.97,-0.81,-0.56,20.73,32.16,-278.99,0.93,0.66,0.03,-31.59,-257.26,86.4,0
1.37,-1.07,-0.07,17.29,-157.23,-260.82,1.23,0.49,-0.07,262.47,-230.7,92.13,0
1.6,-1.39,0.66,99.63,-145.49,-162.35,1.57,0.12,0.38,30.52,-136.46,152.53,0
0.97,-1.28,0.34,-253.29,25.43,-70.58,1.45,0.51,0.36,-121.8,-85.4,67.23,0
0.67,-1.09,0.11,-179.7,165.03,-2.01,0.97,-0.12,0.58,-243.29,-69.66,-63.38,0
0.7,-1.29,0.1,-238.72,265.58,67.5,1.06,0.1,0.61,-292.41,-43.14,-134.12,0
0.63,-1.07,0.01,-172.99,331.52,147.96,0.7,0.05,0.67,-287.9,11.22,-211.74,0
0.68,-1.09,-0.08,32.62,358.84,164.94,0.58,0.17,0.82,-258.41,43.6,-288.75,0
0.54,-1.25,0.06,13.87,361.37,169.48,0.53,0.64,0.95,-215.7,50.64,-313.54,0
0.33,-1.01,0.28,131.43,331.01,170.0,-0.06,0.66,0.55,-180.3,96.4,-327.93,0
-0.15,-0.39,0.12,179.73,285.88,129.91,-0.4,0.44,0.66,-74.76,117.16,-326.59,0
-0.39,-0.04,0.05,212.38,232.71,28.99,-0.26,0.44,0.68,-13.93,45.58,-270.3,0
-0.32,-0.02,0.12,195.49,164.57,-96.83,-0.21,0.35,0.58,22.5,-49.45,-193.05,0
-0.28,-0.03,-0.2,86.55,95.67,-178.6,-0.23,0.16,0.55,40.12,-145.3,-124.97,0
0.04,-0.17,-0.03,39.36,30.03,-247.59,0.1,0.19,0.54,59.79,-222.53,-54.45,0
0.29,-0.78,-0.16,-9.02,-23.57,-264.05,0.47,0.23,0.65,8.2,-238.81,42.29,0
0.65,-1.39,-0.17,-79.05,-76.1,-260.52,1.02,0.36,0.97,90.3,-254.73,37.2,0
0.87,-2.03,0.29,-43.63,-115.37,-159.33,1.49,0.65,0.83,37.01,-162.68,103.6,0
0.3,-2.12,0.6,-104.12,-93.93,-53.81,0.97,0.56,1.17,-23.63,-98.14,118.6,0
-0.56,-2.05,0.99,-81.43,-13.63,72.35,0.19,0.74,1.24,-74.15,16.89,32.32,0
-0.55,-1.51,0.75,-4.6,53.17,238.99,-0.06,0.34,1.0,-50.76,201.86,-84.18,0
-0.08,-0.62,0.27,143.57,111.19,266.68,-0.03,0.07,0.89,-15.64,284.85,-178.48,0
0.0,-0.1,0.06,81.31,154.76,155.34,0.19,0.19,0.71,-32.35,157.84,-188.87,0
0.01,-0.01,-0.03,61.46,161.86,13.81,0.11,0.13,0.6,-75.7,33.93,-144.18,0
0.24,0.02,-0.09,91.19,102.84,-158.84,0.29,0.37,0.63,33.69,-142.56,-116.86,0
0.54,-0.26,-0.18,72.38,-11.28,-294.09,0.56,0.89,0.28,72.23,-260.18,50.12,0
1.19,-1.23,0.18,86.55,-141.77,-335.24,0.88,0.16,0.43,134.63,-302.26,85.46,0
1.22,-2.2,0.17,-0.67,-216.37,-199.57,1.59,0.62,0.84,167.74,-199.51,174.18,0
0.76,-2.06,0.52,-106.86,-192.96,-56.22,1.2,0.84,0.88,65.21,-82.96,164.12,0
0.18,-2.03,1.14,22.1,-118.48,86.52,0.78,0.59,0.98,104.85,58.05,61.52,0
-0.02,-1.92,1.05,4.21,-28.75,255.46,0.44,0.73,1.04,-41.86,211.04,19.94,0
0.15,-1.05,0.6,83.84,72.44,334.63,0.09,0.22,0.82,-15.88,318.66,-144.7,0
0.1,-0.15,0.15,44.66,124.24,269.33,0.13,0.5,0.73,-25.21,269.54,-180.18,0
0.01,-0.07,-0.03,75.85,144.91,128.57,0.18,0.02,0.71,-59.73,134.42,-169.3,0
0.08,0.16,-0.18,46.25,140.34,-44.63,0.13,0.19,0.58,-50.67,-23.29,-130.15,0
0.24,-0.09,-0.26,32.1,75.95,-211.49,0.37,0.36,0.47,-10.27,-183.17,-30.82,0
0.5,-0.22,-0.28,13.05,-47.65,-325.7,0.19,0.35,0.37,114.7,-290.15,66.59,0
0.97,-0.93,-0.17,46.13,-207.74,-391.62,0.73,0.46,0.64,241.04,-309.33,158.93,0
2.04,-2.21,-0.04,251.55,-350.34,-296.52,1.87,0.12,0.51,405.18,-187.29,226.31,0
1.69,-1.99,0.36,220.15,-386.92,-9.82,1.73,1.18,0.54,400.09,45.64,229.7,0
1.12,-1.52,0.52,220.21,-307.16,120.58,1.23,0.37,0.66,186.83,133.08,199.09,0
0.55,-0.58,0.12,115.27,-245.09,147.5,0.15,0.13,0.46,173.11,144.27,167.65,0
0.28,-0.27,-0.34,209.18,-113.02,100.73,0.2,0.11,0.61,261.1,109.51,-87.2,0
0.51,-2.17,-0.61,180.64,-190.12,130.4,1.19,-0.11,0.85,129.09,142.74,79.91,0
0.31,-1.0,-0.34,133.96,-217.32,200.76,0.67,0.08,0.63,276.59,185.67,97.29,0
0.13,-1.08,-0.26,64.12,-200.21,228.14,0.54,-0.23,0.77,169.42,204.76,105.64,0
-0.07,-1.0,-0.02,125.34,-196.1,244.91,0.23,0.01,0.87,167.62,280.88,82.13,0
-0.23,-0.83,-0.04,119.05,-170.49,217.38,0.34,0.21,1.02,168.05,230.0,75.73,0
-0.24,-0.45,-0.01,31.16,-138.45,161.95,0.17,0.0,0.98,108.75,206.74,54.66,0
-0.31,-0.21,-0.38,-39.88,-125.95,51.46,-0.01,-0.13,0.83,57.56,77.41,107.32,0
0.26,-0.15,-0.18,-57.47,-87.04,-83.93,0.65,-0.24,0.67,94.36,-57.56,68.05,0
0.99,-0.26,-0.33,-5.55,-85.49,-228.72,0.94,0.2,0.03,74.3,-164.94,101.01,0
1.67,-0.98,-0.31,-6.22,-127.07,-265.67,1.61,0.62,-0.44,119.27,-194.45,133.35,0
1.81,-1.11,0.39,45.95,-180.7,-173.81,1.61,0.54,-0.21,135.64,-115.98,144.73,0
1.32,-1.54,0.44,-15.49,-197.35,-10.76,1.49,0.73,0.48,83.29,-16.77,172.2,0
0.7,-1.84,0.64,9.3,-145.15,102.16,0.79,1.06,0.5,1.86,81.8,128.08,0
0.36,-1.51,0.86,62.8,-74.42,218.29,0.35,0.45,0.74,-27.26,182.2,52.35,0
0.32,-1.38,0.61,52.77,37.93,274.63,0.69,0.46,1.01,15.06,234.88,-83.51,0
0.29,-0.95,0.21,56.13,108.75,289.63,0.31,0.22,0.75,-79.09,266.83,-130.09,0
0.23,-0.58,0.09,76.95,139.66,256.28,0.28,0.17,0.82,-51.4,251.92,-175.34,0
0.21,-0.15,-0.06,52.44,143.23,133.02,0.43,0.36,0.59,-54.05,135.82,-173.54,0
0.31,-0.03,0.1,47.8,130.06,-33.96,0.36,0.33,0.58,-46.49,-32.8,-126.04,0
0.31,-0.12,-0.11,-13.54,96.4,-193.35,0.53,0.5,0.51,-19.88,-205.18,-54.85,0
0.61,-0.67,0.03,-1.65,22.01,-321.4,0.62,0.47,0.56,43.93,-282.44,11.49,0
0.74,-1.66,-0.11,147.9,-107.59,-338.26,0.96,0.61,0.75,166.07,-269.54,51.52,0
0.86,-2.27,-0.16,59.45,-251.1,-161.31,1.19,0.68,0.8,193.78,-144.57,181.68,0
0.5,-1.71,0.18,-49.91,-310.7,40.79,0.74,0.78,0.91,193.32,31.4,234.6,0
0.21,-1.64,1.16,46.71,-152.44,163.08,0.64,0.42,0.9,73.48,120.61,104.27,0
0.31,-1.28,1.36,110.43,49.15,279.88,0.28,0.46,0.65,-76.8,263.08,-74.45,0
0.18,-0.49,0.47,64.73,178.11,279.33,0.06,0.23,0.78,-42.35,299.39,-215.21,0
0.49,-0.26,0.05,123.23,246.55,149.15,0.36,0.3,0.71,-83.35,112.96,-272.44,0
0.62,-0.01,-0.27,29.97,247.56,-1.37,0.59,0.29,0.54,-122.9,1.74,-215.61,0
0.73,-0.05,-0.38,31.71,161.74,-225.12,0.78,0.31,0.41,-25.91,-211.52,-132.71,0
1.01,-0.76,-0.51,61.55,9.79,-360.91,1.16,0.43,0.37,26.31,-331.71,20.52,0
1.81,-1.72,0.02,10.91,-113.81,-345.52,1.78,0.04,0.29,152.77,-313.48,31.98,0
1.43,-1.71,0.19,-6.59,-105.03,-254.12,1.7,0.1,0.75,157.9,-232.04,59.57,0
1.02,-2.08,0.18,-153.17,30.3,-126.25,1.71,0.24,0.99,-156.74,-181.74,53.57,0
0.78,-1.88,0.26,-161.52,185.4,-7.04,1.34,-0.16,0.79,-191.62,-103.69,-110.73,0
0.4,-1.25,-0.03,-112.59,326.86,98.08,0.56,-0.29,0.86,-276.31,8.26,-221.83,0
0.41,-0.61,0.07,-90.67,389.85,157.47,-0.02,0.03,0.57,-264.79,57.38,-310.79,0
0.43,-0.6,0.12,-16.19,417.93,165.43,-0.01,0.32,0.66,-224.09,47.65,-364.94,0
0.31,-0.8,0.09,120.21,400.34,158.57,-0.14,0.54,0.7,-222.9,58.72,-378.72,0
-0.05,-0.3,0.05,62.16,326.8,97.96,-0.15,0.48,0.74,-142.23,48.41,-304.48,0
-0.11,-0.13,0.02,160.82,283.14,-33.84,-0.31,0.18,0.69,-76.4,-47.96,-270.64,0
-0.14,0.02,-0.07,43.14,218.38,-152.01,-0.12,0.47,0.61,-48.9,-154.21,-173.41,0
0.08,-0.38,-0.16,75.73,145.76,-272.56,0.03,0.28,0.64,-23.87,-269.97,-95.0,0
0.61,-1.0,-0.1,-1.07,27.23,-305.61,0.69,0.55,0.57,85.3,-286.04,-35.43,0
0.82,-1.87,-0.14,18.2,-58.48,-212.59,1.34,0.24,0.71,58.05,-190.76,35.37,0
0.35,-1.92,-0.14,-103.38,-121.25,-107.32,0.95,0.47,1.04,25.43,-128.84,110.34,0
-0.33,-1.87,0.14,-89.42,-95.37,-4.82,0.49,0.01,1.3,-15.43,-39.09,87.99,0
-0.66,-1.83,0.45,-68.23,-54.94,130.79,0.11,0.25,1.23,-60.46,87.38,59.7,0
-0.29,-1.28,0.56,69.15,-11.04,229.39,0.05,0.38,0.95,1.01,219.3,-34.45,0
-0.07,-0.54,0.26,102.8,47.87,202.65,0.12,0.36,0.83,-17.04,220.76,-90.27,0
-0.04,-0.28,0.1,80.79,75.03,81.04,0.23,0.04,0.78,5.34,102.38,-91.46,0
0.26,-0.2,-0.18,122.2,85.64,-68.38,0.5,0.04,0.7,33.9,-51.16,-96.49,0
0.67,-0.56,-0.31,22.16,54.12,-177.84,0.95,0.23,0.36,-25.18,-142.53,-33.75,0
0.71,-0.85,-0.19,-1.4,-15.24,-212.32,1.01,0.28,0.59,36.89,-195.06,1.37,0
0.69,-1.42,0.17,-17.47,-100.0,-182.35,1.14,0.26,0.86,65.46,-203.41,81.16,0
0.49,-1.58,0.44,-73.84,-142.47,-98.54,1.04,0.54,0.95,74.51,-128.2,108.38,0
0.0,-1.81,0.5,-35.03,-114.88,-22.99,0.63,0.34,1.09,36.28,-52.9,92.56,0
-0.29,-1.72,0.51,-36.62,-88.84,98.96,0.35,0.33,0.96,32.35,67.38,60.67,0
-0.25,-1.26,0.36,33.29,-29.54,210.3,0.24,0.19,0.88,26.34,190.4,-16.65,0
-0.11,-0.97,0.3,76.46,29.7,253.17,0.19,-0.02,0.89,-1.77,270.98,-76.89,0
-0.04,-0.35,0.13,86.04,98.96,182.65,0.25,0.09,0.92,-8.93,198.66,-141.46,0
0.33,-0.09,-0.13,41.62,148.54,0.64,0.55,0.11,0.73,-51.49,1.28,-127.77,0
0.78,-0.06,-0.2,53.69,121.34,-181.49,0.86,0.33,0.23,-16.1,-149.42,-104.79,0
0.86,-0.72,-0.15,71.01,15.55,-276.71,0.95,0.68,0.33,55.4,-232.99,11.34,0
0.98,-1.56,0.04,41.86,-116.71,-230.88,1.29,0.6,0.61,109.97,-193.72,48.48,0
0.65,-2.51,0.4,-26.25,-192.26,-53.72,1.34,0.73,1.21,117.35,-63.45,136.4,0
-0.34,-2.14,0.94,-37.41,-154.91,167.74,0.21,0.62,1.47,57.01,92.13,113.26,0
-0.5,-1.05,0.94,13.78,-18.41,307.87,-0.35,0.3,0.87,-42.84,265.0,-30.3,0
-0.21,-0.0,0.32,-135.7,17.41,314.33,-0.38,0.22,0.62,-21.04,324.63,-93.48,0
-0.19,-0.01,0.02,-193.41,52.29,171.65,0.06,0.14,1.25,-89.66,94.91,-67.04,0
0.14,0.13,-0.36,-118.14,89.66,-50.06,0.37,0.33,0.41,-78.87,-98.08,-9.18,0
0.21,-0.18,-0.31,110.64,41.98,-258.05,0.22,0.16,0.46,124.45,-225.49,43.14,0
0.25,-0.65,-0.57,253.26,-143.81,-432.16,0.41,0.52,1.0,247.87,-242.65,206.92,0
1.18,-1.71,-0.86,418.87,-389.66,-323.66,1.14,-0.26,0.47,406.74,-189.82,256.62,0
1.09,-1.68,0.08,307.16,-433.41,-16.1,1.04,0.46,0.92,390.49,64.94,245.18,0
0.97,-1.06,0.26,264.66,-369.36,122.5,0.85,0.17,0.87,354.6,142.93,220.09,0
0.68,-1.11,0.19,280.24,-248.17,179.3,0.79,0.16,0.87,235.06,175.21,138.93,0
0.33,-1.2,0.22,136.16,-148.6,195.91,0.56,0.18,0.83,190.09,155.88,82.74,0
-0.0,-1.73,-0.1,146.89,-149.51,234.42,0.47,-0.01,1.08,155.55,212.1,90.85,0
0.02,-1.1,0.02,87.04,-111.77,273.45,0.42,-0.24,1.01,138.29,232.56,64.97,0
0.08,-1.04,0.03,56.34,-57.5,263.11,0.36,-0.25,0.91,75.88,244.79,29.24,0
-0.07,-0.94,-0.26,23.45,-15.27,211.31,0.5,-0.23,1.09,5.88,216.13,28.05,0
0.09,-0.35,-0.05,-32.29,11.59,154.7,0.46,-0.13,0.61,-40.3,180.73,39.05,0
0.04,-0.29,0.07,14.88,21.25,6.83,0.45,0.02,0.86,-50.06,-7.29,22.44,0
0.17,0.1,0.26,-28.41,-43.72,-138.93,0.24,0.6,0.54,32.32,-105.49,31.55,0
0.55,-0.14,0.18,16.68,-89.79,-275.4,0.42,0.73,0.5,-7.04,-241.1,37.99,0
1.35,-0.86,0.55,39.24,-164.15,-334.51,1.22,0.62,0.3,93.99,-280.91,34.88,0
1.79,-1.13,0.02,30.73,-218.35,-200.61,1.67,0.66,0.04,112.2,-208.11,115.82,0
1.29,-1.55,0.62,-30.52,-221.89,-64.91,1.58,0.73,0.81,180.73,-84.24,131.43,0
0.75,-1.48,0.57,-76.43,-202.38,18.35,1.23,0.21,0.93,145.67,-58.96,162.47,0
0.14,-1.74,0.73,48.08,-149.85,115.24,0.51,0.31,0.86,73.41,49.05,137.74,0
-0.16,-1.41,1.03,36.68,-39.76,266.28,0.15,0.09,1.24,70.12,149.39,11.86,0
0.48,-0.97,0.66,125.61,118.93,352.47,0.17,0.19,0.69,1.25,351.49,-166.92,0
0.66,-0.64,0.3,118.81,205.58,285.27,0.56,0.27,0.99,1.16,276.01,-269.73,0
0.7,-0.42,0.07,142.16,252.26,128.32,0.71,0.15,0.75,-80.95,154.45,-263.48,0
0.81,-0.07,-0.15,171.92,215.64,-95.79,0.85,0.56,0.41,-73.96,-32.84,-221.59,0
1.02,-0.14,-0.04,160.73,107.93,-282.5,0.92,0.52,0.18,0.67,-234.45,-164.51,0
0.89,-0.55,-0.09,-72.62,-21.31,-335.43,0.66,0.48,0.67,65.37,-313.45,-18.35,0
1.29,-1.43,-0.01,117.93,-145.88,-378.23,1.29,0.28,0.65,283.11,-369.82,-20.21,0
1.84,-2.23,0.65,33.78,-223.26,-221.04,2.09,0.85,0.33,131.55,-178.23,128.81,0
1.37,-1.87,0.69,-48.29,-231.16,-30.49,1.61,0.52,0.48,164.66,-70.61,170.49,0
0.31,-1.92,0.67,-43.51,-176.95,133.35,0.72,0.61,0.69,37.04,113.17,169.48,0
0.34,-1.37,1.13,33.48,-27.74,291.86,0.43,0.24,0.8,-31.8,212.47,2.44,0
0.41,-0.61,0.87,26.74,122.38,322.99,0.05,0.17,0.57,-113.32,333.6,-123.75,0
0.67,-0.04,0.32,54.51,241.49,238.48,0.2,0.17,0.49,-76.74,227.32,-273.72,0
1.17,-0.39,0.45,192.04,375.3,26.55,0.55,0.2,0.96,-132.47,3.41,-336.19,0
1.17,-0.7,0.17,246.65,352.1,-239.79,1.01,1.1,0.24,-130.55,-151.4,-283.96,0
0.99,-0.48,0.88,260.73,172.53,-303.29,0.85,0.98,0.35,5.34,-199.18,-253.02,0
1.14,-1.07,1.33,93.84,145.95,-284.02,1.47,0.71,0.56,3.32,-204.88,-273.96,0
0.84,-1.38,0.57,-170.12,285.15,-198.69,0.86,-0.14,0.73,-236.65,-105.85,-249.05,0
0.69,-0.71,-0.11,-10.3,307.47,-180.88,0.49,0.16,0.57,-93.51,-103.45,-334.33,0
0.55,-0.6,-0.42,-173.08,247.5,-164.3,0.52,0.2,0.48,-173.23,-145.18,-207.47,0
0.45,-0.57,-0.46,-165.09,168.69,-182.59,0.56,0.11,0.59,-83.66,-186.25,-142.5,0
0.42,-0.88,-0.51,-71.22,92.23,-215.85,0.45,0.26,0.54,-63.93,-216.62,-41.01,0
0.86,-1.47,-0.46,-66.49,-13.54,-151.71,1.4,0.24,0.27,31.04,-160.7,20.03,0
0.55,-1.18,-0.36,-39.79,-81.74,-86.98,1.05,0.25,0.68,47.74,-89.05,64.33,0
0.75,-1.86,0.16,-2.04,-70.43,-3.81,1.41,0.2,0.77,-13.72,-16.13,72.13,0
0.3,-1.74,0.73,-42.23,17.53,108.48,0.87,0.55,0.88,-120.46,58.69,24.57,0
-0.15,-1.33,0.83,-19.79,98.57,196.25,0.2,0.44,0.98,-123.51,138.02,-62.77,0
-0.19,-0.86,0.49,93.26,141.65,219.66,-0.01,0.26,0.92,-86.55,222.71,-139.73,0
-0.06,-0.44,0.19,49.94,166.52,167.13,0.18,0.25,0.81,-33.29,164.18,-172.99,0
0.06,-0.18,-0.0,12.53,169.42,68.87,0.24,0.16,0.65,-90.24,84.73,-156.13,0
0.3,-0.02,-0.22,35.15,151.25,-73.69,0.44,0.05,0.43,-85.34,-45.55,-125.24,0
0.4,-0.17,-0.27,39.88,86.62,-224.94,0.45,0.33,0.71,22.32,-217.65,-77.38,0
0.83,-0.68,-0.25,-15.4,-39.7,-307.47,0.94,0.44,0.49,47.71,-276.8,27.74,0
1.14,-1.91,0.12,4.45,-120.91,-223.35,1.65,0.59,0.57,127.56,-229.54,47.68,0
0.72,-1.94,0.12,-81.59,-181.74,-100.18,1.29,0.58,0.92,53.87,-103.17,162.2,0
0.11,-1.92,0.43,3.6,-172.44,34.97,0.75,0.48,1.01,122.5,-1.62,109.3,0
-0.21,-1.68,0.89,-129.05,-80.79,198.84,0.27,0.38,0.91,-32.87,169.7,47.74,0
-0.08,-1.39,0.46,-62.96,2.07,314.73,0.18,0.17,0.88,-10.82,287.35,-123.54,0
0.22,-0.62,-0.14,121.8,66.34,271.49,0.25,0.09,0.83,-18.29,238.32,-211.65,0
0.35,-0.17,-0.27,267.87,149.27,93.96,0.46,0.06,0.6,-24.82,102.07,-209.94,0
0.44,0.13,-0.33,121.8,139.27,-101.89,0.56,0.39,0.5,-34.97,-100.34,-116.43,0
0.68,-0.46,-0.46,158.41,32.74,-265.12,0.76,0.34,0.38,51.46,-215.09,-3.11,0
1.04,-0.84,-0.13,9.94,-131.01,-286.83,1.16,0.56,0.43,147.87,-229.21,108.51,0
1.18,-1.4,-0.02,81.77,-223.48,-185.95,1.38,0.34,0.49,175.15,-165.82,138.81,0
0.89,-1.92,0.61,-79.91,-208.6,-54.48,1.31,0.8,0.81,21.74,-60.09,196.77,0
0.38,-1.78,0.84,-60.34,-144.85,67.1,0.86,0.55,0.82,48.17,12.07,124.24,0
0.08,-1.57,1.01,26.89,-41.92,184.73,0.46,0.45,0.79,-18.26,139.21,28.48,0
-0.02,-0.72,0.55,12.1,73.23,244.57,0.12,0.22,0.63,-34.97,250.34,-100.46,0
0.24,-0.31,0.1,33.05,141.59,185.03,0.31,-0.06,0.75,-30.98,184.45,-182.47,0
0.39,-0.2,-0.21,50.18,187.8,33.9,0.56,0.29,0.62,-83.51,17.01,-175.7,0
0.58,-0.23,-0.28,22.96,165.12,-117.35,0.77,0.27,0.57,-75.98,-116.28,-107.99,0
0.71,-0.56,-0.27,27.62,55.27,-236.1,0.94,0.48,0.38,16.86,-176.1,-29.3,0
0.96,-1.46,0.01,110.73,-96.92,-226.34,1.26,0.53,0.47,105.61,-178.29,55.09,0
1.08,-1.76,0.03,46.46,-223.2,-53.11,1.35,0.66,0.49,158.81,-49.88,152.65,0
0.6,-1.7,0.7,73.35,-217.8,90.3,0.82,0.68,0.88,168.26,86.25,114.09,0
0.31,-1.7,0.99,68.78,-140.12,197.29,0.52,0.43,0.96,81.65,153.84,81.46,0
0.13,-0.96,0.59,90.7,19.73,258.99,0.15,0.24,0.72,39.97,221.77,-85.82,0
0.24,-0.29,0.17,20.82,118.9,200.18,0.33,-0.04,0.74,-47.74,209.21,-152.9,0
0.29,-0.04,-0.18,25.85,163.23,74.3,0.45,0.08,0.39,-69.54,70.43,-172.35,0
0.12,-0.04,-0.13,68.14,121.46,-101.52,0.24,0.39,0.73,-6.31,-87.44,-94.73,0
0.14,-0.21,-0.1,71.1,5.61,-291.01,0.22,0.87,0.64,95.76,-273.29,32.2,0
0.56,-0.84,0.4,43.51,-146.55,-321.04,0.52,0.74,0.57,114.24,-206.46,99.7,0
1.04,-2.08,-0.26,169.33,-289.02,-168.78,1.09,0.14,0.98,233.38,-171.28,229.97,0
0.73,-2.3,-0.04,178.38,-357.07,37.07,0.92,1.16,0.73,251.34,89.73,227.32,0
0.51,-0.96,0.01,277.38,-393.29,159.73,0.22,0.32,0.9,345.09,165.98,251.04,0
0.68,-1.01,-0.42,363.11,-371.28,201.83,0.6,-0.19,1.24,424.02,208.32,182.53,0
0.59,-0.91,-0.48,270.3,-286.65,200.73,0.76,-0.31,0.93,338.99,194.51,145.46,0
0.42,-1.41,-0.33,211.89,-272.04,208.08,0.77,-0.32,1.35,257.26,186.89,156.07,0
0.15,-1.53,-0.02,70.91,-265.37,238.48,0.65,0.12,1.2,229.36,200.85,170.06,0
0.02,-1.12,0.14,111.95,-201.83,256.34,0.28,-0.07,1.02,178.48,238.81,110.43,0
-0.09,-0.4,0.13,41.31,-120.61,220.12,0.09,-0.18,0.88,120.82,244.85,44.63,0
-0.1,-0.32,-0.04,44.18,-34.39,77.16,0.39,-0.17,0.87,72.71,97.04,-11.49,0
0.36,-0.21,-0.06,25.82,57.38,-54.88,0.7,-0.17,0.67,-12.47,-21.86,-59.05,0
0.77,-0.75,-0.12,-22.38,94.73,-147.96,0.96,0.21,0.43,-31.19,-127.8,-53.23,0
1.07,-0.91,0.02,-110.03,106.95,-204.51,1.22,0.9,0.56,-143.81,-188.93,-19.36,0
0.96,-0.92,0.16,-46.34,18.96,-235.64,1.14,0.69,0.41,-36.8,-214.54,4.97,0
0.72,-1.2,0.24,24.27,-164.7,-207.29,0.73,1.27,0.54,107.35,-224.51,100.27,0
0.67,-1.74,0.06,40.46,-306.04,-82.44,0.93,0.75,0.74,240.88,-101.4,194.27,0
0.42,-2.34,0.79,74.15,-249.7,102.29,0.7,0.35,1.07,109.82,79.97,176.65,0
-0.08,-1.31,0.49,-5.03,-113.2,288.57,0.12,0.18,0.72,42.2,260.55,70.49,0
0.18,-0.62,0.3,101.8,-3.63,328.57,0.04,-0.09,0.72,32.29,337.77,-68.08,0
0.26,-0.35,0.19,163.32,99.3,195.76,0.48,0.23,0.94,41.19,216.1,-169.3,0
0.2,-0.27,0.1,247.16,144.94,-31.62,0.36,0.13,1.07,24.48,-2.84,-151.62,0
0.5,0.04,-0.02,111.37,61.37,-195.67,0.47,0.67,0.57,36.07,-119.94,-81.62,0
1.21,-0.27,-0.12,-65.55,-38.41,-276.01,0.97,0.46,-0.14,13.32,-250.37,25.98,0
1.93,-0.74,-0.16,-99.42,-103.69,-261.43,1.53,0.25,-0.38,27.5,-279.02,76.8,0
1.82,-1.28,0.09,9.09,-134.79,-172.96,1.81,0.36,-0.11,116.25,-171.4,62.99,0
1.51,-1.82,0.42,-84.94,-157.04,-37.41,1.81,0.68,0.32,62.68,-62.8,138.75,0
0.43,-2.02,0.64,-128.84,-121.49,64.24,1.22,0.75,1.08,11.59,31.8,115.4,0
-0.25,-1.57,0.91,-35.3,-20.46,177.04,0.22,0.4,1.21,-75.15,103.75,4.42,0
-0.19,-1.35,0.8,-67.53,28.48,245.24,0.03,0.5,0.88,-71.37,202.74,-103.32,0
-0.02,-0.61,0.06,-57.16,58.38,288.02,0.05,0.2,0.66,-6.43,248.48,-187.9,0
0.53,-0.26,-0.06,104.36,113.48,195.09,0.48,0.12,0.48,-37.99,129.09,-219.36,0
0.77,0.33,-0.46,35.03,180.64,37.99,0.83,0.09,0.42,-112.84,-18.99,-145.55,0
1.23,0.0,-0.56,44.48,195.03,-207.99,1.23,0.22,0.36,-43.23,-252.1,-75.58,0
1.61,-0.75,-0.58,244.76,74.54,-444.54,1.24,0.73,0.25,113.35,-348.84,10.52,0
2.24,-0.55,0.05,50.46,-104.39,-400.4,1.54,0.67,-0.12,84.88,-319.09,96.43,0
2.62,-1.38,0.53,-190.21,-14.18,-193.54,2.19,0.14,-0.34,-28.17,-273.23,30.85,0
1.23,-1.39,-0.11,-375.15,153.38,-71.43,1.58,0.08,0.45,-250.95,-157.41,-18.11,0
0.91,-1.45,-0.23,-164.21,247.56,76.49,1.27,-0.19,0.47,-272.62,-51.37,-140.12,0
0.59,-1.36,-0.4,-175.18,307.68,211.52,0.7,-0.17,0.7,-370.52,20.37,-196.89,0
0.44,-0.67,-0.27,-111.37,339.27,276.16,0.15,-0.03,0.74,-281.49,103.51,-286.71,0
0.25,-0.33,-0.14,45.82,340.15,233.78,0.0,-0.14,0.74,-262.56,141.98,-278.6,0
-0.02,-0.07,-0.12,30.21,309.39,142.47,-0.25,0.21,0.68,-187.56,74.15,-272.71,0
-0.27,0.19,0.0,79.91,268.81,-12.56,-0.37,0.31,0.72,-121.68,-15.46,-227.01,0
-0.14,0.05,0.0,33.87,198.93,-140.85,-0.27,0.5,0.38,-77.07,-168.81,-146.19,0
0.03,-0.03,-0.0,-22.01,113.45,-249.66,0.11,0.45,0.84,-5.3,-247.56,-48.9,0
1.14,-1.0,-0.48,-69.94,3.41,-354.48,1.3,0.23,0.38,66.37,-330.34,0.98,0
1.44,-2.07,-0.12,124.12,-22.84,-290.64,1.87,0.1,0.59,19.3,-226.83,28.45,0
1.01,-1.5,-0.31,-156.52,-85.73,-157.68,1.41,0.69,0.51,0.85,-153.99,103.66,0
0.71,-1.61,0.15,-0.21,-93.26,-79.88,1.29,0.14,0.81,29.76,-75.43,61.04,0
0.32,-1.89,0.24,-62.38,-87.65,47.74,0.95,0.59,0.69,-70.91,25.95,107.9,0
0.05,-1.66,0.66,-27.59,-0.95,189.24,0.54,0.26,0.8,-53.08,112.9,-7.01,0
-0.07,-0.93,0.49,-79.27,79.09,271.19,0.08,0.2,0.76,-117.07,226.8,-70.15,0
0.07,-0.66,0.24,54.85,139.24,244.45,0.15,0.06,0.86,-52.77,233.81,-177.2,0
0.22,-0.26,-0.01,105.88,176.83,114.09,0.39,0.19,0.75,-65.82,119.39,-175.73,0
0.49,-0.05,-0.2,125.15,169.94,-65.43,0.53,0.23,0.64,-59.24,-32.38,-161.07,0
0.91,-0.41,-0.32,86.59,76.83,-225.34,1.03,0.51,0.19,15.27,-186.04,-57.84,0
1.3,-0.97,-0.23,92.44,-73.08,-257.16,1.41,0.46,0.2,109.39,-234.33,29.88,0
1.15,-1.7,0.29,-26.71,-161.74,-114.36,1.69,0.51,0.6,130.64,-125.06,67.99,0
0.54,-2.07,0.33,-61.89,-195.06,11.31,1.07,0.32,0.93,53.78,-31.92,189.51,0
-0.22,-1.57,0.43,-40.09,-122.65,133.41,0.31,0.33,0.96,38.02,62.62,95.34,0
-0.15,-1.02,0.77,-26.37,-4.3,217.1,-0.02,0.07,0.68,-50.21,189.48,-21.89,0
-0.08,-0.37,0.19,-17.99,84.66,223.84,0.07,0.05,0.66,-57.77,231.16,-102.53,0
0.08,-0.24,-0.14,-52.96,122.23,122.07,0.36,-0.01,0.82,-71.86,97.5,-119.21,0
0.44,-0.1,-0.25,69.88,141.07,-69.85,0.65,0.04,0.59,-48.51,-81.16,-104.79,0
0.71,-0.33,-0.39,54.51,79.36,-231.77,0.83,0.41,0.48,27.62,-194.76,-30.09,0
1.16,-0.83,-0.22,92.5,-53.2,-300.3,1.23,0.43,0.17,138.87,-243.23,33.14,0
1.49,-1.48,-0.09,42.23,-148.93,-180.49,1.69,0.33,0.2,114.91,-156.37,92.56,0
0.73,-1.93,0.3,13.9,-157.84,-4.21,1.38,0.55,0.84,112.96,11.65,110.18,0
0.25,-2.05,0.53,51.01,-103.84,162.41,0.81,0.4,0.96,8.57,117.13,72.26,0
0.08,-1.48,0.42,33.38,-34.85,284.66,0.34,0.36,0.85,13.48,250.88,-17.13,0
0.06,-0.81,0.16,119.91,34.42,317.44,0.04,0.04,0.8,20.79,315.03,-105.58,0
-0.08,-0.41,0.05,115.34,82.2,245.67,0.08,0.08,0.9,11.4,257.07,-147.74,0
-0.15,-0.2,0.01,77.96,111.68,110.58,0.12,0.05,0.84,-13.23,135.09,-141.16,0
0.26,0.01,-0.07,124.57,117.13,-86.4,0.37,0.16,0.64,-20.85,-62.5,-125.55,0
0.56,-0.04,-0.18,44.33,53.51,-240.12,0.54,0.43,0.37,41.95,-185.34,-59.42,0
1.02,-0.68,-0.22,26.59,-55.27,-336.98,0.98,0.5,0.26,106.25,-303.72,47.74,0
1.63,-1.91,-0.11,37.07,-176.68,-264.57,1.58,0.36,0.17,204.02,-229.79,113.11,0
1.11,-1.67,0.06,-60.46,-273.57,-92.65,1.41,1.05,0.76,193.17,-69.57,192.47,0
0.72,-1.79,1.03,100.24,-262.32,5.61,0.8,0.89,0.87,150.21,18.72,183.14,0
0.27,-1.06,0.91,6.22,-236.89,98.75,0.48,1.05,0.67,120.52,99.82,169.15,0
-0.17,-0.94,0.61,95.52,-197.47,95.7,0.07,0.43,0.96,110.34,87.87,124.51,0
-0.27,-1.02,0.46,13.63,-126.8,106.34,0.09,0.54,0.68,76.98,98.9,32.32,0
-0.39,-0.98,-0.22,181.62,-178.93,129.51,0.17,0.31,0.97,200.21,192.44,69.7,0
-0.31,-0.92,-0.66,158.17,-258.54,145.06,0.32,-0.01,1.33,224.91,204.51,148.17,0
-0.21,-1.24,-0.62,126.92,-303.99,93.6,0.42,-0.37,1.34,236.46,95.09,199.42,0
-0.4,-1.56,-0.27,101.25,-280.61,153.05,0.15,-0.48,1.56,204.12,168.11,175.09,0
-0.49,-1.5,-0.12,85.98,-214.3,243.45,0.22,-0.4,1.6,159.54,262.29,133.84,0
-0.15,-1.02,-0.26,23.2,-146.34,270.12,0.25,-0.39,1.12,53.35,290.4,108.81,0
-0.0,-0.59,-0.44,-74.6,-112.96,201.8,0.45,-0.45,0.98,-5.0,203.78,120.34,0
0.19,-0.2,-0.37,-107.35,-94.39,50.76,0.57,-0.24,0.77,-23.02,62.1,126.95,0
0.52,-0.11,-0.25,-95.24,-73.6,-126.89,0.71,-0.05,0.58,11.25,-123.05,92.47,0
1.16,-1.25,-0.1,-93.51,-112.47,-250.91,1.23,0.61,0.3,68.17,-218.41,132.56,0
1.57,-1.5,0.24,72.62,-243.93,-163.45,1.49,0.77,0.55,225.55,-58.05,206.71,0
1.08,-1.72,0.33,18.29,-253.6,-35.15,1.33,1.14,0.8,151.43,8.63,193.48,0
0.24,-1.97,1.26,-33.63,-149.85,114.73,0.57,0.96,0.83,37.56,74.97,88.87,0
-0.23,-1.3,0.91,46.65,-31.68,257.77,-0.21,0.44,0.63,-33.17,247.35,-42.13,0
-0.07,-0.29,0.38,35.91,66.65,270.88,-0.15,0.12,0.71,-19.09,274.45,-157.38,0
0.05,-0.16,0.18,99.33,150.55,153.81,0.23,0.1,0.85,-57.77,147.56,-192.07,0
0.39,0.05,-0.22,150.06,201.89,-64.63,0.41,0.32,0.59,-71.62,-71.22,-177.29,0
1.06,-0.31,-0.24,-16.01,121.22,-238.81,0.93,0.95,0.36,-11.04,-232.71,-52.07,0
1.3,-1.13,-0.08,-26.55,-86.52,-280.88,1.36,0.8,0.31,66.77,-205.03,88.17,0
1.22,-1.35,-0.02,68.84,-247.53,-160.49,1.47,0.62,0.9,211.89,-123.26,181.49,0
0.22,-2.53,0.65,-95.79,-187.23,-48.51,0.72,0.6,1.34,32.2,-118.84,194.54,0
-0.58,-1.95,1.45,-19.33,-56.13,146.89,-0.43,1.07,0.96,-11.59,114.12,-3.6,0
-0.34,-0.84,0.61,49.3,41.74,266.16,-0.24,0.28,0.63,-42.44,272.68,-114.33,0
-0.1,-0.27,0.27,30.46,98.57,226.49,0.01,0.09,0.89,-28.99,223.26,-149.18,0
0.19,-0.31,-0.14,123.11,173.35,42.93,0.49,0.12,0.85,-79.82,14.97,-167.29,0
0.85,-0.13,-0.29,81.65,139.02,-155.95,0.99,0.69,0.48,-32.1,-139.51,-95.37,0
0.87,-0.52,-0.18,64.88,-14.33,-260.27,0.71,1.14,0.23,65.06,-222.32,45.73,0
1.13,-1.4,0.26,96.86,-165.09,-224.05,1.06,0.77,0.41,158.51,-198.78,98.93,0
0.99,-2.09,0.58,-88.66,-212.77,-62.47,1.45,0.92,0.85,165.64,-80.18,152.53,0
0.2,-1.95,0.65,-67.68,-188.6,53.78,0.75,0.76,1.26,78.99,32.13,148.54,0
-0.06,-1.98,0.83,-19.57,-130.37,170.34,0.22,0.47,0.84,-14.7,125.91,98.23,0
-0.09,-1.04,0.84,27.93,-47.23,250.09,-0.07,0.59,0.68,-6.68,230.76,-38.51,0
-0.03,-0.41,0.55,122.93,66.86,228.75,0.03,0.29,0.73,-0.21,254.82,-154.51,0
0.15,-0.18,0.16,100.58,164.42,128.84,0.26,0.11,0.64,-67.01,107.04,-189.33,0
0.42,0.02,0.01,165.52,259.48,-49.51,0.3,-0.19,0.76,-102.53,-27.29,-198.2,0
0.78,-0.04,-0.29,89.39,205.4,-288.11,0.49,0.67,0.5,-66.37,-275.82,-198.08,0
1.23,-0.95,0.13,-7.87,9.66,-340.58,1.26,1.13,-0.02,-43.93,-304.24,0.91,0
1.37,-2.05,0.2,61.83,-207.87,-173.81,1.58,1.01,0.43,235.88,-189.79,88.32,0
0.8,-2.19,0.14,37.32,-336.04,-34.12,1.11,0.65,1.1,277.47,-53.81,226.92,0
0.33,-1.64,1.08,-68.41,-257.5,75.46,0.73,0.88,0.99,122.99,38.29,192.04,0
-0.14,-1.29,1.23,-21.55,-41.98,197.47,0.13,0.25,0.74,-27.65,150.82,-4.57,0
0.1,-0.49,0.65,64.7,133.69,257.04,-0.03,0.01,0.44,-55.21,257.32,-212.62,0
0.45,-0.22,0.33,83.02,249.54,191.28,0.2,-0.11,0.63,-46.46,149.73,-327.99,0
1.01,-0.04,-0.03,155.37,393.57,-36.65,0.52,0.31,0.94,-98.93,-105.85,-354.91,0
1.59,-0.71,-0.31,-16.04,407.93,-239.91,1.14,1.12,0.15,-180.82,-303.23,-231.89,0
1.6,-2.26,-0.19,62.93,331.62,-254.79,1.33,0.73,0.47,-155.73,-298.63,-213.99,0
0.69,-2.37,0.01,-81.49,199.73,-151.01,1.47,0.99,0.97,-76.37,-179.82,-131.83,0
0.45,-1.73,0.07,18.69,259.76,-24.66,0.98,-0.23,0.94,-34.02,-57.8,-271.86,0
0.33,-1.23,-0.15,32.77,326.55,66.43,0.44,-0.11,0.78,-222.71,13.57,-264.63,0
0.16,-0.81,-0.34,85.55,297.35,96.34,0.29,0.12,0.69,-116.92,54.39,-285.55,0
0.18,-0.34,-0.28,81.92,276.25,54.3,0.22,-0.1,0.54,-120.55,33.72,-258.48,0
0.09,0.01,-0.31,16.1,246.49,-32.38,0.13,0.06,0.44,-119.09,-29.6,-201.8,0
0.02,-0.04,-0.37,9.3,190.76,-169.21,0.09,0.06,0.88,-46.59,-149.66,-157.56,0
0.32,-0.43,-0.44,2.47,87.62,-305.43,0.3,0.35,0.56,-9.12,-309.54,-41.01,0
1.12,-1.89,-0.24,-30.24,-15.4,-290.24,1.6,0.08,0.66,82.56,-260.06,-3.78,0
0.82,-1.5,-0.34,-75.85,-78.32,-175.64,1.34,0.45,0.64,79.73,-151.65,45.61,0
0.74,-1.62,0.14,12.93,-98.02,-80.55,1.16,0.1,0.64,25.3,-67.9,75.15,0
0.36,-2.16,0.39,-104.02,-94.51,64.3,1.04,0.42,0.81,-15.18,24.7,119.97,0
-0.29,-1.76,0.53,-21.74,6.16,240.73,0.21,0.34,1.06,-75.55,150.0,-15.79,0
-0.08,-1.01,0.54,35.73,75.82,321.49,-0.1,0.21,0.88,-85.4,289.97,-118.81,0
0.03,-0.41,0.1,91.19,114.39,275.49,0.01,0.17,0.8,-19.79,281.89,-194.79,0
0.16,-0.18,0.02,141.37,153.14,121.43,0.32,0.17,0.88,6.22,138.02,-208.35,0
0.18,-0.02,-0.31,101.28,167.99,-75.98,0.37,0.18,0.65,-41.83,-51.8,-150.79,0
0.63,-0.05,-0.34,86.92,105.46,-277.07,0.62,0.1,0.32,19.12,-248.02,-89.18,0
0.88,-0.93,-0.38,105.79,-39.18,-366.74,0.84,0.68,0.22,131.83,-311.49,40.52,0
1.41,-1.56,0.03,62.16,-192.01,-267.35,1.42,0.58,0.47,151.01,-256.01,123.05,0
1.17,-1.98,0.26,67.32,-240.24,-122.5,1.5,0.64,0.77,187.59,-89.24,176.65,0
0.76,-1.94,0.74,-37.07,-180.58,27.23,1.07,0.88,0.71,78.48,3.84,142.2,0
0.6,-1.59,1.04,53.69,-104.02,133.32,0.8,0.79,0.71,68.69,86.95,51.71,0
0.12,-1.43,0.79,34.7,5.58,215.03,0.46,0.5,0.77,-37.71,172.68,-16.43,0
0.01,-1.08,0.41,60.27,96.4,291.95,0.06,0.14,0.82,-25.24,267.29,-159.73,0
0.07,-0.49,0.09,127.53,148.2,273.02,-0.01,0.12,0.8,-21.1,284.12,-214.24,0
-0.04,-0.1,-0.01,69.15,173.9,156.1,0.13,0.13,0.82,-46.77,169.33,-197.13,0
0.12,-0.09,-0.15,71.07,167.32,-21.01,0.26,0.23,0.78,-88.54,-21.07,-145.3,0
0.09,-0.12,-0.22,33.45,64.21,-178.81,0.32,0.53,0.53,-8.23,-137.26,-35.61,0
0.18,-0.36,-0.29,36.13,-108.45,-280.09,0.29,0.81,0.49,128.51,-229.09,118.02,0
0.54,-0.97,-0.04,203.75,-319.18,-317.77,0.18,0.51,0.88,304.76,-220.3,219.97,0
1.46,-1.25,-0.49,93.23,-498.08,-142.77,0.94,0.79,0.42,402.84,-102.35,337.5,0
1.23,-1.22,0.96,236.68,-363.17,29.21,1.21,0.32,1.11,384.79,62.04,171.31,0
0.87,-1.42,0.32,134.76,-270.3,78.93,1.04,0.5,0.75,114.97,96.98,220.37,0
0.69,-0.99,-0.09,234.51,-231.4,124.66,0.77,0.19,0.71,237.44,123.9,121.4,0
0.76,-0.92,-0.21,195.73,-209.45,138.87,1.11,0.03,0.59,219.42,125.61,116.16,0
0.55,-1.1,-0.15,224.21,-185.49,152.47,0.91,-0.06,0.8,213.45,122.29,101.13,0
-0.0,-1.41,-0.09,69.73,-180.82,182.32,0.49,-0.07,0.95,155.91,145.24,112.41,0
-0.35,-1.1,-0.2,85.06,-153.38,221.62,0.29,-0.27,1.03,184.51,196.55,77.1,0
-0.13,-1.03,-0.16,106.07,-122.04,279.73,0.16,-0.22,0.75,161.19,255.76,49.48,0
-0.07,-1.09,0.1,77.9,-102.13,294.51,0.34,-0.13,1.0,141.92,310.85,20.37,0
-0.1,-0.63,-0.05,56.1,-57.26,238.99,0.32,-0.21,1.11,118.93,279.42,-26.13,0
0.15,-0.19,-0.14,-103.9,-5.58,85.43,0.62,-0.03,0.78,-15.73,81.1,3.9,0
0.74,-0.05,-0.24,-82.35,34.76,-86.8,0.86,-0.16,0.31,-30.52,-102.87,-6.86,0
0.93,-0.27,-0.29,-11.89,22.5,-271.04,0.77,0.43,0.34,57.87,-219.85,32.26,0
1.71,-1.06,-0.12,98.87,-109.51,-380.49,1.52,0.58,0.03,157.5,-319.3,130.82,0
2.01,-2.12,0.4,49.7,-204.45,-193.11,2.25,0.96,0.3,110.61,-178.14,185.67,0
1.08,-2.58,0.6,-116.8,-211.77,-57.87,1.52,1.04,0.97,-19.39,-96.83,244.15,0
-0.09,-1.92,1.11,-25.21,-169.54,48.93,0.67,0.97,1.12,109.02,34.76,119.66,0
-0.29,-1.5,1.61,131.16,-38.81,208.93,-0.05,0.54,1.0,-16.07,185.34,17.87,0
-0.03,-0.76,0.81,79.42,101.28,306.86,0.05,0.39,0.7,21.52,326.55,-161.31,0
0.29,-0.49,0.23,-5.76,148.81,288.05,0.18,0.09,0.85,7.04,284.48,-243.9,0
0.5,-0.04,-0.1,8.87,193.75,137.38,0.55,0.26,0.57,-52.1,92.65,-234.24,0
0.91,0.09,-0.22,99.42,192.01,-119.57,0.84,0.48,0.13,-79.97,-152.77,-151.52,0
0.75,-0.72,-0.47,125.49,93.75,-288.93,0.71,0.64,0.33,102.07,-260.91,-5.27,0
1.05,-1.32,-0.26,103.93,-91.92,-309.45,1.1,0.54,0.43,196.83,-261.62,62.41,0
1.3,-1.59,0.19,67.13,-158.99,-200.55,1.6,0.51,0.44,99.36,-168.17,124.39,0
1.1,-1.49,0.31,-129.33,-99.63,-106.62,1.39,0.37,0.55,-20.3,-136.68,117.77,0
0.85,-1.55,0.33,-180.88,34.42,-37.99,1.4,0.16,0.6,-137.44,-82.41,35.64,0
0.36,-1.77,0.12,-254.09,138.57,63.66,1.09,0.0,0.89,-253.81,-34.45,-15.73,0
0.07,-1.24,-0.16,-221.71,201.25,133.17,0.74,-0.09,0.84,-215.91,26.1,-106.04,0
0.38,-1.04,0.24,-46.86,318.14,212.38,0.29,-0.31,0.59,-280.27,83.99,-248.41,0
0.51,-0.86,0.33,35.95,383.54,252.44,0.01,0.45,0.76,-193.32,117.38,-385.98,0
0.43,-0.63,-0.03,179.48,380.95,196.01,-0.05,0.62,0.69,-129.42,74.54,-430.49,0
-0.03,-0.84,0.06,240.0,317.71,134.21,-0.18,0.67,0.73,-106.01,65.21,-366.8,0
-0.23,-0.53,0.05,175.61,244.54,65.95,-0.06,0.68,0.75,-40.06,33.75,-280.4,0
-0.27,-0.41,-0.01,179.15,196.16,-9.36,-0.09,0.16,0.74,-19.94,1.04,-216.59,0
-0.24,-0.13,0.06,168.63,149.42,-114.05,-0.05,0.38,0.66,-3.81,-79.21,-149.54,0
0.02,-0.18,-0.05,42.68,91.16,-190.46,0.26,0.24,0.5,-15.4,-157.53,-80.18,0
0.34,-0.49,-0.1,50.61,45.37,-271.19,0.34,0.07,0.61,2.1,-236.31,-47.8,0
0.73,-0.91,-0.28,3.45,5.95,-325.21,0.79,-0.01,0.59,59.45,-303.63,-22.2,0
1.23,-1.47,-0.16,-22.87,-35.4,-292.53,1.5,0.17,0.51,69.7,-271.34,-19.36,0
1.12,-2.13,-0.0,-66.83,-74.79,-180.91,1.69,0.28,0.68,-8.26,-179.57,85.3,0
0.45,-2.11,-0.05,-89.05,-140.03,-57.1,1.16,0.6,1.13,7.04,-71.43,124.54,0
-0.09,-2.18,0.89,-14.94,-111.07,81.86,0.38,0.5,1.09,-6.34,39.45,90.7,0
-0.29,-1.64,0.97,11.55,15.03,227.38,0.15,0.73,0.87,-4.57,185.12,-16.83,0
0.07,-1.05,0.66,109.91,70.52,290.06,0.09,0.41,0.88,-71.95,302.13,-96.8,0
0.11,-0.73,0.23,143.45,114.33,251.31,0.23,0.36,0.98,38.72,269.6,-182.53,0
0.12,-0.43,0.06,68.54,121.65,148.72,0.36,0.5,0.78,-32.38,165.7,-158.11,0
0.03,-0.11,-0.14,113.2,112.68,12.77,0.27,0.12,0.58,-22.35,46.34,-124.57,0
0.22,-0.04,-0.2,63.08,71.28,-133.75,0.42,0.12,0.64,31.71,-112.01,-88.81,0
0.47,-0.3,-0.25,40.3,5.67,-265.55,0.43,0.3,0.48,41.43,-234.21,-4.73,0
0.92,-0.95,-0.04,44.63,-81.04,-297.56,1.03,0.29,0.39,88.66,-259.66,45.46,0
1.38,-1.85,0.5,20.4,-146.22,-180.46,1.58,0.55,0.45,124.45,-206.31,73.2,0
0.86,-1.98,0.66,-96.52,-194.33,-42.5,1.27,0.97,0.98,63.99,-81.49,179.94,0
-0.08,-2.0,1.07,-5.98,-157.71,45.67,0.58,0.82,1.32,84.73,-15.43,122.01,0
-0.56,-1.71,1.33,6.74,-32.07,172.68,-0.0,0.67,1.1,-43.41,136.71,22.01,0
-0.33,-0.85,0.67,12.99,48.38,274.45,-0.19,0.44,0.74,-14.45,282.44,-105.67,0
-0.07,-0.31,0.09,64.09,78.32,247.44,-0.04,0.12,0.74,1.92,262.65,-141.1,0
-0.08,-0.16,0.01,31.98,106.22,125.95,0.25,0.08,0.93,-41.74,135.98,-121.77,0
0.05,-0.04,-0.11,46.77,109.7,-57.26,0.28,0.3,0.64,-73.2,-50.73,-69.12,0
0.27,-0.33,-0.12,23.32,49.18,-209.36,0.4,0.41,0.66,-4.79,-169.91,-2.96,0
0.47,-0.56,-0.18,23.14,-91.04,-290.3,0.48,0.56,0.52,68.75,-210.91,85.03,0
0.95,-1.2,-0.21,130.03,-256.68,-249.05,1.0,0.39,0.51,265.76,-193.14,147.16,0
1.53,-1.68,0.53,188.17,-344.85,-53.81,1.29,0.32,0.42,287.8,-64.85,240.58,0
0.93,-1.63,0.41,101.95,-333.2,44.42,1.16,0.71,1.01,222.8,-11.1,242.32,0
0.71,-1.3,0.55,91.68,-293.51,80.4,0.86,0.53,0.83,215.82,64.91,207.59,0
0.61,-0.97,0.37,150.03,-239.15,122.74,0.76,0.25,0.65,178.48,114.45,157.44,0
0.45,-0.76,-0.01,199.7,-190.15,118.08,0.65,-0.06,0.59,184.76,129.94,103.75,0
0.41,-0.89,-0.29,110.98,-168.72,116.07,0.92,-0.16,0.54,202.47,90.67,75.67,0
0.29,-1.05,-0.21,181.34,-163.48,137.2,0.77,-0.08,0.75,194.82,116.22,87.68,0
0.26,-1.14,0.07,124.51,-187.16,203.84,0.58,0.21,0.74,203.05,169.3,110.73,0
-0.02,-1.1,0.13,93.11,-209.02,229.85,0.31,0.18,1.18,205.24,196.71,118.99,0
-0.08,-0.96,0.35,135.21,-165.95,226.49,0.21,0.15,1.04,179.12,220.64,92.16,0
-0.08,-0.76,0.46,162.93,-76.4,222.29,0.28,0.08,0.94,129.94,231.95,22.74,0
-0.19,-0.62,0.36,74.54,-8.23,178.14,0.22,0.19,0.95,44.6,203.29,-9.33,0
-0.11,-0.11,0.11,-59.02,33.29,115.7,0.23,0.12,0.54,-22.65,150.43,-22.93,0
0.05,-0.18,-0.08,-60.0,54.45,-12.07,0.49,-0.04,0.83,-80.06,22.01,-2.9,0
0.64,-0.27,-0.2,-137.13,19.02,-203.66,0.83,0.39,0.78,-9.45,-202.16,-20.43,0
1.2,-1.02,-0.17,5.3,-93.29,-284.21,1.14,0.52,0.01,129.27,-242.04,81.89,0
1.36,-1.87,0.36,130.37,-209.94,-194.45,1.37,0.86,0.39,110.52,-195.34,149.12,0
1.21,-0.97,0.69,188.17,-327.47,-31.8,1.04,1.35,0.53,301.55,-70.18,218.38,0
0.75,-1.38,1.45,-0.76,-267.93,114.91,1.01,1.12,0.95,169.57,12.32,220.24,0
0.33,-0.91,1.91,-20.37,-128.69,178.9,0.45,0.95,0.92,50.03,73.87,134.15,0
0.23,-1.03,1.8,79.94,79.09,179.79,0.27,0.47,0.76,-0.4,158.51,-71.01,0
0.02,-0.84,0.65,111.16,242.04,157.2,0.11,0.17,0.64,-55.49,218.26,-229.39,0
0.3,-0.4,0.31,81.16,311.74,123.32,0.12,0.12,0.73,-69.48,209.24,-288.66,0
0.56,-0.23,-0.04,-45.73,321.92,25.52,0.51,0.27,0.73,-184.15,68.96,-265.24,0
0.52,-0.05,-0.07,-101.34,233.57,-106.71,0.5,0.43,0.8,-155.58,-73.78,-169.7,0
0.51,-0.12,-0.25,-72.2,80.03,-265.58,0.45,0.83,0.44,-11.28,-242.35,-86.71,0
0.83,-0.72,0.14,22.35,-93.84,-339.42,0.72,0.33,0.41,-7.29,-317.38,72.01,0
1.65,-2.2,0.32,39.94,-210.52,-169.76,2.21,0.71,0.31,262.2,-169.48,72.87,0
0.69,-1.91,0.54,11.13,-194.48,-18.48,1.11,0.67,1.07,57.77,-42.56,164.54,0
-0.18,-2.11,1.01,-6.37,-108.84,107.77,0.51,0.29,1.2,43.05,20.46,98.9,0
-0.68,-1.13,0.93,-52.59,47.32,253.81,-0.31,0.35,0.87,-57.74,222.59,-56.55,0
-0.05,-0.47,0.56,135.09,125.95,277.77,-0.26,0.3,0.81,4.82,313.84,-196.68,0
0.13,-0.11,0.24,128.99,169.85,133.23,0.09,0.3,0.99,46.59,143.54,-234.3,0
0.25,-0.13,0.04,8.51,186.65,-34.51,0.42,0.45,0.61,-74.91,-35.4,-163.57,0
0.42,-0.15,0.01,45.95,156.46,-186.89,0.46,0.28,0.47,-42.44,-139.88,-127.96,0
0.71,-0.24,-0.28,33.08,74.51,-315.7,0.53,0.66,0.44,76.46,-296.37,-37.65,0
1.73,-0.78,-0.06,-16.8,-32.59,-396.22,0.92,0.52,-0.23,172.07,-336.43,49.63,0
2.09,-1.1,0.42,62.13,-56.13,-312.84,1.86,0.14,-0.37,89.12,-266.28,63.54,0
1.78,-1.25,0.02,-282.71,47.74,-128.63,1.9,0.64,-0.1,-220.52,-182.26,51.04,0
1.32,-1.45,-0.16,-231.74,187.96,-61.65,1.32,0.18,0.93,-315.61,-153.2,-89.12,0
0.93,-1.68,-0.12,-233.29,312.93,4.51,0.92,0.03,0.8,-249.18,-103.87,-183.05,0
0.59,-1.5,-0.4,-136.28,353.81,180.58,0.79,-0.3,0.88,-366.46,35.24,-215.91,0
0.26,-1.09,-0.18,-57.47,328.02,250.73,0.14,0.13,0.88,-280.82,135.61,-262.62,0
0.08,-0.75,-0.02,71.16,288.78,278.17,-0.13,0.16,0.78,-176.49,211.71,-261.4,0
-0.12,-0.16,0.08,114.15,231.19,218.66,-0.33,0.47,0.7,-91.59,211.68,-249.85,0
-0.25,-0.09,0.11,113.14,181.25,99.79,-0.06,0.37,0.8,-26.92,88.38,-193.57,0
-0.37,-0.1,0.06,56.1,137.8,-10.15,-0.14,0.34,0.63,-33.54,-7.16,-137.2,0
-0.34,-0.2,0.13,69.79,94.94,-100.06,-0.06,0.23,0.59,4.66,-79.66,-95.4,0
-0.32,-0.26,-0.02,63.35,63.11,-174.85,-0.06,0.09,0.87,42.13,-144.73,-69.42,0
0.17,-0.39,-0.03,85.4,33.45,-278.66,0.12,-0.01,0.7,44.66,-229.76,-58.93,0
0.95,-1.09,-0.12,12.04,-11.83,-326.59,0.96,0.27,0.52,74.73,-301.25,0.61,0
1.33,-1.47,-0.2,-97.41,-52.99,-245.18,1.37,0.43,0.36,28.93,-247.68,49.21,0
1.08,-1.57,0.09,-42.2,-77.62,-149.51,1.45,0.47,0.58,37.65,-158.23,56.86,0
0.69,-1.8,0.25,-12.07,-91.43,-85.55,1.26,0.45,0.93,13.93,-107.04,91.22,0
0.33,-2.01,0.77,-23.02,-64.24,15.73,0.97,0.52,0.99,-12.59,-31.59,71.46,0
-0.57,-1.75,0.58,-63.35,7.07,123.6,0.43,0.7,1.33,-65.37,35.61,16.37,0
-0.52,-1.21,0.45,55.18,0.95,243.96,-0.2,0.31,0.99,-46.07,235.76,-18.96,0
-0.28,-0.68,0.05,89.94,-27.53,262.07,0.01,0.29,0.89,44.94,282.04,-20.85,0
-0.18,-0.32,0.08,136.43,-15.95,178.72,0.12,0.06,0.93,84.3,219.79,-32.68,0
-0.13,-0.25,0.11,84.97,21.4,58.11,0.29,0.01,0.83,49.88,92.59,-40.79,0
0.1,-0.12,0.26,47.13,47.29,-80.46,0.3,0.16,0.63,-2.93,-38.45,-60.21,0
0.39,-0.35,0.09,14.33,42.01,-193.26,0.48,0.3,0.64,-12.84,-148.05,-37.59,0
1.03,-0.51,-0.03,-42.77,-2.96,-245.91,1.01,0.46,0.11,31.19,-216.13,-26.52,0
1.29,-1.25,0.22,-5.37,-36.13,-197.77,1.62,0.19,0.26,-18.87,-179.45,19.79,0
1.03,-1.49,0.03,-93.11,-96.28,-101.52,1.36,0.56,0.49,-2.16,-143.2,90.95,0
0.64,-1.85,0.29,-92.16,-142.13,-30.37,1.22,0.63,0.98,70.91,-69.05,104.88,0
0.22,-1.87,0.66,-40.73,-148.87,61.16,0.78,0.63,1.17,21.43,8.32,136.13,0
-0.29,-1.64,0.98,5.3,-132.16,165.18,-0.01,0.64,1.04,48.14,110.0,101.25,0
-0.48,-1.06,0.7,88.41,-57.32,245.98,-0.21,0.32,0.98,60.21,248.57,-9.94,0
-0.41,-0.56,0.32,85.64,40.06,233.35,-0.13,-0.01,1.0,40.64,257.53,-101.62,0
-0.12,-0.39,0.08,42.71,75.61,135.21,0.2,0.0,0.94,36.34,163.57,-117.32,0
0.14,-0.09,-0.06,153.87,101.25,-54.45,0.4,-0.01,0.8,0.27,-18.32,-119.94,0
0.58,-0.08,-0.23,57.23,42.77,-198.08,0.65,0.46,0.23,36.92,-146.98,-53.81,0
0.93,-0.72,-0.11,-14.97,-30.15,-237.9,1.01,0.36,0.11,47.9,-199.54,45.0,0
1.17,-1.3,0.12,21.52,-109.3,-163.08,1.34,0.43,0.3,99.94,-160.4,63.14,0
0.8,-1.58,0.13,5.67,-183.87,-67.04,1.25,0.87,0.85,107.96,-77.74,138.78,0
0.31,-1.87,0.5,-53.87,-220.61,14.76,0.93,0.67,1.28,89.02,-15.15,185.91,0
-0.13,-1.66,0.82,-13.6,-213.78,106.95,0.26,0.85,1.24,68.93,57.84,183.96,0
-0.29,-1.53,0.77,45.21,-206.77,206.77,-0.07,0.68,0.96,85.09,192.41,143.17,0
-0.38,-0.81,0.23,76.31,-190.43,271.16,-0.2,0.29,0.98,135.95,277.74,96.31,0
-0.32,-0.66,-0.23,81.59,-186.37,231.74,0.03,-0.1,1.22,121.68,266.16,102.65,0
-0.28,-0.79,-0.57,48.54,-213.23,155.82,0.25,-0.19,1.12,112.35,169.48,155.3,0
-0.35,-0.89,-0.45,-17.32,-223.32,128.66,0.1,-0.46,1.15,79.24,124.15,182.96,0
-0.54,-1.42,-0.27,-101.59,-230.85,143.26,0.18,-0.16,1.33,72.62,135.98,208.32,0
-0.37,-1.29,0.0,-58.38,-203.45,183.6,0.22,-0.03,1.18,42.04,191.46,179.97,0
-0.19,-0.97,-0.02,-85.4,-170.15,192.9,0.19,-0.07,0.91,4.48,209.54,157.01,0
-0.08,-0.55,0.12,-69.7,-125.64,146.19,0.21,0.01,0.83,-13.05,176.52,117.96,0
-0.12,-0.6,0.18,-48.48,-71.52,58.99,0.25,0.28,0.87,-11.59,42.16,86.13,0
-0.17,-0.75,0.3,-82.35,-40.43,8.48,0.25,0.38,0.76,-64.6,12.68,90.46,0
-0.17,-0.77,0.28,-65.12,-54.54,-15.0,0.3,0.51,0.65,1.16,-15.27,79.42,0
-0.18,-0.59,0.25,-29.18,-58.87,-51.34,0.13,0.39,0.71,-22.93,-31.13,89.66,0
-0.03,-0.21,0.19,-45.0,-72.29,-115.52,0.06,0.45,0.62,23.63,-94.66,88.2,0
0.35,-0.26,0.2,-59.27,-86.98,-224.33,0.27,0.4,0.41,65.0,-202.87,112.53,0
0.95,-0.96,0.14,44.05,-93.23,-269.21,1.03,0.24,0.39,116.98,-230.15,89.18,0
1.54,-1.62,0.09,-34.51,-122.68,-203.11,1.58,0.74,-0.02,86.1,-188.11,120.67,0
1.31,-1.41,0.34,-29.97,-126.34,-76.65,1.48,0.82,0.29,56.22,-74.57,106.68,0
0.9,-1.64,0.57,-51.4,-87.2,3.45,1.33,0.77,0.61,-27.87,-30.67,95.52,0
0.33,-1.64,0.62,-90.49,-33.72,82.35,0.9,0.68,0.83,-90.15,18.6,68.66,0
-0.57,-1.45,0.75,-54.88,-3.17,169.51,-0.15,0.36,0.91,-49.02,108.32,-16.34,0
-0.38,-0.63,0.45,62.96,50.98,253.38,-0.33,0.26,0.64,-23.9,255.98,-125.7,0
-0.21,-0.37,0.13,53.51,80.58,228.41,-0.08,0.19,0.74,-40.91,229.73,-146.49,0
-0.19,-0.22,0.07,82.99,111.49,105.76,0.12,0.2,0.94,-40.37,120.88,-132.96,0
0.03,-0.21,0.0,-7.74,118.41,-60.52,0.36,0.41,0.9,-66.59,-54.48,-59.85,0
0.59,-0.34,-0.31,11.28,83.14,-217.71,0.68,0.5,0.53,36.77,-201.04,-19.18,0
1.38,-1.09,-0.02,128.45,10.61,-273.54,1.53,0.74,-0.31,53.72,-184.3,31.37,0
1.71,-1.62,0.04,-59.6,-66.65,-115.7,1.89,0.54,-0.36,5.82,-100.12,90.7,0
1.28,-1.34,0.0,-46.4,-96.19,-1.71,1.59,0.62,0.29,72.59,-30.67,56.07,0
0.6,-1.96,0.37,-30.37,-86.77,43.11,1.14,0.65,1.28,-51.74,2.1,84.57,0
-0.44,-1.75,0.52,-40.88,-47.13,82.29,0.38,0.56,1.3,-11.86,30.85,32.16,0
-0.75,-0.98,0.6,28.69,13.08,149.6,-0.16,0.21,1.07,17.01,113.87,-75.37,0
-0.64,-0.38,0.41,101.65,51.13,139.94,-0.43,0.19,0.77,17.59,173.48,-114.3,0
-0.49,-0.27,0.19,1.86,77.59,94.73,-0.14,0.31,0.71,10.52,69.05,-127.16,0
-0.16,-0.24,0.13,76.86,114.36,-5.03,0.04,0.02,0.83,-5.79,33.66,-110.06,0
0.38,0.02,-0.13,43.45,115.85,-161.74,0.46,0.35,0.35,23.57,-143.26,-96.95,0
1.37,-0.3,-0.06,5.7,90.15,-274.21,1.25,0.54,0.06,45.21,-256.59,-19.94,0
2.11,-0.53,0.05,-91.59,47.32,-300.95,1.45,0.81,-0.56,17.53,-271.28,80.21,0
1.83,-0.95,-0.12,-88.84,41.92,-202.13,1.52,0.37,-0.63,-71.59,-204.42,46.16,0
1.79,-1.37,-0.1,-199.39,116.4,-74.09,2.0,0.34,0.05,-205.64,-163.54,-4.94,0
1.18,-1.88,-0.41,-291.8,233.84,24.48,1.7,-0.29,0.73,-319.42,-116.01,-81.8,0
0.62,-1.5,-0.47,-182.35,338.23,129.97,1.1,-0.49,1.18,-338.45,-43.9,-207.8,0
0.57,-0.98,-0.19,-12.47,401.16,201.13,0.2,-0.25,0.78,-350.03,90.91,-297.77,0
0.18,-0.5,-0.25,4.45,360.0,202.8,-0.18,0.14,0.79,-198.87,108.02,-332.8,0
0.15,-0.15,-0.3,75.24,314.42,118.78,-0.08,0.12,0.6,-137.93,71.31,-302.29,0
0.14,-0.17,-0.45,99.39,257.53,-7.9,0.18,0.12,0.73,-86.16,-24.45,-220.3,0
0.33,-0.27,-0.55,2.71,142.41,-150.15,0.54,0.26,0.53,-9.51,-174.76,-114.6,0
0.43,-0.83,-0.4,8.05,23.87,-201.37,0.8,0.21,0.65,10.12,-190.85,13.63,0
0.75,-1.67,-0.29,-34.24,-73.99,-194.73,1.25,0.31,0.71,116.86,-190.12,63.48,0
0.6,-1.73,-0.08,-88.84,-95.7,-115.76,1.16,0.44,0.87,47.13,-122.13,100.46,0
0.15,-1.95,0.22,-100.64,-71.62,-10.46,0.82,0.39,0.91,-42.59,-53.23,100.52,0
-0.6,-1.82,0.33,-84.51,-57.5,126.95,0.11,0.34,1.09,-41.34,79.39,58.72,0
-0.53,-1.09,0.3,-20.34,-28.02,253.41,-0.06,0.24,0.85,-64.48,245.73,-5.98,0
-0.3,-0.63,0.25,63.29,9.6,247.32,-0.11,0.08,0.99,-21.22,248.6,-77.77,0
-0.16,-0.49,0.22,123.6,65.79,135.09,0.19,0.38,0.97,9.39,139.51,-126.52,0
-0.1,-0.33,0.06,43.38,102.84,25.24,0.35,0.32,0.81,-65.95,45.95,-94.54,0
0.11,-0.44,-0.05,117.44,99.42,-97.9,0.39,0.14,0.71,12.68,-82.99,-98.69,0
0.47,-0.85,-0.25,5.76,63.05,-158.99,0.68,0.45,0.61,-11.1,-144.97,-17.87,0
0.73,-1.19,-0.17,-91.62,30.85,-157.44,1.06,0.25,0.55,25.7,-171.31,-2.53,0
0.72,-1.48,-0.28,-7.96,-4.73,-126.49,1.17,0.1,0.69,35.58,-135.58,11.92,0
0.43,-1.53,-0.23,-38.72,-43.38,-92.62,1.05,0.43,0.88,-28.75,-107.59,70.7,0
0.02,-1.6,-0.27,-51.13,-79.39,-72.99,0.89,0.32,1.12,33.6,-92.9,81.68,0
-0.58,-1.68,0.21,-23.87,-84.39,-0.91,0.17,0.17,1.13,10.61,-26.89,70.37,0
-0.74,-1.29,0.59,44.91,-44.36,121.74,-0.18,0.39,0.97,0.79,119.79,8.72,0
-0.42,-1.1,0.36,84.21,3.69,208.02,0.06,0.19,0.94,5.18,222.99,-61.46,0
-0.29,-0.85,0.04,129.82,32.59,197.1,0.15,0.18,1.03,4.85,234.27,-98.63,0
-0.24,-0.69,-0.05,166.49,52.2,113.08,0.25,0.1,1.09,39.54,131.34,-79.05,0
-0.1,-0.46,0.15,71.89,48.84,18.32,0.43,0.25,0.82,0.85,53.14,-40.88,0
0.1,-0.14,0.08,74.91,25.15,-102.77,0.32,0.17,0.61,60.18,-58.87,-70.73,0
0.53,-0.49,-0.05,-17.68,-2.74,-186.59,0.62,0.44,0.46,24.51,-156.22,1.62,0
0.97,-1.02,-0.1,-54.39,-36.07,-192.74,1.15,0.39,0.28,55.58,-191.13,41.89,0
0.88,-1.04,-0.15,-72.04,-73.38,-170.18,1.06,0.51,0.55,39.27,-173.29,71.98,0
0.82,-1.59,0.09,-97.99,-97.44,-125.58,1.32,0.39,0.9,45.09,-139.6,97.93,0
0.25,-2.03,0.18,-119.09,-102.41,-42.38,1.07,0.63,1.12,1.68,-62.93,118.2,0
-0.3,-1.99,0.35,-37.71,-93.63,75.18,0.39,0.55,1.16,-23.11,27.59,74.15,0
-0.69,-1.63,0.65,32.38,-55.64,200.88,-0.33,0.3,1.21,-12.2,177.93,2.38,0
-0.64,-0.83,0.23,91.25,18.26,297.9,-0.44,0.06,0.96,-21.83,315.3,-87.71,0
-0.36,-0.39,-0.16,71.04,14.73,254.21,-0.07,0.14,1.07,-12.26,283.26,-57.59,0
-0.19,-0.31,-0.27,74.12,-15.67,99.94,0.24,0.17,0.98,4.42,115.49,17.29,0
0.15,-0.05,-0.36,23.78,-80.15,-76.49,0.46,0.1,0.61,31.59,-34.57,83.51,0
0.28,-0.05,-0.34,2.53,-146.95,-184.36,0.31,0.13,0.44,93.75,-139.33,122.56,0
0.58,-0.47,-0.35,-28.63,-231.34,-254.45,0.46,0.13,0.62,160.37,-234.97,201.65,0
0.99,-1.77,-0.23,133.51,-348.99,-277.53,0.84,0.18,1.09,299.57,-218.51,289.6,0
1.42,-2.17,0.22,168.08,-372.68,-120.98,1.42,0.47,0.78,321.31,-48.63,254.48,0
1.26,-1.57,0.23,202.5,-291.52,27.41,1.43,0.56,0.54,318.54,61.46,138.23,0
1.03,-1.36,0.57,251.19,-144.73,160.95,1.1,0.28,0.5,106.01,173.57,89.79,0
0.45,-0.89,0.18,53.75,-62.32,244.97,0.69,0.25,0.42,49.42,235.24,44.82,0
0.4,-0.3,-0.17,79.57,-64.97,225.03,0.4,0.12,0.29,68.32,227.96,31.89,0
0.42,-0.02,-0.13,92.41,-111.95,127.23,0.52,0.2,0.39,112.35,142.23,61.71,0
0.56,0.0,-0.04,128.17,-193.84,-33.45,0.73,0.44,0.53,222.9,-19.79,68.6,0
1.01,-0.55,0.39,103.08,-261.8,-97.23,0.99,1.1,0.14,232.41,-90.61,177.53,0
1.51,-1.93,0.93,82.01,-268.87,17.1,1.68,0.44,0.43,292.16,-20.76,150.76,0
0.51,-1.65,0.66,-10.95,-192.16,117.35,0.75,0.83,0.7,45.34,85.06,147.9,0
-0.13,-1.14,0.72,37.41,-57.2,192.84,0.16,0.18,0.67,113.81,189.76,-51.16,0
0.03,-0.93,0.49,165.76,73.38,256.89,0.12,0.12,0.6,38.11,267.01,-159.09,0
0.1,-0.55,0.21,61.22,148.63,262.2,0.11,0.49,0.74,-62.93,251.01,-199.6,0
-0.04,-0.33,0.14,-58.29,141.19,196.16,0.17,0.49,0.88,-119.88,156.31,-130.21,0
0.16,-0.28,0.14,25.73,95.67,28.93,0.38,0.33,0.66,-23.96,-3.51,-71.19,0
0.63,-0.18,0.1,-19.05,39.91,-143.48,1.01,1.15,0.46,-44.45,-136.92,27.16,0
0.97,-0.83,-0.09,29.97,-16.37,-245.46,0.96,0.49,0.3,-40.7,-215.67,88.26,0
1.4,-1.21,0.06,-50.18,-61.71,-228.48,1.38,0.7,-0.03,75.34,-184.63,61.98,0
1.27,-1.37,0.3,-84.33,-73.78,-114.45,1.57,0.67,0.33,24.27,-125.15,74.3,0
0.79,-1.93,0.49,-40.27,-75.4,-56.46,1.22,0.72,0.98,-20.21,-100.15,76.49,0
0.02,-1.83,0.71,-33.54,-69.6,-4.24,0.78,1.37,1.29,-11.25,-13.14,83.93,0
-0.82,-1.57,0.68,23.45,-70.06,84.21,-0.22,0.52,1.14,0.0,63.2,31.62,0
-0.79,-1.13,0.22,44.57,-83.45,203.51,-0.26,0.22,0.85,57.16,196.95,15.34,0
-0.39,-0.83,0.1,42.29,-67.8,254.39,-0.07,0.15,0.85,47.23,268.57,-29.85,0
-0.09,-0.54,0.33,155.73,1.07,215.18,0.13,-0.24,0.98,56.49,252.38,-87.93,0
-0.09,-0.24,0.26,5.61,74.97,92.74,0.28,0.28,0.94,-30.43,105.98,-71.25,0
0.36,-0.2,0.15,3.23,133.84,-71.04,0.4,0.42,0.63,-59.7,-73.87,-108.17,0
0.83,-0.51,-0.08,30.61,129.21,-221.01,0.81,0.74,0.29,-93.66,-196.86,-53.2,0
1.01,-0.81,-0.06,60.12,27.99,-283.2,0.89,0.75,0.3,26.77,-222.01,-5.24,0
1.02,-1.36,-0.02,43.99,-113.48,-219.73,1.4,0.36,0.55,131.71,-156.95,63.14,0
0.88,-1.25,0.16,27.53,-237.41,-139.6,0.97,0.73,0.85,214.27,-121.8,156.83,0
0.73,-1.63,0.94,40.95,-269.6,-44.54,1.13,1.12,0.89,312.96,-41.07,138.26,0
0.73,-1.49,1.07,51.43,-241.74,54.7,0.72,0.99,0.7,164.54,71.95,162.87,0
0.43,-1.34,1.22,155.7,-92.84,83.41,0.59,0.51,0.74,92.01,87.99,38.96,0
0.24,-1.45,0.62,94.54,83.9,142.35,0.53,0.08,0.54,-54.6,110.95,-124.15,0
0.27,-0.61,0.33,87.44,252.29,156.49,0.11,0.1,0.6,-54.91,126.43,-295.06,0
0.55,-0.31,-0.01,-28.45,333.54,149.3,0.27,0.22,0.53,-177.96,76.13,-309.82,0
0.42,-0.27,-0.14,-9.54,295.34,72.01,0.35,0.48,0.66,-190.82,5.95,-231.74,0
0.36,-0.28,-0.26,9.88,214.27,-107.04,0.58,0.81,0.71,-119.57,-157.56,-118.54,0
0.46,-0.91,-0.1,-21.89,89.54,-210.52,0.7,0.49,0.64,-89.88,-195.79,-1.19,0
0.5,-1.15,-0.03,15.3,-41.95,-226.19,1.08,0.66,0.69,107.47,-180.49,33.63,0
0.58,-1.36,-0.1,-41.43,-143.87,-163.66,1.03,0.6,0.79,102.9,-132.01,106.19,0
0.63,-1.41,0.22,-88.99,-141.8,-90.85,1.05,0.37,0.78,79.63,-114.51,134.76,0
0.38,-1.68,0.31,-104.12,40.34,-32.16,1.07,-0.06,0.86,-103.05,-113.23,40.43,0
0.17,-1.7,0.14,-89.05,203.84,60.76,0.55,-0.14,0.88,-246.46,-41.04,-105.64,0
0.22,-1.19,0.25,-53.02,287.29,164.66,0.31,0.2,0.76,-209.7,67.07,-228.02,0
0.57,-0.97,0.38,87.07,352.26,180.12,0.33,0.56,0.67,-159.85,88.96,-335.82,0
0.55,-0.95,0.26,62.65,328.38,165.21,0.17,0.69,0.61,-138.93,69.66,-336.62,0
0.36,-0.74,0.17,96.43,295.7,117.59,0.32,0.78,0.66,-60.58,48.78,-343.54,0
0.09,-1.03,-0.1,208.6,234.97,73.66,0.22,0.53,0.77,-2.77,33.69,-308.23,0
-0.26,-0.68,-0.05,101.34,184.88,46.65,0.04,0.45,0.71,-38.32,16.43,-221.62,0
-0.39,-0.53,-0.15,107.41,153.38,23.87,-0.14,0.28,0.71,-7.74,-7.8,-188.14,0
-0.43,-0.44,-0.05,60.09,108.99,6.01,-0.11,0.29,0.58,-43.29,-8.29,-103.9,0
-0.55,-0.45,-0.03,92.35,73.45,-33.54,-0.1,0.21,0.84,2.26,-41.28,-73.75,0
-0.55,-0.65,-0.14,22.8,53.23,-67.1,-0.02,0.12,0.77,-10.7,-82.35,-33.11,0
-0.51,-0.81,0.11,106.01,56.07,-65.06,0.09,-0.03,0.92,9.66,-56.1,-47.01,0
-0.41,-0.76,0.15,88.78,82.41,-110.88,0.12,0.1,1.11,-2.77,-116.52,-64.05,0
-0.24,-0.69,0.09,-192.29,116.55,-117.47,0.26,0.16,0.9,-80.37,-124.21,-79.02,0
-0.19,-0.79,-0.0,-19.82,171.52,-155.03,0.04,-0.08,0.8,-87.38,-150.76,-113.23,0
-0.0,-0.7,-0.3,79.76,138.87,-206.74,0.19,0.26,0.73,40.98,-217.59,-122.26,0
0.36,-1.28,-0.44,9.3,46.34,-237.29,0.94,0.4,0.78,25.27,-211.74,-21.95,0
0.7,-1.67,-0.37,54.05,-68.41,-188.81,1.31,0.25,0.68,154.94,-165.49,21.22,0
0.29,-1.57,-0.25,40.79,-145.37,-116.07,0.89,0.39,0.89,52.5,-55.91,131.31,0
0.18,-1.46,0.23,0.27,-160.24,-32.32,0.61,0.37,0.81,120.64,-22.71,103.38,0
0.1,-1.53,0.69,19.57,-86.25,61.86,0.58,0.41,0.85,31.49,65.37,57.29,0
0.12,-1.32,0.62,36.49,21.13,161.86,0.6,0.3,0.77,-13.48,127.38,-43.84,0
0.02,-1.0,0.19,31.4,67.2,203.02,0.32,0.27,0.74,-71.95,185.98,-93.23,0
-0.06,-0.73,-0.05,47.9,69.02,198.72,0.28,0.2,0.82,-16.22,187.5,-115.67,0
-0.07,-0.45,-0.13,20.52,65.0,140.61,0.45,0.17,0.77,-36.92,146.19,-87.23,0
-0.0,-0.27,-0.17,53.2,68.38,23.2,0.38,0.06,0.73,-24.27,23.35,-61.77,0
0.23,-0.27,-0.21,-24.66,52.2,-100.79,0.54,0.2,0.66,-19.7,-106.01,-17.68,0
0.46,-0.6,-0.18,-8.23,16.89,-193.38,0.73,0.2,0.48,25.52,-162.87,18.78,0
0.63,-1.24,-0.14,-39.76,-37.93,-201.49,0.98,0.34,0.62,47.07,-180.82,55.03,0
0.59,-1.59,-0.16,-5.46,-98.99,-159.88,1.03,0.51,0.83,59.73,-132.84,99.79,0
0.23,-1.79,0.24,-20.3,-116.16,-55.24,0.87,0.57,1.02,68.99,-52.62,89.42,0
-0.08,-1.92,0.63,20.24,-60.0,62.77,0.55,0.42,1.0,7.41,51.8,36.52,0
-0.21,-1.47,0.51,58.32,29.54,194.27,0.18,0.35,0.93,-39.51,160.82,-59.24,0
-0.15,-0.94,0.26,78.29,70.88,242.8,0.04,0.22,0.88,-52.71,243.66,-108.9,0
-0.11,-0.49,-0.02,107.56,86.71,188.75,0.27,0.33,0.88,-3.51,191.92,-125.85,0
-0.12,-0.21,-0.08,70.18,78.87,64.51,0.24,0.16,0.85,-22.53,85.64,-82.84,0
0.03,-0.08,-0.19,55.79,50.67,-81.28,0.29,0.07,0.59,14.36,-60.12,-56.49,0
0.34,-0.51,-0.2,57.32,1.28,-201.04,0.54,0.25,0.57,44.6,-176.43,9.05,0
0.77,-1.09,-0.18,-55.27,-82.04,-192.96,1.05,0.45,0.46,70.3,-170.21,62.87,0
0.67,-1.72,0.1,-23.84,-147.04,-110.15,1.1,0.45,0.78,68.41,-90.18,126.25,0
0.29,-1.56,0.22,-101.46,-174.21,-33.99,0.69,0.67,0.92,65.3,-62.1,154.73,0
-0.09,-1.67,0.63,19.94,-135.27,33.75,0.27,0.57,1.1,45.12,7.93,104.73,0
-0.32,-1.54,0.95,24.57,-72.38,139.63,0.13,0.66,1.05,10.88,110.82,40.64,0
-0.3,-1.11,0.52,45.09,10.61,216.34,0.05,0.28,0.9,-5.61,197.38,-61.65,0
-0.14,-0.58,0.21,51.07,74.85,203.54,0.08,0.12,0.86,-24.82,209.33,-118.51,0
-0.09,-0.23,0.02,53.38,112.53,99.63,0.27,0.11,0.83,-41.16,116.89,-123.02,0
0.04,-0.09,-0.17,52.87,118.26,-57.59,0.23,0.14,0.67,-60.58,-44.82,-87.77,0
0.16,-0.15,-0.31,24.36,32.99,-193.99,0.33,0.4,0.52,24.48,-170.18,-4.63,0
0.43,-0.73,-0.05,125.21,-127.07,-303.84,0.44,0.45,0.66,129.57,-256.28,99.02,0
0.73,-1.05,-0.34,115.21,-309.02,-254.85,0.6,0.53,0.84,293.41,-223.87,200.0,0
1.21,-1.73,0.89,62.5,-352.13,-100.3,1.34,0.45,0.83,294.91,-82.9,211.62,0
0.58,-1.68,0.32,53.26,-315.21,11.1,0.77,0.27,1.03,198.2,0.73,243.02,0
0.42,-1.42,0.31,134.85,-262.74,85.67,0.61,0.33,0.79,171.52,87.8,181.68,0
0.23,-0.45,0.27,416.55,-171.86,154.18,0.54,0.37,0.61,210.95,115.52,80.43,0
0.61,-1.41,-0.03,11.13,-155.7,176.31,1.19,0.32,0.7,162.77,147.59,61.01,0
0.55,-0.88,-0.3,252.29,-133.17,148.78,0.92,-0.16,0.68,293.96,163.23,5.03,0
0.36,-1.36,-0.1,101.74,-150.76,190.46,0.77,0.04,1.02,174.66,163.54,65.18,0
0.15,-0.98,0.13,51.19,-151.19,223.75,0.57,0.23,0.82,165.4,193.84,51.74,0
-0.17,-0.96,0.3,59.85,-106.68,234.85,0.1,-0.04,0.83,79.94,253.6,25.91,0
-0.26,-0.16,0.08,6.07,-44.05,203.02,-0.02,0.12,0.58,13.2,225.43,7.71,0
-0.13,-0.08,0.1,-56.86,-11.65,94.63,0.17,-0.03,0.78,-29.12,139.63,13.96,0
0.45,-0.08,-0.16,-31.4,6.62,-106.37,0.63,0.23,0.71,-16.28,-108.38,22.9,0
1.16,-0.43,-0.29,39.79,-85.79,-282.65,1.08,0.81,-0.08,136.49,-210.12,65.18,0
1.82,-1.05,0.16,65.64,-224.51,-228.84,1.65,0.65,0.06,132.13,-180.06,167.62,0
1.6,-1.39,0.91,-32.96,-227.2,-46.59,1.66,0.96,0.2,192.77,-48.14,159.36,0
0.82,-1.59,0.99,8.29,-184.94,29.6,1.48,1.31,0.41,81.71,60.52,149.27,0
0.39,-1.48,0.89,-8.66,-131.77,94.7,0.64,0.82,0.67,11.92,53.32,107.93,0
-0.07,-1.11,0.64,-85.7,-48.14,162.71,0.28,0.65,0.6,35.82,128.35,-29.51,0
-0.13,-0.74,0.43,121.37,29.94,203.17,0.02,0.07,0.66,30.18,213.63,-115.61,0
-0.03,-0.5,0.15,79.79,104.6,210.85,0.14,0.08,0.65,-32.71,219.73,-157.26,0
0.16,-0.3,0.06,32.1,172.23,119.12,0.32,0.12,0.88,-81.55,102.5,-187.87,0
0.37,-0.19,-0.05,-5.46,197.13,-31.68,0.45,0.59,0.76,-161.34,-50.18,-112.13,0
0.83,-0.53,-0.17,-38.63,158.32,-185.3,0.91,0.8,0.43,-101.8,-183.45,-71.59,0
1.22,-0.89,0.2,-7.56,1.68,-259.82,1.35,0.97,0.11,20.4,-212.62,34.12,0
1.24,-1.51,0.33,147.71,-125.73,-180.73,1.49,0.56,0.34,113.38,-150.82,84.02,0
0.95,-1.55,0.49,-38.66,-145.67,-73.14,1.45,1.1,0.63,104.7,-75.06,106.13,0
0.41,-1.74,0.82,-39.48,-92.68,11.19,1.0,0.81,1.11,58.84,-20.06,54.24,0
-0.08,-1.53,0.58,56.92,-61.92,113.93,0.46,0.51,0.93,-16.37,76.8,36.55,0
-0.36,-1.12,0.58,-4.18,-41.4,192.65,-0.1,0.31,0.77,8.32,153.26,-13.29,0
-0.25,-0.48,0.39,22.2,44.18,213.38,-0.13,0.11,0.6,9.33,210.52,-110.27,0
-0.04,-0.29,0.3,45.7,125.64,172.44,0.06,0.09,0.69,-49.51,169.09,-165.88,0
0.31,-0.19,0.08,38.9,197.62,39.24,0.53,0.09,0.56,-104.48,6.49,-164.24,0
0.74,-0.16,0.15,74.45,201.83,-148.78,0.63,0.5,0.55,-68.26,-141.71,-135.06,0
1.06,-0.32,-0.08,-14.73,138.93,-310.76,0.67,1.1,0.29,-36.49,-307.26,-35.95,0
1.53,-1.09,-0.06,-1.92,30.4,-363.32,1.31,0.48,0.1,44.82,-329.12,-15.43,0
1.78,-1.51,0.02,-103.08,-52.32,-266.89,1.78,0.45,0.2,65.43,-244.09,52.8,0
1.39,-1.17,0.19,-41.77,13.81,-160.79,1.34,0.27,0.2,-80.27,-172.47,-3.6,0
0.98,-1.28,0.14,-240.27,169.21,-61.25,1.22,0.27,0.62,-214.54,-112.5,-72.35,0
0.89,-0.63,-0.35,-311.4,313.14,-20.82,0.8,-0.18,0.54,-352.26,-97.26,-169.36,0
0.88,-0.68,-0.49,-379.02,377.62,60.4,1.03,-0.03,0.51,-378.78,-83.96,-200.27,0
0.76,-0.71,-0.32,-233.99,344.79,87.84,0.75,0.26,0.59,-359.6,-59.15,-185.09,0
0.54,-1.23,-0.35,-159.39,274.39,104.94,0.82,0.45,0.66,-283.72,-41.74,-153.75,0
0.3,-1.35,-0.29,-40.24,195.43,140.58,0.72,0.47,0.74,-183.38,47.62,-157.93,0
-0.01,-1.22,-0.27,36.62,104.51,187.26,0.51,0.25,0.76,-120.55,133.23,-105.98,0
-0.32,-0.85,-0.31,32.01,39.85,202.35,0.06,0.17,0.89,-48.54,158.54,-61.74,0
-0.48,-0.66,0.0,62.13,9.94,200.88,-0.07,0.16,0.87,-53.57,199.12,-27.44,0
-0.42,-0.43,0.1,42.35,4.88,164.54,-0.01,0.11,0.85,-22.44,168.6,-11.86,0
-0.33,-0.14,0.06,-33.26,15.46,71.62,0.05,0.11,0.79,-33.66,86.77,-6.8,0
-0.13,-0.1,-0.01,-3.81,17.26,-54.27,0.13,0.03,0.61,-25.15,-31.04,5.21,0
0.15,-0.07,-0.06,30.95,-2.41,-208.66,0.27,0.14,0.75,60.24,-188.69,-4.54,0
0.66,-0.56,-0.23,-1.62,-56.37,-317.1,0.55,0.44,0.41,88.26,-296.25,83.81,0
1.3,-1.82,0.02,-31.37,-105.88,-261.83,1.63,0.51,0.51,98.05,-221.25,67.71,0
0.79,-1.94,0.31,-95.0,-144.76,-121.34,1.18,1.01,0.94,11.98,-150.98,164.54,0
0.34,-1.89,0.51,-57.59,-124.39,-24.57,0.92,0.43,1.05,29.12,-70.79,117.44,0
-0.22,-1.73,0.38,-35.52,-84.27,66.1,0.45,0.6,0.92,-43.84,30.03,99.73,0
-0.37,-1.38,0.61,18.45,-31.13,175.98,0.1,0.27,0.87,15.64,135.82,-10.73,0
-0.22,-0.87,0.4,59.12,31.86,222.1,0.05,0.18,0.82,-18.29,227.71,-78.26,0
-0.09,-0.42,0.09,42.77,77.44,176.71,0.2,0.17,0.82,-14.94,188.69,-119.51,0
0.16,-0.32,0.04,70.34,121.4,29.09,0.53,0.13,0.83,-12.71,17.29,-127.2,0
0.54,-0.19,-0.24,61.37,116.89,-130.18,0.69,0.18,0.44,-27.5,-116.55,-95.64,0
0.98,-1.1,-0.2,107.62,53.08,-224.33,1.21,0.33,0.27,39.45,-165.46,-33.9,0
1.06,-1.24,-0.14,62.2,-36.19,-179.57,1.29,0.54,0.42,46.77,-164.27,15.3,0
