-0.6,-0.48,-0.32,-68.38,-156.62,95.49,-0.37,0.1,0.68,-65.4,124.82,18.29,4
-0.93,-0.11,-0.16,-214.24,-148.29,88.75,-0.87,0.03,0.58,-75.43,110.03,4.94,4
-1.11,-0.26,-0.17,-121.8,-155.06,39.51,-0.91,-0.19,0.65,-10.95,138.57,24.27,4
-1.07,-0.27,0.03,-91.55,-153.14,38.2,-1.16,-0.09,0.48,28.17,172.35,-45.55,4
-0.56,0.06,1.53,186.34,64.57,57.68,-0.8,-0.12,0.36,41.52,-6.55,-170.67,4
-1.21,0.27,-0.28,-136.98,63.14,-39.09,-0.88,-0.18,0.33,-70.12,-100.79,105.24,4
-1.06,-0.33,-0.13,-13.08,-2.44,-31.31,-0.79,-0.17,0.58,-45.24,10.67,70.3,4
-0.96,-0.24,0.08,-34.6,10.09,-40.67,-0.83,0.02,0.46,-43.41,-26.4,69.12,4
-0.87,-0.42,0.15,19.21,40.46,-34.48,-0.82,-0.02,0.57,-30.73,-60.64,69.54,4
-0.92,-0.33,-0.01,55.37,82.53,-29.12,-0.74,0.02,0.61,-6.83,-95.43,10.21,4
-0.97,-0.34,-0.23,59.57,94.27,-9.27,-0.7,-0.05,0.71,11.04,-96.68,-39.33,4
-0.98,-0.42,-0.5,55.55,75.91,8.96,-0.53,-0.07,0.84,-3.32,-60.7,-49.76,4
-0.84,-0.42,-0.24,71.4,78.08,23.75,-0.52,-0.1,0.78,12.93,-50.09,-56.28,4
-0.71,-0.22,-0.47,-4.82,90.3,24.45,-0.29,0.03,0.79,2.07,-66.25,-53.87,4
-0.83,-0.09,-1.22,-49.94,73.96,35.18,-0.25,-0.21,0.88,-12.99,-64.24,-35.4,4
-0.5,-0.19,0.21,-63.05,92.35,71.59,-0.66,-0.24,0.91,-90.06,12.41,-26.13,4
-0.61,-0.13,-1.48,37.84,100.67,30.76,0.33,0.05,0.86,-27.07,-50.7,-64.51,4
-0.55,0.14,-0.99,57.87,-6.04,-17.59,0.09,-0.2,0.83,52.84,5.52,-9.54,4
-0.93,-0.22,-0.96,76.37,-38.69,-41.92,-0.28,-0.33,0.99,19.76,11.49,25.85,4
-0.91,-0.27,-0.52,3.93,-38.38,-24.79,-0.44,-0.08,0.89,20.27,12.26,28.66,4
-0.82,-0.38,-0.61,-8.66,-29.7,-3.23,-0.31,-0.27,0.94,4.27,16.77,11.92,4
-0.77,-0.43,-0.89,-24.66,-51.46,24.39,-0.16,-0.15,0.89,-26.16,44.97,6.13,4
-0.67,-0.36,-0.94,-32.35,-115.95,48.54,-0.02,-0.09,0.86,-29.76,88.6,14.18,4
-0.82,-0.13,-0.63,-88.99,-178.72,58.29,-0.51,-0.17,0.84,-31.71,162.9,30.76,4
-0.86,-0.01,-0.13,-141.04,-175.7,39.63,-0.83,-0.2,0.58,-31.83,160.67,18.35,4
-1.12,-0.09,0.14,-83.41,-162.38,9.57,-0.97,-0.27,0.44,24.05,166.46,21.31,4
-1.04,-0.48,0.47,-71.1,-150.88,10.3,-1.06,-0.28,0.37,2.87,160.64,-18.66,4
-1.21,0.7,0.55,30.24,87.56,-23.11,-1.11,-0.05,0.24,44.12,-83.48,-24.27,4
-1.07,-0.34,-0.25,-60.55,16.4,-43.26,-0.7,-0.32,0.55,-40.76,-30.18,94.09,4
-0.91,-0.12,-0.07,97.77,20.37,-27.01,-0.74,-0.19,0.51,14.3,-21.77,37.87,4
-1.02,-0.14,-0.26,39.09,23.57,-28.51,-0.68,-0.11,0.56,-10.61,-37.04,21.04,4
-1.05,-0.24,0.08,13.6,1.86,-3.96,-0.82,-0.1,0.49,3.32,3.87,-7.38,4
-0.84,0.02,0.25,91.37,27.77,12.29,-0.84,-0.17,0.45,23.29,-9.21,-43.23,4
-1.02,-0.19,-0.39,-31.77,-11.22,25.91,-0.61,-0.26,0.56,-33.32,30.91,-4.88,4
-0.96,-0.2,-0.36,33.93,-16.4,26.62,-0.57,-0.03,0.46,11.55,15.85,-38.48,4
-0.8,0.03,0.19,-117.8,-34.57,34.6,-0.8,-0.08,0.36,-10.15,7.8,-20.37,4
-1.14,-0.23,-0.12,-83.69,-59.21,2.29,-0.9,-0.16,0.51,18.63,44.45,4.24,4
-1.17,-0.53,0.16,-73.54,-70.79,17.77,-0.96,-0.06,0.35,6.19,84.3,-33.9,4
-1.17,0.89,0.7,103.11,81.83,-29.63,-1.32,-0.03,0.4,82.32,-69.66,-70.37,4
-1.14,-0.44,-0.35,-68.05,19.39,-48.2,-0.84,-0.14,0.3,7.16,-32.93,59.82,4
-0.95,-0.08,0.34,25.95,-4.73,-25.76,-0.92,-0.16,0.4,15.09,8.14,11.22,4
-0.94,-0.16,0.05,10.24,10.79,-12.8,-0.8,-0.16,0.39,14.27,-6.55,-2.96,4
-0.99,-0.18,0.06,5.98,11.92,-3.51,-0.87,-0.14,0.42,11.1,-9.97,-5.03,4
-0.97,-0.11,0.17,9.66,2.68,-7.93,-0.89,-0.11,0.33,12.41,-3.11,0.73,4
-0.95,-0.11,0.13,3.93,-3.02,-4.57,-0.82,-0.12,0.34,4.36,2.2,1.65,4
-0.95,-0.07,0.07,-8.14,-2.13,-2.35,-0.82,-0.14,0.38,-4.54,-2.71,5.34,4
-0.93,-0.18,0.09,-12.41,-0.85,2.1,-0.82,-0.13,0.39,-11.77,-3.78,3.9,4
-0.98,-0.12,0.09,-6.1,1.62,0.27,-0.87,-0.08,0.42,-5.24,-3.35,3.35,4
-0.96,-0.18,0.11,-4.73,6.34,-4.79,-0.82,-0.07,0.41,-0.58,-4.97,9.91,4
-0.8,-0.29,0.27,48.99,25.24,-10.52,-0.75,-0.02,0.37,9.48,-32.8,45.55,4
-0.94,-0.37,0.15,105.0,86.95,-21.22,-0.93,0.04,0.4,-0.88,-93.9,0.61,4
-1.14,-0.18,0.13,97.99,84.18,-38.9,-1.1,0.07,0.57,21.4,-72.77,-32.16,4
-1.18,-0.58,-0.41,112.23,60.58,-22.13,-0.78,-0.1,0.63,41.71,-29.82,-48.41,4
-0.71,0.01,0.12,-26.83,54.36,7.41,-0.68,-0.17,0.59,-9.91,-35.85,15.58,4
-0.76,-0.32,-0.88,28.38,35.18,35.24,-0.24,-0.03,0.64,25.34,-31.28,-37.38,4
-0.73,-0.28,-0.68,-11.4,-69.15,64.42,-0.35,-0.31,0.68,-29.94,83.57,-35.37,4
-0.81,0.29,0.01,-158.9,-109.15,83.17,-0.69,-0.02,0.47,-28.05,105.52,-25.4,4
-1.08,-0.25,0.11,-108.75,-111.46,19.97,-0.94,-0.24,0.44,49.57,95.49,-8.96,4
-1.17,-0.62,0.79,-50.43,-57.84,28.96,-0.94,-0.14,0.28,20.88,88.51,-87.47,4
-1.44,0.74,0.16,3.38,105.24,-36.01,-1.16,-0.05,0.15,0.27,-118.6,-1.83,4
-1.04,-0.51,-0.14,-23.05,-8.05,-24.05,-0.77,-0.23,0.4,-33.81,2.26,53.02,4
-1.07,0.06,-0.09,-55.82,4.54,-21.95,-0.77,-0.21,0.46,-36.86,-24.54,44.39,4
-0.95,-0.1,0.05,-67.26,-6.52,-35.46,-0.8,-0.17,0.46,-39.12,-7.29,70.21,4
-1.07,-0.33,-0.06,-27.23,-4.57,-26.71,-0.8,-0.09,0.55,-2.9,7.44,44.73,4
-1.0,-0.47,0.24,70.09,9.33,-7.1,-0.95,-0.07,0.51,15.67,-10.24,29.36,4
-1.05,-0.16,-0.07,102.01,32.59,-3.2,-0.75,-0.15,0.52,18.48,-34.48,-7.13,4
-1.01,-0.13,-0.14,87.2,24.51,19.82,-0.74,-0.1,0.53,13.08,-1.16,-48.26,4
-0.9,-0.06,0.08,65.98,34.21,20.58,-0.74,-0.21,0.5,4.24,-18.17,-27.56,4
-0.83,0.07,-0.15,85.88,68.69,10.82,-0.57,-0.27,0.61,20.64,-53.66,-39.63,4
-0.99,0.06,-0.32,191.83,74.66,-30.46,-0.56,-0.31,0.7,24.21,-38.05,-27.41,4
-0.84,0.37,-0.06,125.58,98.14,-73.32,-0.76,-0.21,0.7,46.16,-112.2,-13.17,4
-0.34,-0.44,-0.11,-98.08,157.9,-32.23,-0.21,-0.0,0.59,-2.56,-169.97,-53.93,4
-0.71,-0.58,-1.56,-16.83,46.07,-32.04,0.17,-0.12,0.99,-12.65,-46.71,-0.98,4
-0.88,-0.39,-0.65,121.31,-30.21,-20.85,-0.39,-0.23,0.88,40.82,29.66,23.2,4
-0.98,-0.36,-0.34,-28.84,-27.2,21.28,-0.59,-0.18,0.85,-50.4,26.92,6.07,4
-0.96,-0.38,-0.37,30.91,-15.46,17.41,-0.59,-0.15,0.84,0.34,17.35,-5.3,4
-0.92,-0.37,-0.53,-29.79,-40.4,44.88,-0.43,-0.2,0.82,-32.2,56.74,-2.96,4
-0.84,-0.29,-0.51,-47.13,-80.21,62.62,-0.44,-0.2,0.78,-28.57,91.16,10.06,4
-0.85,0.01,-0.24,-141.49,-98.14,68.63,-0.67,-0.25,0.59,-44.97,89.73,7.62,4
-0.9,0.33,-0.15,-210.7,-79.97,13.17,-0.65,-0.35,0.63,-45.64,43.54,42.87,4
-0.98,0.27,-0.47,-202.2,-81.25,-45.4,-0.57,-0.33,0.5,-27.01,16.62,114.66,4
-1.06,-0.17,-0.21,-209.33,-114.33,-50.79,-0.76,-0.31,0.58,-53.78,71.74,127.56,4
-0.0,-1.03,0.99,5.27,40.7,24.76,-0.25,0.02,0.5,-82.29,-8.08,-54.94,4
-1.24,-0.19,-0.35,-53.08,95.4,11.34,-0.8,-0.01,0.39,-44.88,-112.68,-9.76,4
-1.21,-0.24,-0.38,121.07,38.45,-13.32,-0.91,-0.23,0.78,79.88,-21.49,-1.22,4
-1.15,-0.18,-0.32,75.49,0.43,-8.23,-0.83,-0.03,0.53,30.82,-15.91,2.01,4
-1.17,-0.14,-0.29,53.81,-46.37,12.23,-0.82,-0.16,0.59,25.06,66.43,-38.05,4
-0.89,-0.19,-0.16,-7.93,-52.44,45.3,-0.62,-0.22,0.59,5.37,56.95,-23.75,4
-0.66,0.02,-0.11,-3.08,-29.18,45.43,-0.49,-0.09,0.43,13.57,17.5,-45.03,4
-0.83,0.16,-0.03,-54.66,-53.35,29.82,-0.71,-0.16,0.48,-16.1,37.01,-22.01,4
-1.08,-0.15,0.14,-42.29,-64.73,16.04,-0.91,-0.14,0.39,8.96,61.92,-11.86,4
0.97,-0.36,-0.1,-57.26,-52.44,52.93,-0.65,-0.04,0.15,-41.4,-4.39,-40.27,4
-1.1,0.3,0.16,-52.23,67.74,-20.15,-1.01,-0.13,0.07,-37.5,-92.59,48.63,4
-1.02,-0.29,-0.1,1.16,-16.31,-16.59,-0.8,-0.17,0.4,-15.34,19.73,35.03,4
-0.92,-0.2,0.14,-4.85,5.15,-5.98,-0.83,-0.13,0.33,-2.53,-9.39,0.64,4
-0.98,-0.06,0.07,3.23,1.13,-5.79,-0.89,-0.22,0.39,5.64,-1.34,-2.35,4
-1.0,-0.05,0.02,-0.43,-3.45,-14.97,-0.85,-0.18,0.38,5.24,0.3,13.72,4
-0.93,-0.16,0.1,-7.5,-4.91,-8.72,-0.8,-0.15,0.39,-5.37,0.34,12.35,4
-0.95,-0.14,0.07,-5.18,-1.68,3.38,-0.82,-0.13,0.41,-4.85,-0.24,-0.7,4
-0.97,-0.13,0.08,-8.51,0.0,-0.24,-0.85,-0.11,0.38,-4.97,-2.77,2.62,4
-0.95,-0.14,0.15,-5.7,0.58,-6.07,-0.83,-0.1,0.38,1.1,-2.59,9.6,4
-1.0,-0.11,0.07,-6.49,8.23,-17.29,-0.87,-0.12,0.4,11.95,-7.59,14.45,4
-0.97,-0.12,0.1,8.45,4.39,-20.12,-0.83,-0.11,0.44,17.32,-7.96,36.65,4
-0.86,-0.33,0.3,68.02,40.12,-26.19,-0.81,-0.06,0.36,2.32,-53.63,53.99,4
-0.93,-0.09,0.04,110.09,90.18,-40.15,-0.88,0.02,0.42,16.95,-87.71,-13.72,4
-1.08,-0.5,0.13,89.88,76.95,-49.66,-0.97,-0.06,0.54,1.68,-62.96,16.86,4
-1.0,-0.06,0.02,123.2,96.74,-69.57,-0.81,0.03,0.43,55.52,-105.46,-28.32,4
-0.65,-0.34,-0.35,-88.51,96.86,-29.24,-0.53,0.01,0.61,24.09,-138.96,29.05,4
-0.66,-0.97,-1.23,-28.45,-14.02,44.24,0.13,-0.0,0.88,-33.38,36.74,-20.67,4
-0.75,-0.23,-0.4,-22.07,-98.17,114.82,-0.51,-0.03,0.55,-51.01,124.36,-65.3,4
-0.98,0.01,0.05,-119.3,-115.85,114.45,-0.94,-0.15,0.52,-29.66,128.23,-82.01,4
-1.13,-0.0,0.01,-65.37,-136.65,67.96,-1.0,-0.18,0.47,56.92,148.14,-56.65,4
-0.72,-0.43,2.26,-7.47,-50.85,44.21,-0.91,-0.23,0.06,60.34,110.55,-119.3,4
-1.32,0.94,0.14,-34.12,102.04,-49.94,-1.02,-0.14,0.16,-10.98,-119.24,41.19,4
-1.14,-0.3,-0.3,-96.34,-4.48,-50.52,-0.76,-0.25,0.4,-51.1,-7.35,95.46,4
-0.97,-0.07,0.19,-74.42,-6.65,-42.9,-0.83,-0.21,0.37,-43.26,-10.52,75.43,4
-1.0,-0.25,0.06,-29.97,4.66,-21.16,-0.81,-0.15,0.46,-37.01,-9.51,43.45,4
-1.01,-0.19,0.09,13.81,18.11,-20.88,-0.89,-0.16,0.48,-20.37,-22.29,39.97,4
-0.97,-0.03,-0.07,26.22,29.48,-22.47,-0.81,-0.16,0.51,-19.51,-52.2,34.85,4
-0.92,-0.09,-0.2,7.1,33.35,-21.37,-0.64,-0.2,0.58,-26.4,-53.32,31.71,4
-0.82,-0.2,-0.25,18.87,42.23,-13.96,-0.48,-0.2,0.59,-18.66,-55.0,19.36,4
-0.88,-0.26,-0.27,55.34,49.63,-1.43,-0.57,-0.18,0.65,-1.89,-48.05,-15.21,4
-0.91,-0.24,-0.05,94.91,76.98,12.1,-0.69,-0.18,0.65,-4.09,-42.65,-42.8,4
-0.98,-0.31,-0.26,87.9,99.33,19.3,-0.67,-0.17,0.67,1.92,-65.37,-70.18,4
-0.9,0.02,-0.17,-3.54,130.4,17.32,-0.79,-0.14,0.67,-13.66,-95.67,-67.38,4
-0.73,-0.49,-0.99,4.21,138.29,10.3,-0.17,-0.08,0.72,23.35,-135.27,-91.89,4
-0.78,-0.2,-1.02,24.21,35.61,-18.14,-0.15,-0.35,0.9,3.54,-28.63,-11.49,4
-0.88,-0.24,-0.64,82.65,-4.21,-26.95,-0.4,-0.2,0.88,42.13,4.6,4.27,4
-0.89,-0.36,-0.54,13.9,-3.96,-2.62,-0.39,-0.24,0.91,3.32,11.01,-12.35,4
-0.84,-0.25,-0.59,8.54,2.13,10.21,-0.34,-0.21,0.86,8.81,-0.98,-17.23,4
-0.82,-0.31,-0.76,15.27,-19.91,17.44,-0.26,-0.21,0.9,6.31,25.76,-10.61,4
-0.86,-0.3,-0.82,-13.38,-64.3,24.63,-0.3,-0.22,0.87,-3.78,60.55,8.63,4
-0.76,-0.3,-0.8,-135.85,-140.67,65.52,-0.23,-0.21,0.82,-44.88,135.82,22.5,4
-0.93,0.07,-0.34,-197.56,-167.1,53.54,-0.72,-0.28,0.73,-4.76,142.2,-3.69,4
-0.94,0.26,-0.03,-122.68,-148.29,6.74,-0.89,-0.29,0.58,31.86,123.72,-3.9,4
-1.07,-0.33,0.08,-60.24,-139.12,4.51,-0.71,-0.2,0.47,5.15,137.74,-27.9,4
-1.02,1.94,0.86,135.06,137.8,-60.37,-1.29,-0.49,1.05,58.14,-121.04,-103.2,4
-1.23,-0.21,-0.8,-109.18,45.12,-62.29,-0.7,-0.32,0.65,-35.55,-50.61,107.56,4
-1.03,0.08,-0.06,-51.77,3.69,-56.28,-0.75,-0.22,0.57,-26.59,-6.46,97.26,4
-0.88,-0.48,0.09,22.8,35.27,-35.95,-0.86,-0.21,0.51,1.34,-53.99,51.95,4
-1.17,-0.36,-0.49,122.23,49.27,-13.35,-0.93,-0.21,0.68,10.61,-47.26,-25.82,4
-1.34,-0.1,-0.38,5.52,-30.88,7.1,-0.9,-0.2,0.66,-33.66,45.52,11.68,4
-0.85,-0.21,0.19,11.19,-45.34,35.58,-0.87,-0.1,0.56,-45.37,84.36,-29.39,4
-0.76,-0.36,-0.53,-81.59,-32.77,66.89,-0.38,0.0,0.56,3.99,16.89,-34.39,4
-1.04,0.13,-0.35,-122.74,-75.7,50.06,-0.75,-0.09,0.48,43.75,52.13,-48.23,4
-1.15,-0.35,0.26,-15.73,-104.48,21.22,-1.07,-0.18,0.42,54.6,116.98,-52.87,4
-0.74,1.28,0.82,223.05,88.32,-17.68,-1.4,-0.41,0.54,73.48,-59.45,-126.55,4
-1.17,-0.08,-0.31,-96.04,19.94,-61.68,-0.83,-0.32,0.28,-24.02,-46.65,110.24,4
-0.93,-0.17,0.15,25.21,-15.67,-9.88,-0.84,-0.16,0.4,-4.42,26.34,6.92,4
-0.86,-0.18,0.03,-5.58,1.04,-2.65,-0.73,-0.15,0.36,-8.63,-3.51,-0.46,4
-0.9,-0.13,0.13,-5.95,13.29,3.17,-0.87,-0.13,0.43,-7.1,-11.55,-5.73,4
-1.06,-0.13,0.06,7.07,10.7,-9.91,-0.96,-0.13,0.43,5.85,-9.42,-3.45,4
-0.98,-0.15,0.11,15.98,0.34,-4.63,-0.87,-0.17,0.37,8.96,0.91,-5.12,4
-0.98,-0.04,0.02,7.13,-3.69,-2.53,-0.85,-0.19,0.46,3.75,4.97,-3.9,4
-0.98,-0.11,0.0,3.11,-0.37,-10.49,-0.82,-0.19,0.45,12.35,0.52,4.15,4
-0.95,-0.11,0.09,2.35,-1.71,-2.1,-0.82,-0.18,0.39,4.21,1.98,-1.4,4
-0.97,-0.12,0.05,0.24,-2.26,0.82,-0.81,-0.17,0.42,-0.34,-0.82,1.68,4
-1.0,-0.12,0.04,6.13,-1.95,11.98,-0.84,-0.17,0.42,-2.65,4.79,-12.01,4
-1.0,-0.06,-0.01,-0.3,-7.59,7.44,-0.82,-0.13,0.45,-4.48,7.23,-6.19,4
-0.92,-0.06,0.06,-11.1,-6.34,-7.35,-0.8,-0.15,0.4,-4.57,3.81,12.68,4
-0.94,-0.17,0.09,-8.66,1.95,-8.23,-0.79,-0.13,0.46,3.72,-2.44,15.06,4
-0.89,-0.24,0.14,63.81,23.35,-6.19,-0.8,-0.08,0.4,25.76,-28.84,21.25,4
-1.15,-0.1,-0.09,85.34,8.63,-5.49,-0.97,-0.02,0.39,22.8,-1.22,-24.79,4
-0.98,-0.27,0.32,88.87,13.54,-0.15,-0.97,-0.13,0.34,28.11,7.5,-41.07,4
-1.12,0.22,-0.05,83.75,1.83,-6.4,-0.89,-0.19,0.43,0.49,22.8,-9.66,4
-0.79,-0.13,0.13,49.24,22.9,-1.31,-0.71,-0.17,0.32,1.04,-24.73,3.26,4
-0.79,-0.07,-0.06,-38.99,-0.21,16.43,-0.62,-0.08,0.44,-15.46,-6.46,0.12,4
-0.85,0.14,-0.04,-175.0,-8.9,28.6,-0.72,-0.1,0.44,-12.32,-11.37,-16.74,4
-1.18,-0.02,-0.28,-131.4,-55.58,-6.16,-0.85,-0.12,0.46,9.42,37.9,18.23,4
-1.2,-0.38,0.13,-70.03,-70.95,-8.96,-0.91,-0.16,0.39,9.6,67.99,-3.96,4
-1.19,0.66,0.5,72.01,85.76,-17.13,-1.13,-0.11,0.4,53.99,-73.51,-67.41,4
-1.2,-0.18,-0.4,-48.23,-2.13,-18.75,-0.84,-0.25,0.37,-20.12,-6.19,36.01,4
-1.04,-0.09,0.37,-31.04,1.8,6.83,-0.93,-0.15,0.36,-33.93,-0.3,28.63,4
-1.09,-0.23,0.04,6.31,9.51,-3.45,-0.93,-0.09,0.47,-2.26,-13.45,29.18,4
-0.97,-0.07,0.22,67.41,19.51,-11.19,-0.97,-0.12,0.43,-29.12,-28.32,39.3,4
-1.06,0.03,0.02,21.65,36.1,-27.13,-0.8,-0.19,0.49,-36.89,-48.81,42.96,4
-0.99,-0.15,0.03,63.11,57.84,-27.16,-0.8,-0.23,0.5,0.79,-59.12,16.16,4
-0.93,0.05,0.17,96.13,105.73,-37.35,-0.93,-0.2,0.53,16.77,-104.09,-28.51,4
-0.87,-0.14,-0.05,54.02,141.34,-43.81,-0.66,-0.17,0.64,17.41,-134.48,-26.92,4
-0.57,-0.18,-0.27,29.94,188.6,-63.96,-0.48,-0.19,0.75,45.06,-170.95,-50.46,4
-0.33,-0.37,-1.11,-105.95,189.21,-62.87,-0.03,0.19,0.68,27.47,-186.07,-31.8,4
-0.14,-0.64,-1.24,-16.28,96.74,-36.01,0.45,-0.31,0.64,6.16,-100.7,0.7,4
-0.47,-0.38,-1.2,60.03,5.52,-8.93,0.17,0.01,0.87,15.27,13.32,-8.6,4
-0.73,-0.39,-0.79,37.2,-18.78,4.94,-0.22,-0.13,1.0,-12.23,22.35,-3.87,4
-0.8,-0.37,-0.73,-5.15,-29.76,7.59,-0.3,-0.09,1.0,-0.64,21.59,6.25,4
-0.82,-0.43,-0.85,12.62,-40.0,14.76,-0.26,-0.13,0.99,2.2,31.83,1.89,4
-0.77,-0.46,-0.78,0.67,-60.24,28.2,-0.27,-0.14,0.93,-9.02,47.07,5.12,4
-0.76,-0.34,-0.79,-79.91,-102.44,55.4,-0.24,-0.08,0.92,-54.66,83.23,20.67,4
-0.77,-0.3,-0.91,-103.66,-153.51,65.27,-0.28,-0.17,0.89,-52.68,112.59,19.48,4
-0.73,-0.17,-0.46,-74.76,-187.71,49.82,-0.44,-0.23,0.69,-62.04,156.92,50.03,4
-0.68,-0.06,-0.09,-52.9,-183.9,41.86,-0.54,-0.18,0.58,-34.51,179.94,43.08,4
-0.76,0.08,0.12,-84.02,-159.48,32.53,-0.68,-0.2,0.49,-2.26,165.34,19.85,4
-0.94,-0.07,0.33,-87.59,-115.4,14.79,-0.93,-0.15,0.42,34.24,115.18,-19.94,4
-0.77,0.39,0.99,105.73,73.45,12.93,-1.11,-0.34,0.32,41.71,-57.2,-115.24,4
-1.24,0.11,0.09,-76.86,62.62,-37.62,-1.02,-0.29,0.36,-60.4,-93.32,102.87,4
-1.06,-0.16,-0.17,93.08,38.32,-33.2,-0.84,-0.26,0.55,-13.41,-25.82,39.12,4
-1.04,-0.11,0.08,42.07,13.08,-25.7,-0.76,-0.12,0.57,-17.38,-5.12,17.5,4
-0.97,-0.09,-0.18,69.09,1.52,-7.04,-0.67,-0.16,0.53,10.55,15.0,-13.35,4
-0.87,-0.09,-0.4,-74.33,-1.62,21.49,-0.54,-0.26,0.6,-12.96,-10.4,9.94,4
-0.84,0.04,-0.08,-101.46,-30.49,38.17,-0.64,-0.11,0.37,-20.85,18.69,-0.24,4
-0.96,-0.03,-0.06,-72.59,-36.52,15.24,-0.77,-0.19,0.48,1.43,19.36,-6.4,4
-0.95,-0.34,0.03,-4.12,-53.29,12.8,-0.82,-0.09,0.43,14.02,51.83,-32.47,4
-1.06,-0.25,0.41,-3.69,-50.88,20.24,-1.0,-0.08,0.31,27.26,62.68,-62.59,4
-0.76,0.52,0.6,136.37,72.29,6.89,-1.22,-0.27,0.44,24.94,-45.67,-90.43,4
-1.24,-0.09,-0.17,-60.03,21.46,-39.6,-1.01,-0.21,0.26,-5.09,-33.17,58.32,4
-0.94,-0.13,0.38,24.15,-22.41,-11.59,-0.95,-0.14,0.28,6.62,25.49,7.1,4
-0.92,-0.0,0.14,10.0,-12.77,-3.48,-0.84,-0.18,0.28,5.64,12.93,-6.04,4
-0.91,-0.04,0.21,-10.67,-9.15,-2.32,-0.81,-0.16,0.28,-8.26,-0.03,12.47,4
-0.98,-0.12,0.17,-6.19,-5.88,-2.26,-0.9,-0.12,0.33,-4.97,3.72,3.17,4
-0.97,-0.09,0.22,3.99,-10.37,-6.22,-0.89,-0.13,0.25,6.92,8.02,3.54,4
-0.94,-0.06,0.26,1.59,-7.9,-10.49,-0.92,-0.15,0.24,3.51,6.98,9.42,4
-0.92,-0.12,0.2,-10.85,-10.61,-8.84,-0.84,-0.14,0.25,-5.06,6.55,13.75,4
-0.9,-0.12,0.18,-7.26,-9.02,-1.19,-0.81,-0.11,0.28,-8.6,5.27,6.83,4
-0.91,-0.09,0.21,-15.24,0.7,-7.71,-0.87,-0.1,0.32,-7.71,-3.93,14.66,4
-0.95,-0.22,0.21,1.59,9.36,-11.77,-0.87,-0.1,0.31,27.16,-11.65,26.16,4
-0.9,-0.26,0.4,58.26,35.61,-16.07,-0.97,-0.02,0.24,4.7,-42.41,41.07,4
-0.91,-0.06,0.45,24.02,77.35,-41.8,-0.99,0.11,0.34,-14.39,-95.67,56.31,4
-0.88,-0.52,0.38,82.93,129.18,-66.16,-1.02,0.13,0.37,47.32,-137.35,-0.4,4
-0.92,-0.35,0.13,111.22,159.88,-68.84,-1.03,0.11,0.55,66.92,-172.56,-53.69,4
-0.82,-0.41,0.01,63.23,181.07,-55.4,-0.77,0.01,0.63,53.99,-161.13,-53.14,4
-0.79,-0.25,-0.5,0.85,182.87,-32.74,-0.44,-0.01,0.74,38.81,-146.25,-53.2,4
-0.3,-0.43,-0.73,19.02,178.17,-10.3,0.08,-0.09,0.63,24.42,-149.6,-61.71,4
-0.15,-0.44,-1.58,-66.04,-10.49,16.01,0.71,0.1,0.65,-76.52,19.36,23.87,4
-0.57,-0.38,-1.28,17.96,-156.98,31.49,0.03,0.14,0.92,-6.68,134.18,23.2,4
-0.61,-0.38,-0.61,-135.24,-224.76,76.31,-0.38,-0.14,0.79,-121.28,148.05,50.18,4
-1.05,0.05,0.2,-124.97,-213.02,59.82,-1.12,-0.02,0.63,-54.12,224.02,44.18,4
-1.08,-0.52,0.27,-91.77,-186.13,70.18,-1.32,-0.11,0.46,42.71,211.43,-53.14,4
0.24,-2.16,2.33,44.79,17.07,131.37,-0.4,0.23,0.14,-57.56,-7.2,-172.74,4
-1.39,0.67,-0.44,-116.55,86.52,-45.95,-0.98,-0.26,0.22,-60.61,-133.23,91.25,4
-1.05,-0.06,-0.04,-10.52,-18.2,-63.41,-0.86,-0.32,0.54,-33.54,31.19,79.24,4
-1.06,-0.24,0.06,-69.6,-7.16,-61.01,-0.88,-0.09,0.47,-41.92,-2.9,88.6,4
-1.04,-0.39,0.04,9.12,3.08,-63.14,-0.89,-0.03,0.49,-12.16,-16.19,78.38,4
-0.95,-0.51,0.01,93.41,18.2,-26.59,-0.93,-0.1,0.57,26.83,-23.96,18.14,4
-0.99,-0.35,-0.07,80.18,13.51,5.06,-0.72,-0.07,0.45,-0.34,-10.06,-8.6,4
-0.87,-0.21,-0.21,134.21,36.1,42.1,-0.7,-0.17,0.58,21.62,-9.45,-80.4,4
-0.85,-0.47,-0.41,162.71,46.92,66.4,-0.48,-0.33,0.6,-18.63,8.48,-86.86,4
-0.88,0.3,-0.28,225.37,63.81,47.9,-0.7,-0.26,0.61,-5.67,22.38,-101.31,4
-0.84,0.15,0.04,42.59,95.21,11.16,-0.68,-0.22,0.54,-40.79,-58.14,-32.16,4
-0.72,0.15,0.36,-120.18,132.1,10.88,-0.72,-0.11,0.45,-20.4,-121.59,-41.07,4
-1.13,-0.31,-0.71,-182.9,137.41,13.6,-0.55,-0.04,0.71,-23.84,-140.7,-54.48,4
-0.81,-0.07,-0.54,20.82,134.18,-56.92,-0.49,-0.42,0.84,66.07,-129.66,-37.26,4
-0.54,-0.16,-0.97,5.09,68.72,-89.33,0.06,-0.31,0.77,62.29,-76.19,35.06,4
-0.56,-0.28,-1.24,34.02,11.98,-40.61,0.1,-0.31,0.73,49.15,-10.79,4.82,4
-0.68,-0.29,-0.9,51.74,-26.95,6.01,-0.1,-0.29,0.86,10.91,33.51,-10.91,4
-0.81,-0.23,-0.85,-2.38,-57.56,33.78,-0.27,-0.22,0.9,-11.68,54.79,-3.32,4
-0.84,-0.24,-0.98,-12.9,-99.24,36.8,-0.31,-0.17,0.94,-11.92,82.41,11.62,4
-0.72,-0.29,-0.79,-75.67,-166.52,46.01,-0.33,-0.22,0.84,-38.23,129.48,32.5,4
-0.75,-0.03,-0.31,-117.53,-218.51,46.13,-0.6,-0.2,0.55,-45.91,197.62,53.23,4
-0.82,0.17,0.14,-79.24,-195.0,23.78,-0.77,-0.26,0.44,50.18,186.07,7.32,4
-1.05,-0.04,0.28,-34.85,-159.42,4.63,-1.1,-0.39,0.35,87.93,153.96,-17.87,4
1.36,0.94,-0.01,-91.92,-140.52,44.33,-0.78,-0.35,0.04,1.77,71.83,-35.52,4
-1.27,0.65,0.23,-96.46,70.7,-47.47,-1.09,-0.25,0.11,-67.56,-94.24,75.98,4
-1.04,-0.52,-0.02,-29.6,3.29,-37.04,-0.79,-0.29,0.38,-51.43,-16.62,107.1,4
-0.93,0.12,0.17,90.43,23.96,-27.77,-0.88,-0.13,0.45,-23.41,-21.77,56.95,4
-0.96,-0.12,0.07,1.04,40.91,-23.48,-0.82,-0.1,0.36,-52.47,-60.43,40.98,4
-0.96,-0.23,0.18,-13.2,41.34,-1.28,-1.04,-0.08,0.33,-30.49,-38.45,-4.97,4
-0.96,-0.25,-0.06,69.54,41.46,5.52,-0.73,-0.02,0.52,-25.85,-21.86,-30.7,4
-0.52,0.09,0.34,7.13,47.71,-13.54,-0.56,-0.01,0.38,-31.31,-52.16,22.74,4
-0.84,-0.23,-0.53,18.35,15.37,-16.77,-0.38,0.1,0.62,10.43,-27.96,7.23,4
-0.89,-0.23,-0.14,-67.29,-34.42,-4.21,-0.67,-0.01,0.42,-2.53,-0.61,15.43,4
-1.0,0.01,0.27,-168.57,-50.67,3.84,-0.97,0.05,0.37,-10.06,18.6,26.46,4
-1.25,-0.43,0.17,-120.58,-83.29,-13.41,-1.12,0.07,0.34,3.72,83.66,46.07,4
-2.98,-0.45,1.86,-14.3,-16.31,-46.22,-0.75,0.1,0.21,16.34,131.37,-47.2,4
-1.04,0.16,0.7,-14.82,61.52,-27.68,-1.03,0.25,0.01,35.79,-77.9,-3.75,4
-1.08,-0.47,-0.28,22.84,14.82,-28.14,-0.83,-0.04,0.39,20.0,-10.03,16.07,4
-0.91,-0.32,0.3,-11.31,4.66,-5.82,-0.86,-0.05,0.31,-2.2,-9.39,10.15,4
-0.97,-0.23,0.08,4.63,5.03,-7.87,-0.83,-0.01,0.33,9.88,-4.3,1.89,4
-0.96,-0.21,0.16,21.83,1.4,-11.34,-0.93,-0.03,0.35,19.42,3.72,-2.47,4
-0.98,-0.22,0.14,6.55,-9.94,-18.87,-0.89,-0.0,0.34,12.13,7.99,15.67,4
-0.91,-0.29,0.21,-3.35,-13.57,-19.15,-0.85,0.02,0.31,5.43,9.21,19.91,4
-0.94,-0.31,0.15,8.99,-17.41,-12.53,-0.89,0.06,0.33,9.24,18.57,11.49,4
-0.88,-0.35,0.26,-1.52,-13.26,-8.08,-0.84,0.06,0.31,-6.92,12.93,19.66,4
-0.9,-0.54,0.53,62.32,26.01,-21.95,-0.99,0.12,0.33,-3.75,-10.76,49.51,4
-0.85,-0.45,0.51,182.74,77.04,-46.13,-1.07,0.27,0.27,49.51,-66.37,2.77,4
-0.82,-0.4,0.34,165.03,105.88,-66.1,-0.95,0.27,0.31,44.3,-104.45,-24.82,4
-0.86,-0.36,0.0,154.15,112.13,-55.61,-0.7,0.08,0.46,51.37,-100.3,-70.73,4
-0.88,-0.1,-0.13,72.32,104.42,-35.76,-0.58,-0.02,0.48,24.45,-90.58,-65.55,4
-0.77,-0.3,-0.25,-194.6,76.31,35.21,-0.57,0.04,0.61,-68.75,-53.93,-23.38,4
-0.57,-0.47,-0.81,-54.05,22.44,58.84,0.06,0.0,0.56,-35.79,-35.98,-13.96,4
-0.55,-0.62,-0.56,26.4,-70.46,63.54,-0.29,0.1,0.6,-56.43,73.29,1.43,4
-0.82,0.07,-0.28,-139.63,-138.2,97.29,-0.76,0.07,0.4,-87.71,137.01,7.41,4
-1.02,-0.09,0.14,-262.38,-217.62,67.71,-0.91,-0.18,0.38,-10.21,215.52,49.33,4
-1.19,-0.81,1.08,-75.24,-149.76,70.73,-1.55,-0.01,0.29,23.6,161.16,-89.24,4
-0.79,1.52,0.89,240.03,151.22,4.63,-1.76,-0.34,0.64,89.85,-132.62,-195.55,4
-1.2,0.08,-0.32,-142.68,26.62,-59.66,-0.82,-0.31,0.24,-61.31,-53.32,143.84,4
-0.96,-0.42,0.26,32.38,-0.03,-26.22,-0.86,-0.16,0.29,-22.9,34.36,15.09,4
-0.91,0.07,0.21,21.74,5.24,-28.72,-0.88,-0.07,0.27,-45.34,-4.76,27.07,4
-0.94,-0.07,0.33,-11.89,31.04,-40.49,-1.05,-0.06,0.36,-35.7,-46.83,60.18,4
-1.03,-0.31,0.25,-4.3,41.19,-44.12,-1.06,-0.05,0.36,-24.51,-59.94,48.32,4
-1.16,-0.29,0.06,72.2,33.87,-14.82,-0.92,-0.22,0.33,-6.86,-35.3,7.26,4
-1.07,-0.11,-0.04,80.43,33.41,38.63,-0.95,-0.31,0.42,-28.02,-16.55,-54.79,4
-0.99,-0.12,-0.13,104.79,38.96,87.99,-0.79,-0.45,0.52,-61.04,11.74,-76.16,4
-0.88,0.31,-0.18,67.16,65.34,59.48,-0.76,-0.22,0.58,-39.57,-16.4,-80.09,4
-0.83,0.17,-0.07,41.37,90.91,17.59,-0.65,-0.15,0.61,-24.88,-49.36,-40.21,4
-0.73,-0.38,-0.21,145.85,113.99,-28.66,-0.44,-0.23,0.58,7.26,-68.11,-30.03,4
-0.54,-0.09,-0.07,-93.9,167.26,-26.98,-0.5,-0.06,0.58,-1.98,-135.4,-54.63,4
-0.48,0.06,-0.71,-173.69,150.46,-5.49,-0.33,-0.27,0.46,24.12,-144.7,-72.5,4
-0.69,0.01,-1.37,5.24,41.68,-35.79,-0.02,-0.75,0.73,22.65,-45.18,-8.54,4
-0.88,-0.06,-0.92,91.68,-36.25,-36.86,-0.36,-0.45,0.79,62.47,19.79,23.23,4
-0.87,-0.17,-0.72,5.98,-59.94,2.96,-0.43,-0.41,0.8,9.51,36.92,18.75,4
-0.79,-0.17,-0.83,-33.51,-99.12,33.54,-0.31,-0.35,0.71,-7.1,71.25,20.4,4
-0.71,-0.07,-0.62,-56.92,-150.52,50.4,-0.35,-0.32,0.65,-27.93,114.85,24.3,4
-0.79,0.18,-0.2,-136.74,-172.99,42.5,-0.69,-0.31,0.55,-45.3,130.85,62.96,4
-0.91,0.2,-0.02,-196.1,-157.32,1.25,-0.81,-0.34,0.45,4.57,125.58,45.98,4
-1.09,-0.18,0.29,-83.17,-128.14,-6.98,-1.04,-0.41,0.38,92.04,154.51,2.04,4
-0.7,-0.1,2.08,-47.13,-29.09,0.76,-0.74,-0.36,0.07,42.62,83.26,-74.6,4
-1.27,0.8,0.31,-55.0,107.44,-52.04,-1.14,-0.27,0.02,-7.53,-130.64,75.43,4
-1.14,-0.56,0.05,-12.04,45.88,-56.22,-0.88,-0.26,0.42,-48.17,-48.54,102.87,4
-1.08,-0.03,-0.2,153.17,35.12,-54.36,-0.92,-0.1,0.45,26.55,-43.96,39.02,4
-1.11,-0.19,-0.1,25.88,-8.72,-31.86,-0.88,-0.24,0.55,-16.16,10.52,15.98,4
-0.97,-0.02,-0.14,40.12,-20.61,0.58,-0.71,-0.13,0.47,14.63,29.36,-15.03,4
-0.69,-0.02,0.08,-19.51,-21.74,13.51,-0.57,-0.19,0.47,11.25,15.18,15.46,4
-0.78,-0.02,-0.07,-48.54,-49.15,36.16,-0.66,-0.13,0.34,9.02,56.13,-41.98,4
-0.95,-0.09,0.07,-49.73,-67.56,37.96,-0.77,-0.15,0.38,16.49,77.77,-33.45,4
-1.13,-0.34,0.43,-37.96,-63.54,25.21,-1.01,-0.08,0.26,17.5,88.23,-44.33,4
-1.2,0.84,0.7,50.58,105.76,-34.12,-1.35,-0.01,0.05,66.04,-101.07,-31.1,4
-1.13,-0.54,-0.2,-63.08,45.21,-50.06,-0.88,-0.13,0.23,-8.2,-57.29,68.78,4
-0.96,-0.03,0.27,3.2,-0.79,-26.07,-0.99,-0.12,0.27,-2.59,4.24,24.42,4
-0.94,-0.29,0.18,-1.83,16.25,-19.63,-0.89,-0.09,0.26,5.67,-17.53,9.51,4
-0.99,-0.09,0.14,-4.79,7.9,-13.26,-0.91,-0.11,0.29,-1.92,-14.24,13.45,4
-0.96,-0.2,0.15,-5.82,0.21,-9.76,-0.88,-0.05,0.27,1.22,-2.71,10.21,4
-0.99,-0.15,0.11,2.32,-1.92,-8.45,-0.92,-0.08,0.34,7.1,1.77,3.23,4
-1.01,-0.17,0.16,9.24,-14.51,-12.84,-0.95,-0.04,0.28,11.83,13.48,7.62,4
-0.97,-0.18,0.17,5.64,-15.95,-14.02,-0.92,-0.05,0.3,9.7,17.38,9.27,4
-0.92,-0.17,0.12,0.15,-18.08,-9.7,-0.86,-0.04,0.31,0.55,15.4,9.54,4
-0.86,-0.2,0.16,3.63,-8.35,-13.17,-0.82,-0.01,0.34,6.74,7.96,12.93,4
-0.83,-0.26,0.19,18.87,16.13,-21.8,-0.81,0.01,0.33,20.46,-13.63,11.19,4
-0.85,-0.24,0.18,35.52,32.53,-27.2,-0.81,0.02,0.32,32.13,-29.51,15.82,4
-0.83,-0.43,0.21,71.37,51.07,-18.26,-0.85,0.03,0.34,43.51,-55.09,12.1,4
-0.99,-0.36,0.09,77.41,53.08,-6.28,-0.99,0.08,0.3,35.24,-52.26,-32.99,4
-1.15,-0.38,-0.12,109.27,14.3,15.21,-1.03,0.03,0.35,44.97,7.56,-71.62,4
-1.13,-0.28,-0.04,23.66,-0.98,42.29,-0.92,-0.07,0.36,21.74,18.9,-56.49,4
-0.93,0.11,0.11,53.2,-25.18,57.8,-0.91,-0.12,0.33,5.09,65.0,-72.56,4
-0.75,0.08,-0.19,-53.17,-22.41,56.22,-0.61,-0.14,0.25,8.78,6.77,-55.95,4
-0.84,0.18,0.07,-65.67,-59.6,28.6,-0.78,-0.25,0.27,11.8,49.3,-22.53,4
-0.98,-0.11,0.28,-49.24,-53.32,12.84,-0.94,-0.2,0.22,14.97,64.94,-28.48,4
-0.81,1.03,0.77,109.27,105.7,-5.79,-1.38,-0.38,0.46,21.43,-97.77,-66.62,4
-1.16,-0.13,-0.15,-127.44,65.3,-40.73,-0.9,-0.22,0.28,-58.84,-91.77,94.7,4
-1.02,-0.1,0.2,-17.71,34.36,-44.7,-1.0,-0.15,0.33,-42.93,-38.84,77.32,4
-0.96,-0.18,0.24,-16.95,45.37,-38.57,-0.92,-0.09,0.28,-41.37,-72.5,76.83,4
-0.99,-0.14,0.12,-10.67,67.2,-40.43,-1.06,-0.1,0.49,-38.66,-88.96,44.97,4
-1.05,-0.39,-0.13,21.62,55.82,-31.22,-0.81,-0.07,0.48,-32.62,-72.53,36.74,4
-0.99,-0.43,-0.14,43.14,40.37,-12.35,-0.71,-0.01,0.59,-15.61,-44.73,4.88,4
-0.88,-0.27,-0.12,109.51,53.72,15.85,-0.61,-0.09,0.73,25.49,-18.63,-59.82,4
-0.84,-0.21,-0.24,39.66,80.98,26.52,-0.57,-0.12,0.75,-7.1,-60.98,-58.48,4
-0.84,-0.23,-0.39,-46.1,90.27,21.62,-0.55,-0.04,0.74,-14.6,-106.8,-35.0,4
-0.88,-0.06,-0.55,40.4,92.29,-2.9,-0.51,-0.23,0.79,15.27,-68.23,-42.13,4
-0.63,-0.15,-0.36,-57.1,96.95,-4.48,-0.39,-0.19,0.77,-10.3,-83.57,-8.41,4
-0.59,-0.19,-1.22,-5.76,72.93,-21.01,0.21,-0.07,0.76,27.87,-71.8,-3.6,4
-0.64,-0.36,-1.0,64.51,2.71,-29.36,0.02,-0.19,0.89,48.72,-11.52,16.31,4
-0.95,-0.32,-0.65,28.2,-28.11,-3.81,-0.45,-0.14,0.96,-7.2,16.22,9.15,4
-1.02,-0.3,-0.54,16.8,-31.68,5.27,-0.53,-0.14,0.9,-1.46,24.42,3.41,4
-0.94,-0.28,-0.52,-5.0,-33.75,14.09,-0.47,-0.13,0.87,-7.44,30.37,2.47,4
-0.84,-0.29,-0.61,7.84,-33.08,17.38,-0.35,-0.17,0.89,-5.7,30.15,-3.08,4
-0.78,-0.43,-1.2,-83.29,-79.54,52.9,-0.14,-0.07,0.95,-28.81,66.89,-2.99,4
-0.74,-0.24,-0.74,15.21,-155.52,69.76,-0.35,-0.34,0.65,-27.13,154.33,-4.02,4
-0.79,0.16,-0.05,-190.82,-163.14,90.58,-0.67,-0.11,0.5,-33.9,153.99,-35.06,4
-0.95,0.04,-0.02,-89.45,-149.79,27.53,-0.81,-0.33,0.52,79.82,163.29,-27.84,4
-0.93,-0.18,0.53,-22.62,-105.85,30.79,-0.97,-0.28,0.39,25.06,127.8,-75.0,4
-0.85,1.06,0.68,127.84,99.76,-24.97,-1.15,-0.48,0.6,47.2,-80.61,-69.27,4
-1.07,-0.03,0.01,-95.52,77.13,-65.79,-0.85,-0.35,0.49,-78.02,-112.23,157.96,4
-1.07,-0.07,-0.28,101.77,76.4,-60.37,-0.82,-0.16,0.56,-8.02,-78.38,43.48,4
-1.12,-0.13,-0.36,10.21,37.68,-61.52,-0.81,-0.16,0.65,-30.27,-65.49,50.95,4
-1.04,-0.19,-0.51,23.63,-0.21,-28.29,-0.58,-0.11,0.67,-0.85,-1.68,24.54,4
-0.86,-0.55,-0.56,-75.73,-40.24,35.3,-0.46,-0.07,0.65,-7.87,25.91,-7.38,4
-0.89,-0.09,-0.31,-4.15,-99.97,54.51,-0.71,-0.05,0.55,32.5,114.57,-60.88,4
-0.94,-0.07,0.04,-19.51,-116.86,45.64,-0.86,-0.15,0.45,27.13,121.83,-52.65,4
-1.0,-0.07,0.31,-69.54,-107.04,23.35,-1.02,-0.14,0.29,-5.73,118.69,-23.32,4
-0.74,0.57,0.9,151.01,67.26,3.32,-1.18,-0.19,0.43,14.39,-47.93,-70.55,4
-1.06,-0.1,-0.07,-99.73,49.21,-48.57,-0.88,-0.15,0.27,-46.34,-77.8,89.21,4
-1.03,-0.28,-0.02,21.31,-1.83,-38.63,-0.9,-0.1,0.35,2.8,7.99,36.74,4
-0.9,-0.21,0.31,-14.82,-12.77,-26.62,-0.91,-0.04,0.24,6.13,7.44,26.01,4
-0.98,-0.18,0.2,9.6,-5.67,-11.43,-0.99,-0.09,0.23,17.26,9.76,-5.34,4
-0.95,-0.04,0.22,6.92,-19.39,-18.69,-0.96,-0.09,0.22,12.16,16.46,12.07,4
-0.89,-0.18,0.2,2.59,-13.9,-18.02,-0.92,-0.1,0.25,5.76,9.18,12.16,4
-0.92,-0.15,0.18,-22.68,-16.71,-8.2,-0.88,-0.06,0.28,-14.57,9.51,19.12,4
-0.9,-0.23,0.2,-21.22,-16.65,-8.11,-0.86,0.03,0.25,-11.95,9.36,20.21,4
-0.88,-0.24,0.28,-8.23,-7.29,-8.78,-0.88,0.07,0.25,-13.93,2.26,20.88,4
-0.87,0.02,0.39,-43.23,7.59,-65.18,-0.95,0.19,0.23,-40.85,-29.79,119.36,4
-0.74,-0.42,0.44,-2.9,44.76,-117.68,-0.94,0.23,0.22,-9.33,-77.35,130.88,4
-0.74,-0.74,0.4,96.89,84.6,-92.93,-0.89,0.2,0.34,23.26,-110.09,39.82,4
-0.82,-0.75,0.15,134.63,103.75,-43.57,-0.77,0.26,0.39,20.85,-104.05,-33.08,4
-0.91,-0.68,-0.11,134.36,92.84,5.21,-0.73,0.24,0.57,8.45,-57.01,-80.37,4
-0.89,-0.56,0.11,105.18,79.3,33.08,-0.85,0.05,0.56,-9.57,-14.54,-75.49,4
-0.66,-0.34,0.29,3.02,95.91,74.21,-0.66,0.21,0.47,-22.53,-45.49,-101.55,4
-0.77,-0.4,-0.63,-98.08,45.91,99.12,-0.31,0.18,0.6,-51.19,-4.48,-86.52,4
-0.69,-0.31,-0.57,-33.08,-33.66,87.87,-0.43,-0.09,0.56,-44.97,59.05,-37.53,4
-0.68,0.07,-0.28,-111.77,-103.45,87.26,-0.43,-0.07,0.5,-30.21,111.34,-6.92,4
-0.76,0.04,0.09,-209.94,-108.02,47.68,-0.77,-0.16,0.33,16.8,87.87,12.74,4
-1.15,-0.32,0.51,-137.99,-57.84,14.57,-1.27,-0.2,0.32,74.09,59.05,-17.77,4
-0.3,-1.16,0.87,42.13,57.74,87.16,-0.78,0.13,-0.12,-26.59,-46.92,-94.02,4
-1.27,0.57,0.43,-50.06,103.99,-60.67,-1.25,-0.19,0.13,-80.34,-137.65,116.49,4
-1.05,-0.36,-0.05,52.5,90.49,-65.21,-0.94,-0.29,0.51,-47.8,-103.45,78.66,4
-1.01,-0.09,-0.16,64.27,79.66,-55.09,-0.72,-0.08,0.55,-23.14,-99.91,34.66,4
-0.92,-0.25,-0.42,-4.12,63.14,-21.43,-0.51,-0.2,0.69,-32.2,-74.88,7.84,4
-1.04,-0.28,-0.56,-105.73,28.26,27.01,-0.59,-0.19,0.73,-74.51,-43.81,11.77,4
-0.89,-0.33,-0.57,-19.94,-1.68,74.36,-0.37,-0.28,0.79,-55.61,13.54,-34.3,4
-0.75,-0.02,-0.15,43.69,22.96,47.96,-0.57,-0.09,0.68,-36.01,-7.84,-34.12,4
-0.78,-0.18,-0.13,110.03,66.83,5.76,-0.48,-0.19,0.71,-3.87,-33.08,-39.48,4
-0.84,-0.02,-0.33,1.98,103.29,-34.39,-0.56,0.02,0.76,44.76,-109.94,-24.7,4
-0.65,-0.4,-0.51,-129.15,119.66,-36.83,-0.44,-0.12,0.72,-3.87,-127.74,-12.77,4
-0.54,-0.05,-1.17,12.16,102.74,-49.36,0.05,-0.35,0.82,66.8,-95.61,-18.93,4
-0.59,-0.25,-1.03,100.03,50.15,-19.63,-0.07,-0.33,0.9,43.96,-24.42,-31.07,4
-0.75,-0.3,-0.85,66.68,21.83,5.7,-0.21,-0.31,0.94,-3.81,-2.04,-23.11,4
-0.78,-0.19,-0.73,7.59,-0.18,12.26,-0.3,-0.17,0.84,1.04,1.49,-15.18,4
-0.78,-0.22,-0.77,47.07,-10.76,3.08,-0.27,-0.32,0.96,20.24,13.41,-8.17,4
-0.83,-0.37,-0.92,3.78,-22.59,6.13,-0.25,-0.21,1.0,14.27,12.47,-1.95,4
-0.7,-0.57,-1.04,10.95,-59.63,33.38,-0.07,-0.2,0.89,1.19,51.71,-6.55,4
-0.38,-0.62,-1.14,-21.8,-143.08,102.13,0.14,-0.24,0.86,-51.16,130.18,-2.9,4
-0.5,-0.13,-0.59,-32.44,-176.83,143.78,-0.28,-0.34,0.68,-60.18,210.43,-32.13,4
-0.71,0.33,0.12,-114.05,-155.34,120.64,-0.68,-0.21,0.38,-11.25,175.4,-66.43,4
-1.11,0.33,0.09,-110.21,-148.14,66.83,-0.84,-0.43,0.47,80.46,157.53,-54.79,4
-1.02,0.04,0.76,-1.13,-80.91,5.67,-1.06,-0.44,0.33,67.99,108.35,-54.36,4
-0.9,1.71,0.39,50.88,106.65,-90.18,-1.21,-0.59,0.45,63.54,-98.51,-2.65,4
-1.04,-0.27,-0.12,-123.96,47.8,-72.84,-0.78,-0.47,0.43,-96.83,-83.35,165.09,4
-1.08,-0.05,-0.17,39.6,56.31,-58.69,-0.86,-0.12,0.53,-29.91,-80.43,77.5,4
-1.07,-0.27,-0.31,48.23,29.79,-65.82,-0.7,-0.13,0.66,4.63,-50.03,60.12,4
-1.1,-0.33,-0.55,57.07,-12.44,-38.48,-0.62,-0.09,0.72,27.74,6.07,21.83,4
-1.02,-0.4,-0.35,39.05,-68.41,-2.1,-0.66,-0.06,0.62,14.05,84.54,12.56,4
-0.86,-0.18,-0.24,9.97,-101.74,12.53,-0.72,0.09,0.43,26.22,106.22,-4.88,4
-0.71,0.05,0.19,31.98,-106.83,-26.71,-0.84,-0.0,0.31,82.87,117.53,33.02,4
-0.68,-0.14,0.46,-51.8,-107.38,-16.71,-0.86,0.04,0.18,48.99,73.69,39.73,4
-0.63,-0.11,0.7,-119.76,-25.85,-15.67,-0.81,-0.03,0.06,56.04,-11.98,11.01,4
-0.84,-0.63,-0.03,14.91,32.71,45.76,-0.88,-0.24,0.28,0.21,-26.83,-50.88,4
-1.76,0.03,1.11,-121.28,35.0,24.18,-0.79,-0.18,0.04,-33.14,12.47,-114.02,4
-1.1,0.77,0.63,-37.68,75.49,-6.89,-1.23,0.1,-0.29,-32.01,-100.21,39.09,4
-1.07,-0.45,-0.09,-24.36,1.43,-25.64,-0.89,0.02,0.33,-43.87,-3.02,59.36,4
-0.9,-0.32,0.24,-31.37,-0.7,-26.07,-0.91,0.02,0.26,-9.12,-4.76,32.04,4
-0.95,-0.29,0.21,-20.34,-0.58,-26.95,-0.94,-0.02,0.21,-3.96,-5.98,28.81,4
-1.07,-0.28,0.21,-20.27,-11.55,-22.65,-1.04,0.09,0.27,-5.79,8.48,32.41,4
-0.96,-0.44,0.21,2.23,-20.15,-24.79,-0.95,0.13,0.27,8.02,20.34,23.02,4
-0.83,-0.23,0.31,11.52,-1.62,-37.29,-0.87,0.11,0.31,20.12,4.15,42.32,4
-0.69,-0.23,0.4,41.65,57.32,-78.51,-0.87,0.18,0.24,30.06,-68.9,79.79,4
-0.73,-0.38,0.21,58.78,90.79,-112.74,-0.84,0.23,0.35,40.03,-113.23,84.36,4
-0.76,-0.72,0.21,105.76,100.64,-99.94,-0.82,0.27,0.32,49.45,-116.34,33.2,4
-0.88,-0.68,0.0,140.43,89.76,-78.54,-0.76,0.34,0.44,56.01,-89.18,-17.68,4
-0.91,-1.05,-0.01,215.12,77.07,-35.73,-0.81,0.29,0.6,35.7,-37.77,-60.15,4
-0.95,-0.18,0.09,189.51,53.63,-6.22,-0.78,0.29,0.46,12.65,12.26,-70.24,4
-0.31,-0.52,0.49,-96.89,70.55,88.29,-0.57,0.02,0.46,-44.09,-45.98,-60.79,4
-0.71,-0.59,-0.55,-143.6,3.72,137.2,-0.27,0.21,0.69,-108.26,45.98,-40.98,4
-0.73,-0.23,-0.41,-128.38,-71.55,144.3,-0.48,0.15,0.48,-55.82,80.95,-50.09,4
-0.8,0.04,0.05,-196.22,-123.84,102.8,-0.81,-0.05,0.42,-29.21,133.87,-14.39,4
-0.92,-0.27,0.56,-221.83,-87.71,39.24,-0.98,-0.07,0.27,-6.16,64.97,-6.4,4
-1.1,-0.62,0.3,-36.25,-43.17,47.77,-1.07,-0.02,0.31,-7.26,61.62,-58.69,4
-0.95,0.78,0.91,173.87,87.04,33.14,-1.39,-0.27,0.55,4.18,-85.18,-114.88,4
-1.15,-0.19,-0.01,-111.52,70.18,-66.62,-0.99,-0.06,0.3,-87.5,-106.07,133.63,4
-1.09,-0.29,0.15,43.45,58.41,-99.51,-1.12,-0.05,0.47,-25.79,-61.34,118.93,4
-1.02,-0.31,0.05,44.82,49.85,-87.56,-0.89,-0.02,0.43,-24.82,-88.66,97.93,4
-0.89,-0.55,-0.05,45.55,63.66,-22.47,-0.73,-0.16,0.53,-26.22,-80.95,4.09,4
-0.8,-0.57,-0.36,60.27,69.05,52.96,-0.46,-0.25,0.61,-27.84,-29.91,-72.29,4
-0.81,-0.02,-0.39,-2.84,67.38,77.13,-0.53,-0.05,0.76,-78.84,-27.74,-67.77,4
-0.76,-0.24,-0.32,-35.55,68.02,71.74,-0.42,-0.07,0.72,-60.49,-44.42,-56.28,4
-0.74,-0.19,-0.4,28.14,75.91,47.07,-0.46,-0.08,0.65,-31.1,-54.48,-56.55,4
-0.93,-0.06,-0.51,134.3,78.72,-14.02,-0.5,-0.14,0.9,10.98,-36.4,-31.34,4
-0.5,-0.08,0.36,25.24,92.07,-73.63,-0.73,-0.24,0.76,77.99,-123.6,54.66,4
-0.73,-0.66,-1.32,12.13,44.85,-76.89,0.06,-0.05,1.0,90.67,-56.77,6.28,4
-0.74,-0.66,-1.02,42.47,-16.19,-27.2,-0.04,-0.38,0.89,-1.28,-2.2,6.77,4
-0.83,-0.44,-0.59,6.77,-51.01,20.73,-0.42,-0.09,0.9,-9.39,43.72,14.39,4
-0.92,-0.44,-0.56,-25.21,-69.82,46.37,-0.53,-0.19,0.9,-26.34,63.11,11.65,4
-0.94,-0.47,-0.48,-11.4,-87.71,62.53,-0.57,-0.16,0.79,-35.18,103.9,10.52,4
-0.84,-0.35,-0.38,-27.16,-103.17,79.66,-0.46,-0.09,0.78,-13.38,120.76,-0.27,4
-0.78,-0.08,-0.18,-23.75,-94.6,82.53,-0.67,-0.22,0.62,-10.73,117.44,-9.48,4
-0.86,0.24,0.15,-136.49,-52.74,65.82,-0.76,-0.2,0.49,-39.94,43.78,-18.11,4
-0.93,0.26,-0.46,-300.82,-20.15,8.54,-0.59,-0.16,0.61,-12.84,-64.6,18.51,4
-0.91,-0.32,-0.63,-140.03,-62.9,-37.77,-0.51,-0.31,0.63,25.4,64.57,51.8,4
-1.19,-0.25,0.17,-108.81,-67.1,-16.31,-0.91,-0.21,0.48,16.74,112.53,-8.96,4
-1.18,0.65,0.76,34.88,92.71,-17.71,-1.39,-0.3,0.64,52.2,-79.85,-38.48,4
-1.22,-0.33,-0.09,-25.37,68.84,-53.45,-1.04,-0.1,0.55,-40.55,-109.12,116.25,4
-1.31,-0.28,-0.34,95.03,32.84,-74.05,-1.0,0.1,0.61,9.36,-54.24,67.23,4
-1.2,-0.59,-0.42,47.29,-19.27,-68.51,-0.81,0.08,0.72,23.2,-1.01,51.1,4
-0.96,-0.35,-0.25,107.84,-47.93,-40.85,-0.68,0.07,0.71,28.29,72.77,18.23,4
-0.55,-0.43,-0.02,47.47,-27.65,11.4,-0.38,-0.04,0.5,34.66,16.8,23.99,4
-0.55,-0.4,-0.24,-22.59,-55.34,59.76,-0.37,0.06,0.48,-23.87,73.78,-28.57,4
-0.63,-0.04,-0.04,-98.66,-54.33,85.15,-0.58,0.08,0.37,-22.41,55.4,-66.34,4
-0.86,-0.25,-0.03,-75.49,-61.01,55.85,-0.77,-0.04,0.36,6.68,60.64,-49.18,4
-1.05,-0.28,-0.06,-20.15,-67.26,30.37,-0.97,0.05,0.36,63.93,124.79,-86.71,4
-0.57,0.2,1.38,120.24,55.0,5.06,-1.15,-0.16,0.33,88.23,-6.68,-94.97,4
-1.05,-0.03,-0.04,-66.25,112.84,-68.05,-0.94,-0.09,0.18,-26.31,-139.02,89.15,4
-1.07,-0.51,-0.04,-24.24,51.28,-64.54,-0.95,-0.13,0.48,-11.04,-48.48,75.7,4
-1.18,-0.38,-0.02,7.84,11.95,-29.51,-1.03,0.09,0.29,15.79,-13.48,18.45,4
-1.1,-0.33,0.11,39.6,-35.43,-8.9,-1.04,0.04,0.26,30.4,44.48,-14.97,4
-0.96,-0.1,0.11,18.48,-44.45,-22.87,-0.88,0.03,0.34,16.07,47.07,19.18,4
-0.82,-0.39,0.13,-17.84,-40.85,-11.04,-0.78,0.09,0.31,-29.45,27.13,36.01,4
-0.78,-0.47,0.26,1.98,-8.6,2.59,-0.82,0.23,0.39,-23.14,3.02,25.37,4
-0.67,-0.56,0.51,99.51,56.8,-24.91,-0.87,0.3,0.26,12.2,-53.35,29.79,4
-0.85,-0.31,0.54,112.59,122.56,-85.88,-1.13,0.38,0.29,44.76,-143.96,29.33,4
-0.85,-0.6,0.12,120.27,145.67,-97.41,-0.82,0.22,0.46,72.23,-159.79,-1.59,4
-0.89,-0.8,-0.44,90.06,114.7,-56.77,-0.55,0.21,0.63,48.11,-136.77,-22.68,4
-1.07,-0.88,-0.91,21.19,17.56,24.85,-0.38,0.2,0.8,-14.33,11.74,-46.77,4
-0.29,-0.48,0.48,65.06,-12.56,68.6,-0.64,-0.06,0.52,46.98,8.84,3.72,4
-0.65,-0.52,-0.51,29.63,-52.62,119.76,-0.38,0.07,0.64,-91.68,122.13,-61.65,4
-0.55,-0.24,-0.28,29.66,-90.03,145.3,-0.39,0.04,0.39,-66.86,134.57,-78.78,4
-0.59,0.4,0.32,-179.88,-97.47,142.74,-0.74,0.02,0.29,-65.73,133.41,-67.29,4
-1.0,0.02,0.29,-179.24,-80.76,75.24,-0.93,-0.19,0.31,13.29,71.25,-45.98,4
-1.22,-0.43,0.33,-59.6,-80.79,65.37,-1.06,-0.04,0.02,31.16,135.37,-119.76,4
-0.74,1.81,1.12,123.17,92.68,-13.26,-1.78,-0.34,0.3,72.47,-91.01,-105.98,4
-1.14,-0.35,0.3,-74.45,59.12,-81.89,-1.07,-0.21,0.11,-90.95,-104.7,167.13,4
-1.08,0.09,0.25,61.43,66.16,-109.24,-1.27,-0.05,0.27,-25.79,-91.55,107.32,4
-0.89,-0.32,0.11,1.25,48.6,-119.76,-0.86,-0.12,0.33,-19.45,-95.3,131.52,4
-0.78,-0.55,-0.19,73.23,63.99,-45.09,-0.53,-0.21,0.59,25.55,-88.48,18.69,4
-0.71,-0.2,-0.18,57.07,65.24,12.16,-0.51,0.01,0.53,-21.19,-49.27,-28.45,4
-0.78,-0.22,-0.27,1.19,70.18,31.62,-0.45,-0.05,0.62,-53.63,-49.66,-35.12,4
-0.72,-0.22,-0.16,-25.82,73.45,38.75,-0.55,-0.06,0.51,-71.43,-53.9,-35.82,4
-0.89,-0.11,-0.41,-59.51,86.07,41.07,-0.55,-0.14,0.85,-43.84,-67.13,-52.96,4
-0.83,-0.35,-0.32,-21.98,69.27,25.46,-0.44,-0.22,0.72,-33.78,-45.95,-14.94,4
-0.81,-0.05,-0.68,120.85,89.45,-21.49,-0.43,-0.19,0.77,22.84,-78.57,-49.97,4
-0.69,0.02,-0.11,148.54,119.05,-97.2,-0.56,-0.25,0.84,38.17,-102.56,11.98,4
-0.57,-0.27,-0.29,-130.12,145.4,-73.2,-0.18,0.22,0.91,33.14,-142.84,-11.19,4
-0.66,-0.75,-1.8,-31.13,72.77,-57.87,0.39,-0.28,1.15,36.55,-78.05,13.9,4
-0.95,-0.65,-1.21,95.88,-23.26,-19.02,-0.18,-0.15,1.18,31.4,22.74,4.15,4
-0.92,-0.52,-0.71,25.55,-50.4,24.15,-0.41,-0.12,1.06,-5.64,44.3,-0.49,4
-0.78,-0.51,-0.75,4.57,-61.31,44.24,-0.23,-0.05,1.0,-7.68,65.52,-6.8,4
-0.67,-0.51,-0.92,-3.35,-87.96,70.4,-0.07,-0.14,0.92,-25.76,94.79,-10.7,4
-0.63,-0.44,-0.9,-39.39,-139.73,101.8,-0.15,-0.16,0.85,-45.12,145.82,-3.93,4
-0.61,-0.18,-0.43,-45.79,-181.74,120.09,-0.52,-0.26,0.66,-63.23,195.21,6.01,4
-0.7,0.28,-0.11,-217.41,-182.5,115.91,-0.61,-0.25,0.42,-54.21,178.51,-23.38,4
-0.78,0.18,0.23,-147.47,-139.12,47.26,-0.76,-0.26,0.47,29.73,142.16,-12.65,4
-1.0,0.12,0.18,-106.74,-90.88,20.12,-0.86,-0.26,0.41,15.15,128.93,-25.64,4
-1.02,-0.53,1.23,77.04,70.03,60.3,-0.55,-0.01,0.2,-44.33,-32.13,-79.15,4
-1.08,0.02,0.08,-128.32,83.2,-52.59,-0.95,-0.21,0.23,-97.04,-135.67,132.44,4
-1.09,-0.35,-0.04,49.12,61.55,-54.18,-0.96,-0.17,0.58,-20.43,-79.48,93.93,4
-1.24,-0.12,-0.22,91.65,36.52,-55.67,-0.84,-0.06,0.54,5.3,-58.84,44.15,4
-1.12,-0.57,-0.52,67.44,-10.82,-15.49,-0.7,-0.12,0.59,20.24,-6.13,-10.46,4
-0.94,0.05,-0.08,56.89,-56.74,23.78,-0.86,-0.08,0.48,15.18,81.77,-16.16,4
-0.66,-0.09,0.27,-12.04,-53.32,41.28,-0.71,-0.1,0.37,0.09,68.6,-12.29,4
-0.77,-0.13,-0.11,-15.46,-41.55,41.83,-0.66,-0.06,0.34,21.98,46.22,-47.9,4
-0.81,-0.05,0.25,-42.44,-59.51,32.56,-0.79,-0.09,0.16,27.87,57.96,-24.79,4
-0.98,0.04,0.41,-50.3,-45.34,16.86,-1.04,-0.12,0.2,46.19,59.7,-34.73,4
-1.11,-0.17,0.44,-58.48,-56.19,-13.17,-1.02,-0.19,0.04,11.07,73.93,-8.93,4
-1.0,0.65,0.67,94.79,70.27,-51.43,-1.35,-0.22,0.02,79.88,-53.05,-26.71,4
-0.99,-0.17,0.03,-51.55,33.08,-42.44,-0.85,-0.22,0.28,-28.81,-57.38,62.23,4
-1.0,-0.2,-0.09,3.84,2.04,-24.48,-0.83,-0.18,0.4,-3.87,-2.74,28.11,4
-0.91,-0.11,0.35,17.04,-12.71,-12.07,-1.02,-0.08,0.05,28.84,18.45,-5.58,4
-0.91,-0.04,0.45,17.41,-2.87,-8.72,-0.98,-0.12,0.08,14.12,7.41,-5.34,4
-1.01,-0.04,0.2,-7.71,-1.71,-20.61,-0.92,-0.11,0.21,-8.08,-4.24,27.44,4
-0.91,-0.22,0.28,-5.34,4.45,-20.03,-0.89,-0.04,0.28,-21.92,-16.43,45.27,4
-0.89,-0.29,0.28,32.71,23.54,-20.49,-0.88,0.04,0.23,-5.98,-38.63,38.02,4
-0.98,-0.31,0.25,62.71,41.25,-20.91,-0.98,-0.02,0.32,-0.7,-38.66,14.85,4
-1.11,-0.17,0.12,88.2,39.85,-8.93,-1.02,-0.01,0.31,-2.9,-32.99,-20.0,4
-1.03,-0.3,0.02,55.61,5.61,9.79,-0.9,-0.02,0.31,-4.18,-8.29,-18.35,4
-0.95,0.01,0.07,162.2,0.52,25.21,-0.92,-0.08,0.33,18.57,43.11,-68.87,4
-0.58,0.1,0.47,-13.66,-0.21,47.29,-0.86,-0.1,0.04,-39.94,20.67,-25.46,4
-0.82,-0.15,-0.17,13.87,3.93,50.61,-0.57,0.02,0.41,6.92,24.24,-33.41,4
-0.68,-0.01,0.14,-56.65,-33.84,73.38,-0.7,-0.03,0.13,24.21,46.07,-71.95,4
-0.86,0.21,0.25,-200.7,-34.66,50.4,-0.97,-0.2,0.22,43.9,11.59,-59.48,4
-1.12,-0.22,0.35,-85.64,-46.8,-2.13,-1.04,-0.36,0.18,60.67,58.14,-1.77,4
1.13,0.11,0.32,-60.49,11.16,66.55,-0.62,-0.18,-0.18,-18.2,-62.32,-41.37,4
-1.1,1.05,0.21,-85.91,117.01,-67.68,-1.09,-0.43,0.0,-48.66,-137.65,110.67,4
-1.11,-0.35,-0.04,-74.39,52.32,-60.4,-0.96,-0.28,0.32,-65.21,-66.8,105.98,4
-1.14,0.08,0.13,-29.12,26.31,-56.83,-1.02,-0.15,0.35,-51.71,-40.15,82.16,4
-1.0,-0.4,0.16,-2.38,27.68,-40.58,-0.96,-0.09,0.39,-68.63,-55.7,76.68,4
-1.06,-0.32,0.04,17.23,38.48,-32.99,-0.95,-0.04,0.52,-32.59,-62.9,55.46,4
-1.16,-0.4,-0.11,42.44,31.46,-11.37,-0.9,-0.04,0.55,-18.14,-41.68,10.34,4
-1.02,-0.44,-0.14,80.37,22.26,17.41,-0.75,-0.09,0.7,-3.29,-5.12,-18.48,4
-0.8,-0.21,-0.24,73.96,29.97,21.83,-0.46,-0.09,0.63,-3.14,-10.98,-37.59,4
-0.65,-0.01,-0.09,41.28,64.3,9.09,-0.51,-0.16,0.62,1.92,-47.56,-36.65,4
-0.59,-0.19,-0.17,25.67,102.77,-4.33,-0.35,-0.14,0.57,6.01,-83.84,-41.19,4
-0.56,-0.12,-0.25,7.29,141.22,-29.36,-0.4,-0.09,0.62,10.76,-125.15,-45.09,4
-0.64,-0.13,-0.6,-9.05,160.67,-55.43,-0.38,-0.05,0.78,41.86,-155.49,-33.78,4
-0.48,-0.15,-0.29,-45.98,167.87,-51.77,-0.49,-0.3,0.86,41.95,-161.59,-37.53,4
-0.7,-0.76,-1.74,-26.04,74.97,6.52,0.38,-0.44,1.15,-49.02,-46.34,-13.45,4
-0.98,-0.38,-1.13,107.26,5.43,21.55,-0.34,-0.09,1.09,17.47,18.54,-39.76,4
-0.95,-0.26,-0.75,38.93,-24.73,23.23,-0.45,-0.19,1.04,-3.23,27.96,-17.13,4
-0.86,-0.3,-0.7,18.08,-35.27,18.29,-0.35,-0.21,0.93,6.62,32.13,-5.67,4
-0.74,-0.34,-0.76,5.27,-40.76,23.05,-0.24,-0.16,0.92,7.41,33.84,-5.67,4
-0.68,-0.37,-0.88,-5.27,-60.55,42.1,-0.14,-0.23,0.9,-4.33,54.91,-8.87,4
-0.75,-0.37,-0.93,-2.93,-101.98,69.33,-0.22,-0.23,0.86,-35.55,102.5,-6.55,4
-0.73,-0.2,-0.68,-6.55,-144.7,86.28,-0.36,-0.21,0.78,-44.57,147.41,10.49,4
-0.77,0.0,-0.28,-83.2,-166.25,92.35,-0.61,-0.28,0.58,-51.62,174.39,5.37,4
-0.79,0.21,-0.04,-118.99,-148.45,82.8,-0.63,-0.32,0.47,-20.88,152.62,-7.59,4
-0.77,0.1,0.12,-142.23,-113.72,54.82,-0.7,-0.3,0.49,4.54,113.6,-14.3,4
-0.98,0.25,0.15,-132.56,-69.54,12.59,-0.8,-0.22,0.4,-22.5,92.47,2.8,4
-0.89,-1.22,0.78,-37.47,45.27,43.38,-0.49,0.03,0.16,-71.25,-42.23,6.95,4
-1.05,0.54,0.26,-59.97,95.37,-62.07,-1.09,-0.14,0.23,-53.96,-130.46,94.09,4
-1.0,-0.38,-0.03,29.02,82.23,-83.32,-0.88,-0.2,0.44,-26.28,-104.6,111.22,4
-1.08,-0.28,-0.1,73.38,84.88,-86.49,-0.95,-0.07,0.48,5.98,-121.19,65.64,4
-1.22,-0.61,-0.38,72.23,32.74,-44.51,-0.81,-0.03,0.64,26.13,-37.68,-0.27,4
-1.19,-0.42,-0.36,51.43,-33.87,6.86,-0.81,-0.01,0.6,3.05,45.0,-12.23,4
-1.01,-0.27,-0.1,23.81,-53.38,43.41,-0.77,-0.06,0.61,2.9,86.86,-19.85,4
-0.77,-0.08,0.08,82.1,-45.24,33.87,-0.74,-0.03,0.3,2.77,45.7,8.2,4
-0.68,-0.14,-0.01,-11.74,-71.31,66.83,-0.54,-0.03,0.34,-5.21,86.04,-10.37,4
-0.68,0.01,0.16,-126.49,-79.63,88.29,-0.73,-0.08,0.3,5.0,78.2,-51.98,4
