1.0,-0.69,0.7,-170.67,143.32,93.11,0.93,0.71,-0.01,-101.37,17.35,-95.18,2
1.0,-0.82,0.7,-161.07,157.1,107.26,0.95,0.76,0.02,-100.4,28.05,-116.52,2
0.97,-0.89,0.71,-143.78,167.44,123.02,0.89,0.84,0.05,-97.13,36.49,-135.95,2
0.94,-0.94,0.68,-122.1,174.79,140.03,0.87,0.85,0.1,-99.57,38.32,-151.98,2
0.88,-0.99,0.63,-111.22,179.42,156.8,0.83,0.88,0.12,-98.6,46.07,-167.93,2
0.85,-1.02,0.61,-111.4,181.95,175.21,0.78,0.94,0.15,-88.69,55.3,-180.88,2
0.78,-1.03,0.58,-111.65,180.09,193.08,0.72,0.95,0.22,-88.48,61.52,-191.77,2
0.71,-1.12,0.49,-112.96,178.23,209.94,0.68,0.96,0.28,-87.68,65.64,-200.95,2
0.65,-1.1,0.42,-113.63,171.65,225.67,0.65,0.99,0.29,-88.63,78.51,-207.01,2
0.57,-1.1,0.39,-123.72,166.04,242.74,0.56,0.93,0.33,-92.62,85.73,-213.05,2
0.49,-1.05,0.33,-124.12,158.26,254.02,0.46,0.91,0.38,-102.04,84.48,-217.16,2
0.39,-1.07,0.24,-110.49,145.61,261.49,0.38,0.87,0.41,-107.47,83.35,-221.74,2
0.35,-1.1,0.14,-115.3,137.1,269.57,0.4,0.86,0.45,-99.27,85.7,-222.59,2
0.28,-1.02,-0.02,-128.96,123.72,278.29,0.38,0.86,0.52,-96.92,99.7,-225.58,2
0.19,-1.0,-0.01,-143.05,113.48,284.85,0.29,0.81,0.52,-114.57,102.87,-225.27,2
0.11,-1.05,-0.04,-131.49,94.12,289.05,0.2,0.79,0.5,-114.6,105.21,-223.23,2
0.05,-1.0,-0.13,-106.55,70.55,287.77,0.12,0.76,0.54,-93.6,111.37,-224.09,2
-0.02,-0.9,-0.24,-136.19,64.94,292.71,0.11,0.74,0.6,-87.93,113.17,-218.81,2
-0.07,-0.78,-0.18,-140.34,49.36,288.63,0.08,0.75,0.63,-115.03,120.55,-218.38,2
-0.13,-0.74,-0.21,-138.08,35.79,282.74,-0.11,0.67,0.57,-112.41,115.37,-209.21,2
-0.22,-0.76,-0.35,-149.94,22.53,280.27,-0.08,0.53,0.55,-93.78,111.28,-201.01,2
-0.27,-0.58,-0.37,-163.6,7.16,272.35,-0.14,0.6,0.65,-85.09,122.62,-199.15,2
-0.36,-0.54,-0.43,-176.95,-10.0,262.44,-0.22,0.69,0.63,-83.84,118.51,-182.41,2
-0.4,-0.54,-0.35,-151.07,-32.9,244.02,-0.28,0.5,0.58,-91.52,122.16,-171.16,2
-0.45,-0.53,-0.33,-147.41,-46.8,235.15,-0.37,0.49,0.52,-57.1,119.12,-165.61,2
-0.48,-0.32,-0.35,-163.29,-57.84,226.46,-0.37,0.55,0.59,-48.26,123.08,-164.09,2
-0.53,-0.17,-0.33,-169.36,-70.34,209.79,-0.43,0.49,0.54,-52.32,118.75,-153.66,2
-0.58,-0.13,-0.38,-173.38,-83.75,192.07,-0.53,0.33,0.46,-48.23,117.53,-138.02,2
-0.66,-0.21,-0.31,-145.0,-103.17,170.58,-0.55,0.32,0.48,-31.55,125.52,-136.98,2
-0.63,-0.03,-0.22,-124.48,-113.48,148.54,-0.7,0.27,0.44,-13.9,115.06,-135.98,2
-0.67,0.07,-0.04,-109.02,-120.55,127.77,-0.65,0.31,0.4,-18.38,112.53,-126.43,2
-0.73,0.11,-0.06,-100.03,-121.22,112.16,-0.71,0.22,0.35,-15.55,111.34,-117.99,2
-0.75,0.2,-0.05,-80.67,-122.99,94.57,-0.67,0.23,0.4,-2.84,92.71,-102.53,2
-0.84,0.12,-0.03,-60.82,-125.34,79.12,-0.86,0.05,0.31,-26.25,106.92,-93.81,2
-0.88,0.15,0.16,-25.49,-122.62,63.99,-0.57,-0.31,0.19,-4.45,115.91,-93.84,2
-0.76,0.19,0.48,16.07,-108.11,44.82,-0.98,0.07,0.11,-12.56,107.32,-81.19,2
-0.61,0.28,0.78,46.95,-70.4,21.16,-0.95,-0.02,0.02,7.93,74.36,-62.5,2
0.09,1.0,1.45,-6.8,29.97,-26.46,-0.75,-0.05,-0.3,1.68,-1.83,-29.88,2
-0.49,0.69,1.13,85.55,33.93,-42.47,-0.9,-0.15,0.16,43.84,-57.9,2.47,2
-0.66,0.71,0.68,66.1,98.26,-56.07,-1.11,0.04,0.13,34.09,-129.94,46.62,2
-0.77,0.36,-0.01,56.52,104.7,-75.91,-0.9,-0.02,0.32,31.25,-140.58,73.87,2
-0.96,0.2,-0.4,18.08,99.6,-78.9,-0.79,0.19,0.5,16.86,-111.95,88.45,2
-1.13,0.11,-0.59,-30.09,82.38,-74.82,-0.82,0.26,0.62,-10.15,-84.3,87.87,2
-1.26,-0.15,-0.66,-74.05,56.62,-53.93,-0.82,0.27,0.66,-24.02,-42.77,74.18,2
-1.38,-0.39,-0.63,-90.58,28.51,-26.13,-0.96,0.21,0.52,6.59,-32.99,51.65,2
-1.24,-0.32,-0.23,-48.99,6.4,-16.16,-0.87,0.34,0.62,-12.38,9.12,27.96,2
-0.86,0.23,0.12,-43.54,9.66,-21.46,-0.9,0.14,0.29,8.81,-16.49,30.12,2
-0.78,-0.03,-0.02,-50.67,7.93,-3.84,-0.75,0.22,0.34,-13.6,1.65,40.4,2
-0.98,-0.21,-0.5,-88.57,0.55,8.23,-0.59,0.51,0.57,-26.49,26.25,6.98,2
-1.1,-0.48,-0.58,-60.09,-28.51,21.74,-0.74,0.21,0.54,-21.89,42.99,-12.65,2
-1.16,-0.28,-0.48,-11.43,-59.12,29.73,-0.8,0.33,0.64,7.23,58.11,-40.88,2
-1.14,-0.06,-0.31,-3.11,-75.34,35.88,-0.95,0.29,0.6,-4.09,67.1,-49.73,2
-1.06,0.08,-0.14,-11.4,-81.95,44.02,-0.88,0.21,0.55,-3.26,68.26,-48.02,2
-1.12,-0.03,-0.0,-13.66,-89.3,55.03,-0.97,0.18,0.37,-3.84,85.7,-64.45,2
-1.1,-0.15,0.13,3.63,-92.35,62.8,-0.97,0.06,0.25,1.01,85.4,-76.43,2
-0.99,0.14,0.3,26.19,-86.55,64.51,-0.98,0.12,0.19,1.71,94.05,-86.98,2
-0.84,0.36,0.43,18.6,-62.04,49.82,-0.95,0.08,0.16,-19.97,77.96,-76.62,2
1.19,0.23,0.67,-33.29,-61.86,24.82,-0.85,0.16,-0.3,-56.65,9.66,-45.95,2
-0.32,0.24,0.9,52.9,12.26,24.36,-1.18,-0.15,0.14,33.9,-95.79,7.07,2
-0.94,0.75,0.09,4.57,59.48,-4.33,-0.91,0.16,0.5,22.99,-111.89,38.87,2
-1.14,0.05,-0.33,-50.98,67.32,-14.15,-0.85,0.21,0.46,-2.29,-84.39,44.79,2
-1.2,-0.13,-0.55,-33.93,29.66,-7.77,-0.77,0.28,0.53,3.26,-32.8,26.68,2
-1.16,-0.2,-0.36,-0.34,-6.59,-7.87,-0.83,0.19,0.44,-3.14,12.29,3.81,2
-1.0,0.08,0.11,23.54,-21.16,-7.29,-0.93,0.16,0.37,-3.63,29.36,-6.95,2
-0.87,0.3,0.37,-6.13,-3.45,-5.34,-1.01,0.1,0.28,-11.86,11.52,4.12,2
-0.91,0.11,0.26,-16.46,13.45,-4.85,-0.98,0.1,0.27,-3.66,-14.51,13.57,2
-1.04,-0.01,0.07,-7.62,17.38,-3.2,-0.94,0.19,0.34,2.1,-20.49,9.36,2
-1.07,0.0,-0.04,2.16,11.43,-1.49,-0.94,0.19,0.41,5.91,-14.66,1.04,2
-1.06,0.08,-0.07,8.66,4.73,-2.59,-0.94,0.19,0.44,7.41,-6.07,-1.8,2
-1.03,0.14,-0.05,5.91,-1.19,-4.3,-0.92,0.17,0.43,5.82,3.57,-1.31,2
-0.98,0.14,0.03,0.76,-4.45,-5.43,-0.9,0.15,0.38,3.57,7.93,0.7,2
-0.95,0.15,0.11,-1.13,-3.69,-6.92,-0.94,0.13,0.34,4.24,6.22,3.66,2
-0.96,0.14,0.11,-3.29,-0.58,-8.51,-0.94,0.13,0.35,4.05,1.52,8.29,2
-0.98,0.11,0.05,-2.26,-1.28,-10.18,-0.94,0.14,0.36,7.04,1.13,7.04,2
-0.98,0.13,0.02,-4.21,-1.92,-10.49,-0.95,0.13,0.4,3.84,2.74,8.32,2
-1.0,0.13,0.02,-7.59,-3.02,-9.79,-0.9,0.16,0.4,-0.79,6.62,7.2,2
-0.99,0.1,0.1,-4.88,-3.78,-8.29,-0.92,0.13,0.38,-3.14,8.54,5.61,2
-0.97,0.07,0.19,4.33,-1.1,-6.62,-0.93,0.15,0.36,-5.12,8.81,5.58,2
-0.93,0.04,0.29,22.38,5.76,-7.23,-0.92,0.14,0.27,-10.49,6.68,1.01,2
-0.82,0.12,0.43,44.12,24.82,-16.83,-0.95,0.09,0.27,3.11,-18.51,3.66,2
-0.79,0.19,0.37,59.42,45.55,-30.55,-0.92,0.06,0.27,9.09,-44.63,14.36,2
-0.83,0.25,0.2,63.78,62.65,-42.59,-0.95,0.13,0.38,8.35,-71.43,23.9,2
-0.89,0.21,-0.02,49.21,70.91,-50.64,-0.98,0.17,0.49,1.74,-80.67,36.92,2
-0.99,0.16,-0.21,22.8,73.69,-52.38,-0.86,0.22,0.49,-7.5,-70.82,48.57,2
-1.08,0.05,-0.25,-1.74,69.48,-46.71,-0.86,0.22,0.53,-9.18,-57.23,49.3,2
-1.11,-0.15,-0.4,-25.85,56.31,-35.46,-0.84,0.23,0.53,-9.45,-38.87,42.8,2
-1.17,-0.2,-0.44,-58.08,43.87,-21.68,-0.82,0.37,0.63,-2.9,-15.4,26.22,2
-1.14,-0.19,-0.31,-82.01,31.37,-6.01,-0.8,0.34,0.58,-12.8,-9.82,9.09,2
-0.89,0.01,-0.08,-59.42,27.5,-6.34,-1.0,-0.06,0.17,7.04,-52.29,9.63,2
-0.61,-0.01,0.14,-0.4,19.09,-4.91,-0.56,0.13,0.36,16.65,-15.24,34.97,2
-0.84,0.05,-0.61,-46.16,15.61,0.09,-0.51,0.6,0.65,7.59,-7.1,22.23,2
-1.08,-0.31,-0.8,-75.06,-4.88,8.9,-0.57,0.41,0.74,-38.54,22.87,5.09,2
-1.18,-0.25,-0.72,-29.63,-37.56,16.46,-0.71,0.23,0.82,-1.89,36.95,-10.15,2
-1.13,-0.13,-0.46,-11.19,-62.84,19.12,-0.8,0.32,0.71,17.99,43.57,-20.3,2
-1.14,-0.11,-0.41,-7.04,-85.46,32.29,-0.86,0.33,0.56,-13.35,75.06,-36.71,2
-1.14,-0.12,-0.08,-7.32,-102.56,46.8,-0.96,0.19,0.42,-15.85,102.87,-62.68,2
-1.1,-0.16,0.19,6.37,-112.41,57.93,-1.12,0.07,0.23,4.85,107.99,-83.23,2
-1.11,-0.02,0.35,21.01,-105.27,63.57,-1.16,0.06,0.19,16.04,100.85,-94.18,2
-1.04,0.19,0.45,37.8,-87.62,57.29,-1.1,0.03,0.11,8.66,86.37,-92.07,2
-0.81,0.38,0.59,42.74,-48.99,45.85,-0.97,0.11,0.13,4.88,58.72,-78.48,2
-0.07,-0.05,1.29,21.37,12.38,17.44,-0.63,0.08,-0.11,13.08,-21.98,-71.1,2
-0.38,0.27,1.08,124.82,64.63,-15.3,-1.19,0.01,-0.0,81.49,-117.8,-17.99,2
-0.83,0.57,0.5,122.71,92.29,-37.29,-1.01,0.11,0.25,51.13,-150.55,21.89,2
-0.99,-0.01,0.02,99.97,103.54,-44.27,-0.97,0.27,0.34,24.39,-137.53,30.12,2
-1.09,0.08,-0.22,88.66,92.93,-45.61,-1.01,0.21,0.44,27.2,-121.1,31.49,2
-1.2,0.02,-0.16,43.66,94.36,-44.79,-0.94,0.25,0.5,19.36,-88.02,27.16,2
-1.19,0.03,0.01,19.12,95.21,-36.86,-1.03,0.13,0.49,-18.14,-63.63,17.68,2
-1.07,0.06,0.1,4.79,102.53,-30.7,-1.1,0.1,0.4,-10.67,-57.68,8.29,2
-0.96,0.12,0.07,8.32,107.29,-29.97,-1.06,-0.0,0.44,19.66,-70.12,6.1,2
-0.83,0.33,-0.15,-23.84,116.86,-29.27,-0.78,0.08,0.5,10.43,-77.56,22.99,2
-0.87,0.16,-0.4,-32.16,119.18,-28.66,-0.7,0.16,0.51,1.34,-76.01,39.88,2
-0.73,0.17,-0.24,13.75,109.73,-45.49,-0.68,-0.33,0.24,28.02,-87.04,52.44,2
-0.51,0.1,-0.21,72.9,96.37,-59.63,-0.41,-0.04,0.63,102.53,-74.82,67.62,2
-0.66,0.04,-0.51,63.6,95.76,-72.77,-0.44,0.71,0.75,60.4,-85.85,64.09,2
-0.77,-0.28,-0.64,36.65,89.57,-68.17,-0.54,0.32,0.73,17.59,-75.3,60.37,2
-0.83,-0.17,-0.93,-1.59,80.91,-52.07,-0.49,0.32,0.91,8.93,-63.26,50.98,2
-0.91,-0.2,-1.17,6.4,55.85,-49.27,-0.34,0.29,0.97,4.88,-45.18,52.07,2
-0.91,-0.3,-1.07,36.62,26.49,-49.91,-0.38,0.24,0.97,32.44,-27.5,42.99,2
-0.85,-0.32,-0.77,37.87,9.02,-40.91,-0.44,0.46,0.81,35.49,-16.31,33.14,2
-0.82,-0.33,-0.62,15.95,3.99,-26.62,-0.5,0.48,0.76,12.77,-7.53,22.23,2
-0.88,-0.31,-0.62,-2.56,0.61,-13.29,-0.56,0.39,0.78,2.32,-5.58,10.82,2
-0.96,-0.29,-0.7,-7.9,-6.8,-4.39,-0.58,0.36,0.78,-7.16,3.63,-0.61,2
-0.96,-0.2,-0.59,-4.18,-12.71,0.67,-0.64,0.32,0.79,-5.46,10.55,-3.41,2
-0.93,-0.18,-0.47,-0.43,-15.0,4.27,-0.68,0.32,0.68,-1.8,9.3,-4.94,2
-0.9,-0.17,-0.4,-3.23,-14.51,9.05,-0.68,0.32,0.66,1.98,8.66,-6.1,2
-0.92,-0.19,-0.46,-12.62,-13.02,12.8,-0.65,0.42,0.7,0.79,8.9,-8.87,2
-0.95,-0.22,-0.56,-18.05,-16.22,14.27,-0.62,0.41,0.72,-7.62,13.51,-13.14,2
-0.94,-0.21,-0.54,-17.59,-22.01,15.21,-0.62,0.37,0.7,-5.85,19.76,-13.75,2
-0.91,-0.18,-0.48,-15.15,-27.1,15.37,-0.66,0.33,0.65,-0.55,21.95,-13.35,2
-0.91,-0.2,-0.45,-4.88,-33.35,14.85,-0.63,0.38,0.68,7.04,25.49,-13.96,2
-0.92,-0.24,-0.55,-12.13,-37.07,19.15,-0.61,0.42,0.69,1.74,31.37,-17.96,2
-0.94,-0.24,-0.61,-28.75,-42.35,25.49,-0.61,0.41,0.73,-5.18,39.73,-23.6,2
-0.96,-0.29,-0.7,-39.36,-53.45,32.5,-0.59,0.39,0.76,-11.46,52.01,-28.63,2
-0.94,-0.25,-0.75,-37.04,-67.41,39.82,-0.6,0.31,0.76,-5.15,63.96,-35.21,2
-0.95,-0.33,-0.7,-22.8,-86.77,47.44,-0.59,0.39,0.76,2.2,74.94,-41.68,2
-0.95,-0.3,-0.61,-16.1,-102.04,57.44,-0.64,0.39,0.73,-5.98,85.88,-58.93,2
-0.9,-0.26,-0.42,-13.69,-112.96,66.59,-0.73,0.32,0.63,-5.88,89.21,-71.55,2
-0.89,-0.1,-0.23,-3.35,-118.41,74.21,-0.83,0.26,0.55,-4.79,94.85,-79.6,2
-0.85,-0.03,-0.08,-11.16,-114.85,79.66,-0.86,0.2,0.5,7.04,85.98,-83.78,2
-0.89,0.08,0.06,0.58,-111.34,81.19,-0.9,0.14,0.39,-1.4,73.75,-90.67,2
-0.99,0.03,-0.07,-13.57,-106.98,87.59,-0.97,0.09,0.36,11.74,72.53,-92.93,2
-1.01,0.03,0.1,15.91,-109.7,86.98,-1.12,0.01,0.36,33.02,59.73,-101.19,2
-1.04,0.14,0.16,18.45,-111.01,90.98,-1.04,0.04,0.36,34.7,84.09,-111.68,2
-1.07,0.24,0.22,19.42,-103.26,89.66,-1.1,0.0,0.27,27.41,98.32,-122.62,2
-0.97,0.4,0.29,50.37,-96.43,68.26,-1.09,-0.08,0.18,13.02,101.8,-107.29,2
-0.65,0.78,1.28,45.49,-29.45,34.27,-0.94,-0.07,-0.04,-2.26,72.32,-72.8,2
0.93,0.55,1.72,36.4,31.62,23.29,-0.55,-0.22,0.07,8.69,-17.23,-38.32,2
-0.41,1.06,0.75,113.9,52.74,-72.32,-1.13,-0.22,0.19,20.67,-114.73,33.54,2
-0.84,0.87,0.03,8.17,87.38,-84.36,-0.92,0.07,0.39,25.46,-132.32,90.4,2
-1.08,0.12,-0.71,-62.68,77.13,-71.31,-0.78,0.2,0.61,-28.45,-88.35,104.73,2
-1.34,-0.15,-0.92,-94.63,39.05,-53.29,-0.76,0.34,0.74,-10.91,-42.93,76.49,2
-1.42,-0.32,-0.7,-104.97,-1.16,-32.59,-0.91,0.21,0.63,-30.37,1.31,54.73,2
-1.15,-0.12,0.07,-74.97,-8.87,-23.96,-1.11,0.13,0.5,-36.49,-12.87,38.51,2
-0.82,0.1,0.34,-54.63,-8.02,-11.98,-1.0,0.04,0.14,-15.21,18.81,25.91,2
-0.91,-0.16,-0.11,-47.8,-10.64,0.95,-0.75,0.17,0.44,-1.22,12.8,9.36,2
-1.05,-0.25,-0.31,0.09,-40.91,9.15,-0.78,0.08,0.39,32.38,28.9,-17.77,2
-1.29,0.06,-0.46,11.8,-67.8,17.8,-0.85,0.24,0.73,39.45,64.82,-39.88,2
-1.43,0.01,-0.51,8.87,-90.88,23.14,-0.95,0.14,0.63,14.79,105.03,-53.45,2
-1.29,0.03,-0.15,28.23,-104.33,33.99,-0.98,0.07,0.43,-0.49,122.53,-56.07,2
-1.79,1.01,1.03,-12.35,55.4,7.44,-0.73,-0.02,-0.15,-18.72,93.45,-50.06,2
0.41,0.25,1.71,111.07,-9.15,16.1,-1.09,-0.53,-0.26,36.55,-46.07,-28.48,2
-0.9,1.32,0.48,31.07,58.51,-21.71,-0.95,0.17,0.51,19.45,-121.07,45.88,2
-1.02,0.15,-0.32,-82.99,79.02,-22.56,-0.76,0.07,0.42,-9.12,-91.92,48.6,2
-1.2,-0.38,-0.74,-49.54,37.84,-2.04,-0.7,0.31,0.58,-3.08,-30.64,25.3,2
-1.18,-0.34,-0.44,18.48,-11.55,-6.62,-0.81,0.14,0.56,2.26,13.78,-1.86,2
-1.0,0.25,0.02,38.87,-23.57,-9.94,-0.94,0.13,0.49,6.62,29.39,-7.99,2
-0.84,0.43,0.29,-3.14,-0.52,-7.23,-1.0,0.05,0.4,-7.13,13.29,9.39,2
-0.89,0.17,0.25,-27.68,17.26,-4.3,-0.96,0.11,0.37,-4.97,-15.24,18.57,2
-1.03,-0.07,0.03,-18.51,22.01,-4.33,-0.91,0.14,0.39,-1.13,-22.5,11.52,2
-1.07,-0.06,-0.09,-1.46,12.87,-0.12,-0.92,0.17,0.45,5.21,-14.85,-2.41,2
-1.06,0.06,-0.12,5.64,4.94,3.66,-0.89,0.16,0.47,3.81,-4.18,-8.02,2
-1.01,0.16,-0.02,3.54,0.46,5.95,-0.9,0.12,0.45,0.73,1.49,-7.87,2
-0.97,0.2,0.08,-2.62,2.62,4.18,-0.92,0.1,0.41,-2.01,0.58,-2.87,2
-0.97,0.14,0.07,-4.82,5.15,1.8,-0.92,0.11,0.38,-0.27,-5.82,-1.13,2
-1.01,0.13,-0.02,-6.65,4.48,2.44,-0.92,0.13,0.42,0.7,-6.59,-1.04,2
-1.02,0.1,-0.06,-7.2,1.04,2.5,-0.9,0.13,0.44,-3.14,0.4,-1.71,2
-1.01,0.13,-0.02,-4.27,-1.71,0.85,-0.89,0.12,0.44,-3.32,4.21,-1.98,2
-0.99,0.17,0.02,-4.48,-1.4,-0.27,-0.91,0.11,0.45,-3.23,3.14,0.61,2
-0.98,0.16,0.01,-8.69,0.46,-0.61,-0.91,0.11,0.44,-6.43,3.72,2.5,2
-1.0,0.13,-0.01,-11.34,1.25,-0.61,-0.91,0.12,0.43,-8.72,4.27,2.35,2
-1.03,0.11,-0.03,-11.52,-0.46,-1.04,-0.92,0.12,0.45,-9.39,6.07,1.1,2
-1.03,0.09,-0.04,-10.37,-3.32,0.4,-0.93,0.11,0.44,-8.23,9.57,-1.37,2
-1.02,0.08,-0.01,-9.36,-6.43,2.2,-0.95,0.12,0.42,-8.66,12.13,-3.57,2
-1.01,0.07,0.03,-6.16,-8.32,4.18,-0.92,0.11,0.41,-7.04,12.32,-5.98,2
-1.0,0.12,0.07,-3.32,-8.78,5.06,-0.92,0.11,0.4,-6.16,11.65,-9.18,2
-0.98,0.14,0.09,-0.7,-8.11,4.21,-0.91,0.11,0.38,-9.66,12.01,-6.74,2
-0.94,0.13,0.12,3.45,-5.55,2.5,-0.88,0.12,0.38,-12.87,17.59,-3.2,2
-0.88,0.08,0.22,9.18,-0.85,0.49,-0.89,0.11,0.34,-16.43,10.73,-0.18,2
-0.81,0.12,0.33,17.44,15.3,-8.05,-0.93,0.1,0.28,-13.96,-11.49,-1.62,2
-0.8,0.27,0.21,17.07,30.95,-15.76,-0.9,0.07,0.33,-12.2,-29.73,8.05,2
-0.82,0.23,-0.05,9.21,42.9,-18.9,-0.98,-0.02,0.42,-14.88,-43.75,27.44,2
-0.97,0.16,-0.37,-10.3,39.82,-20.88,-0.85,0.15,0.58,-17.53,-36.07,34.57,2
-1.15,0.06,-0.59,-59.24,24.88,-10.24,-0.76,0.31,0.73,-28.2,-1.4,29.66,2
-1.22,-0.12,-0.57,-106.71,7.32,4.79,-0.94,0.21,0.5,-38.66,20.79,7.96,2
-0.99,-0.0,0.21,-64.21,-1.43,-2.68,-0.95,-0.04,0.53,-25.09,-38.48,16.16,2
-0.56,0.5,0.64,-29.02,6.19,-5.98,-0.91,-0.04,-0.0,2.59,-8.2,26.34,2
-0.82,-0.08,-0.16,-74.33,15.55,5.09,-0.59,0.15,0.45,-5.0,-5.82,12.41,2
-1.04,-0.09,-0.51,-38.84,-16.55,14.63,-0.72,0.09,0.48,24.51,24.42,-14.09,2
-1.25,0.04,-0.49,-15.55,-46.37,18.23,-0.93,0.11,0.65,12.59,52.44,-28.69,2
-1.3,0.07,-0.3,2.87,-70.21,22.93,-0.98,0.12,0.67,0.27,86.55,-39.94,2
-1.28,0.05,0.07,13.29,-71.37,29.02,-1.04,0.06,0.46,-13.17,99.21,-48.99,2
-1.1,0.04,0.39,34.82,-55.79,23.99,-1.08,0.02,0.21,-15.73,74.12,-56.46,2
-1.69,0.41,1.64,24.45,46.1,3.29,-0.85,0.03,-0.11,-16.19,23.48,-45.06,2
-0.15,0.31,1.06,78.99,46.25,19.33,-0.75,-0.2,0.08,13.96,-53.99,-36.62,2
-0.74,0.92,0.6,68.05,74.7,-28.96,-0.96,0.01,0.34,31.74,-117.29,15.43,2
-0.88,0.42,0.16,26.43,91.13,-32.01,-0.93,0.13,0.26,-0.67,-133.38,39.02,2
-1.04,0.01,-0.23,38.72,90.24,-36.37,-0.88,0.1,0.43,3.78,-105.4,46.52,2
-1.2,-0.02,-0.35,19.85,80.46,-35.88,-0.94,0.29,0.58,1.68,-82.71,43.57,2
-1.35,-0.19,-0.31,14.91,67.56,-32.04,-1.01,0.3,0.65,-22.1,-54.94,29.88,2
-1.27,-0.21,-0.16,31.52,53.26,-24.02,-1.06,0.16,0.51,-13.32,-37.68,8.96,2
-1.19,0.08,0.09,58.14,45.91,-26.92,-1.1,0.05,0.4,22.77,-31.13,-8.63,2
-0.97,0.45,0.31,67.26,56.46,-40.49,-1.05,-0.0,0.29,22.93,-38.17,5.98,2
-0.79,0.6,0.16,-7.71,75.46,-38.63,-0.99,-0.05,0.29,30.55,-46.07,40.3,2
-0.87,0.21,-0.09,-23.51,84.05,-36.04,-0.8,0.05,0.4,-14.57,-55.03,54.05,2
-0.84,0.08,-0.1,9.57,84.3,-46.13,-0.77,-0.04,0.54,12.53,-55.67,45.88,2
-0.9,0.23,-0.08,17.01,86.16,-59.48,-0.86,-0.08,0.47,4.09,-63.66,43.6,2
-0.75,0.31,-0.16,5.64,100.82,-66.8,-0.75,-0.02,0.56,-12.32,-62.9,56.31,2
-0.63,0.19,-0.31,-24.85,121.28,-60.34,-0.54,0.17,0.73,1.89,-72.9,72.32,2
-0.69,-0.13,-0.61,1.19,111.62,-65.43,-0.55,0.15,0.69,3.14,-94.48,71.01,2
-0.81,-0.24,-0.85,12.04,92.96,-62.74,-0.49,0.22,0.81,11.65,-80.46,68.41,2
-0.88,-0.19,-0.9,5.85,73.78,-56.13,-0.46,0.32,0.79,-6.89,-63.51,49.21,2
-0.94,-0.26,-0.96,-21.13,56.86,-42.23,-0.46,0.36,0.91,-43.35,-32.77,42.8,2
-0.88,-0.25,-0.76,-23.14,43.35,-34.51,-0.6,0.19,0.87,-21.68,-32.01,38.78,2
-0.85,-0.26,-0.61,-0.95,31.62,-31.4,-0.55,0.22,0.78,9.18,-33.99,33.81,2
-0.93,-0.22,-0.64,10.18,23.93,-29.6,-0.61,0.34,0.76,13.9,-26.49,27.07,2
-1.0,-0.26,-0.74,-12.99,19.7,-20.7,-0.64,0.43,0.81,-12.93,-15.12,23.41,2
-0.98,-0.3,-0.69,-24.63,9.51,-12.93,-0.59,0.35,0.85,-19.12,-0.98,15.98,2
-0.94,-0.29,-0.6,-14.76,-2.5,-11.04,-0.63,0.31,0.72,-3.51,2.44,10.43,2
-0.92,-0.2,-0.53,-3.6,-11.43,-8.66,-0.65,0.31,0.72,2.59,8.41,8.84,2
-0.96,-0.17,-0.56,-12.87,-14.73,-4.05,-0.68,0.39,0.72,-12.53,15.34,7.04,2
-0.97,-0.24,-0.64,-21.92,-21.16,0.79,-0.65,0.31,0.79,-15.82,26.52,5.76,2
-0.95,-0.26,-0.65,-23.54,-29.76,3.41,-0.62,0.32,0.79,-3.81,32.93,0.12,2
-0.89,-0.23,-0.61,-22.23,-37.84,5.73,-0.61,0.3,0.72,0.27,35.85,-1.31,2
-0.9,-0.24,-0.68,-23.2,-47.99,9.39,-0.56,0.35,0.78,2.44,45.7,-4.94,2
-0.91,-0.22,-0.75,-31.55,-58.6,15.82,-0.56,0.37,0.78,-5.49,57.44,-8.05,2
-0.88,-0.24,-0.69,-36.52,-68.93,20.3,-0.58,0.3,0.76,-9.6,68.75,-13.72,2
-0.86,-0.26,-0.68,-36.34,-83.11,27.29,-0.58,0.23,0.75,-9.85,78.2,-15.06,2
-0.83,-0.24,-0.66,-39.76,-94.48,35.55,-0.59,0.26,0.74,-0.12,82.71,-23.14,2
-0.79,-0.23,-0.53,-35.7,-104.63,42.53,-0.6,0.29,0.71,6.65,84.85,-33.2,2
-0.74,-0.12,-0.27,-40.82,-102.74,48.51,-0.7,0.24,0.67,4.09,76.25,-41.62,2
-0.75,-0.08,0.0,-45.3,-91.31,53.29,-0.78,0.21,0.5,-0.82,60.18,-54.27,2
-0.87,-0.02,0.05,-50.21,-81.37,59.76,-0.9,0.13,0.46,-3.32,56.83,-67.35,2
-0.97,0.02,-0.1,-52.13,-81.46,64.05,-0.92,0.07,0.45,16.92,38.66,-74.82,2
-1.0,0.06,-0.09,-24.76,-77.04,59.54,-0.86,0.03,0.5,34.3,29.05,-73.32,2
-1.05,0.13,-0.05,1.92,-77.5,60.37,-1.01,-0.01,0.4,34.3,14.97,-60.12,2
-1.16,-0.06,-0.13,4.15,-84.39,74.02,-1.01,0.08,0.55,41.86,30.67,-69.09,2
-1.22,-0.16,-0.18,14.76,-96.43,86.68,-0.97,0.16,0.55,38.75,58.17,-98.38,2
-1.23,-0.01,0.01,36.19,-105.12,91.16,-1.07,0.07,0.39,20.34,96.13,-124.79,2
-1.18,0.13,0.27,70.61,-88.57,84.15,-1.05,-0.0,0.26,11.68,98.17,-114.76,2
-0.21,0.59,1.36,47.96,6.52,75.91,-0.67,0.03,-0.21,-8.96,50.95,-91.16,2
0.72,0.51,1.72,75.3,28.08,74.51,-1.16,-0.14,0.13,-8.11,-52.53,-49.05,2
-0.79,1.44,0.52,115.95,76.16,-46.95,-0.92,-0.26,0.28,54.7,-135.82,5.15,2
-0.8,0.8,-0.09,2.9,111.8,-55.37,-0.92,0.1,0.38,-0.82,-144.66,68.84,2
-1.03,0.31,-0.58,-36.4,88.9,-60.06,-0.78,0.1,0.6,-42.2,-103.63,93.26,2
-1.25,0.08,-0.82,-67.01,62.41,-59.54,-0.69,0.23,0.64,-18.63,-45.37,83.29,2
-1.36,-0.19,-0.77,-82.77,31.86,-50.3,-0.82,0.31,0.76,-47.16,-0.4,73.29,2
-1.21,-0.15,-0.57,-89.91,8.02,-39.6,-0.94,0.22,0.68,-27.16,11.71,45.55,2
-1.06,-0.15,-0.2,-56.4,-8.84,-32.29,-0.91,0.04,0.55,-25.85,16.65,44.05,2
-0.76,0.07,0.31,-15.12,-6.86,-41.77,-0.84,0.04,0.44,-2.87,-10.91,45.82,2
-0.85,0.12,-0.34,-20.46,-12.38,-30.58,-0.61,0.15,0.51,19.79,8.69,46.98,2
-1.06,-0.08,-0.72,-37.38,-23.23,-15.27,-0.59,0.25,0.82,0.12,37.56,23.84,2
-1.07,-0.02,-0.48,-19.79,-49.42,-4.94,-0.75,0.13,0.7,1.98,44.7,7.32,2
-1.18,-0.2,-0.49,-22.01,-76.04,13.17,-0.87,0.19,0.7,19.94,64.27,-13.69,2
-1.28,-0.3,-0.42,-4.24,-99.91,29.82,-0.86,0.2,0.67,13.72,98.29,-53.11,2
-1.31,-0.23,-0.33,11.34,-116.68,46.89,-0.94,0.1,0.59,32.01,117.9,-84.24,2
-1.17,-0.1,-0.03,46.13,-115.79,49.79,-1.02,0.06,0.34,22.35,115.21,-89.94,2
-0.98,0.46,1.51,8.29,14.3,33.11,-0.68,-0.04,-0.02,4.94,101.28,-82.35,2
1.37,0.07,2.03,69.02,9.54,51.71,-0.88,-0.43,-0.17,-4.39,-33.6,-36.07,2
-0.95,1.75,0.6,60.61,52.62,-28.66,-0.9,0.1,0.57,43.23,-141.68,26.52,2
-1.13,0.18,-0.4,-72.74,93.93,-24.88,-0.77,0.11,0.46,-9.97,-119.12,51.83,2
-1.24,-0.09,-0.99,-33.45,45.91,-5.4,-0.59,0.2,0.68,6.37,-42.01,31.8,2
-1.18,-0.11,-0.67,6.46,-10.91,-23.2,-0.74,0.17,0.61,-3.54,14.97,11.83,2
-0.99,0.17,0.09,2.77,-19.36,-21.52,-0.95,0.12,0.49,-12.04,34.12,15.67,2
-0.89,0.22,0.36,-8.9,-1.52,-16.1,-1.0,0.02,0.38,-4.05,9.91,21.16,2
-0.96,-0.06,0.25,-7.74,15.82,-6.74,-0.97,0.11,0.38,3.69,-19.82,15.79,2
-1.06,-0.18,-0.1,7.74,16.77,-0.76,-0.91,0.14,0.47,14.91,-24.57,0.06,2
-1.11,-0.02,-0.24,18.84,3.26,4.24,-0.87,0.16,0.53,15.43,-8.6,-14.21,2
-1.02,0.18,-0.11,20.12,-3.72,4.7,-0.87,0.12,0.53,10.7,1.65,-14.12,2
-0.96,0.25,-0.0,10.46,-2.8,2.9,-0.88,0.08,0.47,8.99,0.55,-6.46,2
-0.94,0.17,-0.01,3.93,-0.27,-0.4,-0.86,0.09,0.46,7.56,-1.68,-1.07,2
-0.99,0.1,-0.06,3.66,-1.07,-2.26,-0.86,0.11,0.46,8.23,0.4,-0.27,2
-0.99,0.15,-0.07,4.27,-3.75,-3.48,-0.85,0.12,0.49,7.99,2.04,-0.15,2
-0.99,0.15,-0.06,0.3,-3.72,-5.09,-0.87,0.1,0.5,5.64,2.99,2.71,2
-1.01,0.09,-0.07,-1.07,-3.72,-4.97,-0.87,0.12,0.51,5.27,3.78,3.51,2
-1.0,0.09,-0.05,-1.4,-3.72,-3.51,-0.87,0.12,0.49,5.06,5.27,1.07,2
-0.99,0.09,-0.01,0.12,-2.84,-1.52,-0.88,0.12,0.49,6.68,4.7,-1.31,2
-1.0,0.08,-0.05,-2.84,-1.65,0.27,-0.88,0.12,0.49,7.8,5.21,-1.77,2
-1.01,0.06,-0.06,-1.74,-2.44,2.74,-0.88,0.12,0.47,12.32,6.16,-3.17,2
-1.0,0.06,-0.03,2.04,-3.17,3.81,-0.89,0.1,0.47,21.95,8.38,-2.59,2
-1.0,0.07,0.01,2.65,-3.35,3.66,-0.88,0.15,0.47,16.8,11.92,-4.02,2
-0.98,0.03,0.05,6.8,-1.83,5.76,-0.87,0.13,0.46,6.19,16.86,-2.41,2
-0.94,0.05,0.1,19.12,2.53,3.48,-0.9,0.12,0.42,13.41,6.86,-4.02,2
-0.89,0.06,0.22,41.31,11.07,-2.41,-0.91,0.11,0.35,22.35,-17.5,-9.48,2
-0.83,0.26,0.12,55.27,19.09,-5.95,-0.88,0.12,0.41,21.83,-34.94,-7.16,2
-0.9,0.32,-0.07,36.62,27.32,-14.18,-0.92,0.06,0.46,3.48,-38.45,14.48,2
-1.01,0.34,-0.26,4.57,25.67,-21.01,-0.78,0.16,0.58,-1.95,-27.41,23.81,2
-1.09,0.2,-0.31,-31.77,22.47,-23.29,-0.82,0.2,0.6,-16.68,-6.43,30.64,2
-1.13,0.03,-0.3,-56.68,16.04,-20.49,-0.86,0.19,0.58,-25.55,11.86,24.48,2
-1.11,-0.13,-0.26,-61.83,11.19,-12.77,-0.88,0.17,0.53,-18.66,26.28,10.46,2
-1.1,-0.16,-0.24,-30.98,-5.43,-5.55,-0.92,0.05,0.36,0.55,14.18,2.77,2
-0.86,0.13,0.1,26.01,-13.14,-13.29,-0.82,0.07,0.4,2.68,9.21,7.8,2
-0.65,0.37,0.22,17.99,-2.26,-18.78,-0.82,0.03,0.3,5.7,-12.07,27.41,2
-0.77,0.27,-0.13,-43.78,5.18,-5.64,-0.64,0.23,0.52,-1.74,-0.49,33.81,2
-1.19,-0.31,-0.71,-75.12,-14.42,12.41,-0.78,0.23,0.69,-9.85,25.27,4.15,2
-1.31,-0.33,-0.47,-14.79,-48.54,19.66,-0.9,0.16,0.7,20.88,32.93,-19.51,2
-1.21,-0.03,-0.23,18.6,-71.49,28.02,-1.0,0.19,0.65,14.15,53.75,-34.63,2
-1.22,0.01,-0.18,24.15,-85.55,41.65,-0.92,0.11,0.57,6.4,84.76,-44.73,2
-1.22,0.01,0.11,31.34,-85.37,56.34,-1.02,0.07,0.34,-8.14,96.19,-55.21,2
-1.02,0.15,0.57,56.98,-58.38,52.07,-0.97,0.01,0.09,3.29,63.9,-74.91,2
1.64,0.27,0.55,-36.59,-28.93,39.88,-0.61,0.12,-0.26,-30.12,-9.24,-63.54,2
-0.13,-0.07,1.15,100.37,54.51,32.41,-1.16,-0.16,0.07,49.97,-124.21,-22.5,2
-0.89,0.77,0.37,92.62,119.21,-12.99,-0.89,0.24,0.42,75.34,-165.61,2.87,2
-0.91,0.26,-0.22,47.2,115.95,-14.3,-0.79,0.16,0.44,28.54,-143.66,32.04,2
-1.18,-0.11,-0.6,76.28,90.64,-20.91,-0.7,0.29,0.62,16.25,-97.56,9.18,2
-1.29,0.13,-0.69,69.39,62.16,-32.04,-0.83,0.31,0.73,6.43,-46.43,-1.13,2
-1.35,0.12,-0.55,19.36,44.66,-25.79,-0.95,0.27,0.78,-28.96,-12.16,6.52,2
-1.16,0.08,-0.09,-28.81,38.23,-19.3,-1.1,0.2,0.61,-47.47,16.07,0.12,2
-1.05,0.06,0.28,-29.76,48.99,-13.48,-1.14,-0.07,0.3,-19.82,0.61,-15.03,2
-0.78,0.38,0.41,10.03,67.16,-28.05,-1.01,-0.19,0.09,22.77,-39.45,-3.23,2
-0.63,0.51,0.21,19.73,75.12,-42.2,-0.83,-0.3,0.17,42.26,-77.38,56.52,2
-0.65,0.34,-0.13,49.66,71.4,-50.4,-0.53,-0.03,0.59,47.23,-46.89,75.06,2
-0.81,0.12,-0.2,84.63,74.79,-65.0,-0.68,0.07,0.59,40.09,-62.8,62.16,2
-0.84,-0.09,-0.37,77.74,76.34,-59.63,-0.72,0.12,0.78,49.39,-57.38,50.73,2
-1.04,-0.15,-0.71,38.87,71.98,-47.8,-0.64,0.48,0.9,13.87,-56.22,32.35,2
-1.06,-0.16,-1.02,-26.62,68.93,-25.95,-0.6,0.42,0.92,-46.8,-41.43,25.85,2
-0.89,-0.13,-0.74,-26.22,51.89,-20.06,-0.53,0.21,0.82,-41.46,-33.66,27.68,2
-0.78,-0.16,-0.44,10.0,36.37,-24.63,-0.58,0.11,0.62,-1.71,-36.62,28.02,2
-0.87,-0.22,-0.44,28.84,24.94,-20.79,-0.61,0.33,0.69,14.02,-35.06,23.45,2
-1.03,-0.25,-0.68,1.59,17.29,-9.33,-0.68,0.47,0.77,-17.74,-23.14,8.75,2
-1.08,-0.22,-0.74,-20.24,7.2,0.55,-0.64,0.35,0.87,-38.02,-3.35,0.85,2
-0.99,-0.11,-0.52,-10.91,-1.89,-1.68,-0.71,0.21,0.73,-12.29,0.49,-0.76,2
-0.9,-0.05,-0.27,2.41,-7.23,-4.7,-0.73,0.19,0.6,8.32,0.21,4.12,2
-0.91,-0.1,-0.24,10.03,-7.71,-4.57,-0.75,0.28,0.59,6.52,-1.43,5.43,2
-0.96,-0.16,-0.33,10.7,-9.3,-3.23,-0.76,0.27,0.63,8.2,-2.04,-0.58,2
-0.99,-0.15,-0.44,5.85,-11.55,-1.34,-0.71,0.27,0.69,12.47,-1.77,-5.37,2
-0.95,-0.1,-0.41,12.32,-13.54,-2.56,-0.7,0.26,0.69,15.21,-1.71,-5.73,2
-0.89,-0.03,-0.3,30.27,-15.12,-6.13,-0.7,0.18,0.64,24.27,-3.66,-2.13,2
-0.89,-0.01,-0.27,20.7,-12.16,-3.11,-0.72,0.25,0.65,29.05,-2.93,0.73,2
-0.98,-0.13,-0.43,-2.96,-8.81,3.05,-0.72,0.32,0.7,19.02,-3.14,-4.3,2
-1.04,-0.18,-0.6,-25.52,-11.52,12.13,-0.65,0.32,0.78,9.97,6.65,-11.1,2
-1.0,-0.11,-0.48,-14.36,-18.72,11.52,-0.67,0.23,0.74,4.57,12.47,-18.26,2
-0.92,0.0,-0.32,10.18,-24.27,7.2,-0.71,0.13,0.61,3.02,13.99,-12.53,2
-0.91,-0.01,-0.26,25.06,-25.0,5.21,-0.76,0.16,0.64,15.95,12.99,-8.87,2
-0.97,-0.03,-0.34,2.74,-22.53,10.73,-0.72,0.29,0.69,14.36,12.53,-11.68,2
-1.03,-0.09,-0.56,-38.78,-20.85,19.79,-0.71,0.34,0.76,-6.19,23.11,-15.49,2
-1.05,-0.09,-0.63,-57.38,-30.06,24.63,-0.64,0.29,0.79,-18.48,35.85,-19.88,2
-0.95,0.05,-0.49,-62.53,-37.93,24.91,-0.72,0.17,0.68,-21.52,39.79,-15.95,2
-0.9,-0.03,-0.48,-69.82,-44.94,27.65,-0.67,0.15,0.69,-21.28,49.97,-2.62,2
-0.91,-0.14,-0.43,-48.9,-56.46,28.29,-0.63,0.33,0.72,-28.51,52.71,-16.83,2
-0.92,-0.08,-0.46,-75.52,-60.37,38.41,-0.67,0.23,0.65,-32.16,58.11,-27.71,2
-0.87,0.1,-0.39,-73.35,-66.86,41.04,-0.73,0.1,0.58,-18.08,51.19,-28.84,2
-0.99,0.08,-0.45,-62.93,-80.49,46.22,-0.74,0.1,0.65,-11.89,69.85,-26.95,2
-1.09,-0.07,-0.44,-49.24,-91.8,53.08,-0.84,0.13,0.64,28.26,64.48,-39.6,2
-1.17,-0.25,-0.29,-23.9,-111.31,64.24,-0.93,0.15,0.6,-8.23,108.08,-58.66,2
-1.17,-0.15,-0.02,-2.87,-126.71,78.48,-1.08,0.1,0.52,2.29,125.85,-99.3,2
-1.16,-0.03,0.3,31.43,-126.04,87.13,-1.15,-0.05,0.22,-2.53,150.82,-109.42,2
-0.9,0.47,0.6,65.55,-106.37,70.91,-1.1,-0.09,0.17,-11.68,128.57,-103.87,2
-0.46,1.36,1.68,2.5,21.22,30.82,-0.53,-0.22,-0.34,-29.66,46.74,-61.01,2
-0.6,0.64,1.73,48.35,58.9,-4.12,-1.23,-0.23,0.07,-10.52,-109.05,-7.41,2
-0.87,0.85,0.47,45.21,131.65,-32.35,-0.99,-0.16,0.26,54.15,-186.28,38.08,2
-0.81,0.52,-0.63,-14.3,124.73,-54.88,-0.72,0.13,0.64,1.04,-158.41,81.89,2
-1.2,-0.07,-1.23,-71.19,87.2,-47.99,-0.54,0.43,0.89,-48.78,-79.73,91.62,2
-1.43,-0.38,-1.27,-88.08,28.54,-36.1,-0.66,0.36,0.86,-39.85,-3.02,49.3,2
-1.45,-0.43,-0.72,-54.63,-14.85,-22.84,-0.98,0.17,0.67,-12.74,-6.62,28.81,2
-0.97,-0.02,0.21,-19.33,-24.63,-16.28,-0.96,0.14,0.49,-22.62,32.93,17.74,2
-0.61,0.39,0.68,-26.46,2.53,-22.68,-0.95,0.01,0.2,-3.93,-21.07,27.68,2
-0.78,0.24,-0.11,-64.48,14.45,-7.93,-0.68,0.07,0.45,11.22,-13.63,36.19,2
-1.19,-0.24,-0.79,-50.49,-9.73,-0.55,-0.73,0.17,0.67,6.77,14.54,5.18,2
-1.32,-0.2,-0.79,0.24,-56.01,11.4,-0.78,0.15,0.78,22.04,59.63,-20.82,2
-1.29,0.02,-0.51,13.35,-88.96,15.43,-0.91,0.22,0.82,22.56,77.1,-36.71,2
-1.33,0.04,-0.3,2.56,-100.49,28.2,-1.0,0.11,0.61,15.24,105.73,-46.95,2
-1.18,-0.11,0.06,36.04,-105.79,32.9,-1.01,0.01,0.4,3.87,106.37,-59.42,2
0.99,-0.18,0.9,-10.98,-61.55,52.26,-0.83,0.28,-0.3,-29.48,43.29,-62.26,2
-0.5,0.58,1.5,146.34,3.2,-2.9,-1.17,-0.55,-0.01,54.21,-125.88,-6.98,2
-0.95,0.99,0.02,-46.16,81.37,-15.61,-0.9,0.19,0.56,-2.04,-126.46,49.66,2
-1.37,-0.39,-0.9,-72.71,53.6,-2.65,-0.62,0.07,0.67,0.21,-72.23,38.99,2
-1.28,-0.26,-0.9,-6.62,0.06,-8.48,-0.67,0.28,0.67,-1.31,10.61,5.49,2
-0.9,0.28,-0.04,-1.37,-23.96,-17.93,-0.9,0.07,0.52,-4.6,32.47,6.77,2
-0.87,0.31,0.4,-22.65,2.41,-16.04,-0.92,0.0,0.43,-10.76,5.34,22.53,2
-0.93,-0.04,0.18,-25.15,20.37,-2.68,-0.89,0.12,0.46,-1.37,-21.37,17.56,2
-1.1,-0.18,-0.19,-7.44,21.37,4.91,-0.83,0.18,0.56,0.79,-24.91,2.59,2
-1.11,0.0,-0.25,6.43,5.88,9.7,-0.85,0.17,0.57,2.41,-8.75,-14.85,2
-0.99,0.25,-0.09,9.51,-0.34,6.28,-0.85,0.11,0.54,0.37,-0.88,-13.14,2
-0.93,0.33,0.02,-3.38,4.05,3.54,-0.87,0.07,0.52,-3.78,-2.56,-1.74,2
-0.97,0.16,-0.06,-9.91,8.6,0.06,-0.87,0.07,0.49,-1.62,-5.73,5.34,2
-1.03,0.07,-0.1,-4.7,3.93,-1.37,-0.85,0.12,0.49,2.16,-1.4,2.53,2
-0.99,0.15,-0.07,-2.56,0.15,-2.59,-0.86,0.11,0.49,2.01,2.16,1.86,2
-0.99,0.18,-0.04,-7.04,-1.65,-1.95,-0.86,0.09,0.51,0.03,2.53,3.32,2
-1.0,0.14,-0.05,-8.96,-2.65,-1.25,-0.88,0.11,0.52,-1.89,5.18,2.26,2
-1.02,0.1,-0.06,-6.1,-3.38,0.24,-0.88,0.11,0.53,-0.76,4.27,-0.82,2
-1.01,0.1,-0.09,-4.27,-4.24,2.2,-0.87,0.12,0.54,-0.21,5.15,-2.9,2
-1.0,0.11,-0.09,-4.85,-5.4,3.84,-0.86,0.12,0.52,-1.19,7.65,-4.63,2
-0.99,0.1,-0.06,-3.17,-6.28,3.78,-0.86,0.12,0.51,1.16,9.42,-6.37,2
-1.01,0.1,-0.08,-4.33,-7.01,5.46,-0.84,0.12,0.51,3.72,10.15,-8.75,2
-0.99,0.12,-0.05,-2.77,-8.87,6.55,-0.87,0.11,0.52,4.7,14.63,-11.01,2
-0.98,0.11,-0.08,-2.71,-9.24,7.71,-0.85,0.12,0.5,-1.43,20.76,-9.88,2
-0.98,0.06,-0.05,3.14,-9.76,9.54,-0.85,0.11,0.51,-4.33,25.85,-9.18,2
-0.98,0.04,0.02,12.1,-7.9,10.21,-0.85,0.15,0.5,-7.71,32.84,-15.79,2
-0.94,0.12,0.08,18.2,-2.74,7.8,-0.86,0.13,0.46,-11.83,32.87,-21.49,2
-0.88,0.15,0.16,30.12,5.03,2.16,-0.88,0.1,0.37,-0.15,15.27,-24.94,2
-0.84,0.33,0.1,44.73,9.79,-9.91,-0.87,0.04,0.4,0.79,-4.7,-11.34,2
-0.89,0.33,-0.05,26.19,20.09,-17.62,-0.86,0.06,0.46,-9.05,-13.81,12.99,2
-0.96,0.25,-0.22,2.65,20.09,-20.46,-0.82,0.13,0.53,-12.68,-9.57,20.52,2
-1.02,0.12,-0.28,-18.75,15.34,-21.4,-0.83,0.1,0.53,-17.96,-0.12,23.2,2
-1.02,-0.0,-0.21,-23.02,7.68,-17.74,-0.88,0.09,0.51,-19.3,11.62,17.29,2
-1.01,-0.05,-0.15,-31.31,3.08,-10.67,-0.96,0.07,0.34,-4.12,7.2,5.91,2
-0.9,0.17,0.15,-10.91,3.78,-11.83,-0.9,-0.03,0.41,5.61,-26.16,12.29,2
-0.75,0.43,0.26,-10.73,17.01,-15.76,-0.92,-0.01,0.37,1.16,-27.87,25.4,2
-0.87,0.32,0.0,-43.38,32.62,-14.3,-0.82,0.01,0.52,-5.3,-55.82,38.93,2
-1.17,-0.08,-0.65,-57.99,14.79,2.5,-0.76,0.17,0.69,8.54,-15.88,20.12,2
-1.29,-0.28,-0.78,-29.6,-24.39,17.53,-0.73,0.19,0.78,1.59,19.39,-9.15,2
-1.26,-0.15,-0.42,8.84,-59.85,26.89,-0.84,0.15,0.74,15.85,50.58,-35.79,2
-1.23,-0.06,-0.18,21.52,-80.58,40.24,-0.91,0.12,0.57,17.62,89.33,-60.58,2
-1.25,-0.05,0.13,44.21,-76.37,47.16,-1.01,0.02,0.37,11.37,92.47,-75.88,2
-0.91,0.03,0.42,54.54,-46.68,54.27,-0.87,0.03,0.05,3.45,66.19,-74.15,2
1.38,-0.42,1.51,65.85,30.95,38.93,-0.7,-0.19,0.07,9.39,-48.11,-66.46,2
-0.77,1.2,0.58,110.27,77.74,-20.73,-0.98,-0.09,0.35,67.62,-115.67,-3.14,2
-0.89,0.4,-0.09,10.52,96.1,-18.66,-0.93,0.23,0.41,3.72,-131.89,36.49,2
-1.12,0.21,-0.49,31.8,78.78,-35.24,-0.82,0.04,0.6,-2.71,-86.49,44.09,2
-1.28,0.05,-0.57,18.72,57.1,-35.18,-0.88,0.2,0.64,-6.07,-50.46,46.49,2
-1.3,0.05,-0.43,-9.7,39.54,-33.87,-0.98,0.25,0.69,-35.79,-14.66,30.55,2
-1.16,0.02,-0.14,-23.45,29.02,-27.01,-1.06,0.03,0.55,-28.72,10.18,13.08,2
-1.02,0.22,0.16,-21.8,33.23,-18.87,-1.07,-0.04,0.41,-16.07,1.71,9.05,2
-0.81,0.34,0.29,-25.46,53.41,-25.0,-0.97,-0.03,0.29,9.97,-20.43,14.88,2
-0.74,0.29,0.2,-35.95,68.02,-28.69,-0.9,-0.15,0.15,15.09,-57.71,39.63,2
-0.77,0.18,0.03,-10.09,70.34,-31.55,-0.77,-0.11,0.43,13.9,-70.15,60.12,2
-0.83,0.03,-0.22,21.34,70.73,-38.84,-0.67,0.15,0.67,37.35,-58.57,47.8,2
-1.08,-0.17,-0.75,15.12,59.79,-31.8,-0.64,0.34,0.84,-1.55,-40.37,37.01,2
-1.12,-0.16,-0.82,4.85,39.45,-19.48,-0.66,0.28,0.85,-10.82,-19.63,5.91,2
-0.84,0.04,-0.45,10.58,28.11,-17.1,-0.67,-0.03,0.59,4.57,-25.43,17.47,2
-0.87,0.01,-0.53,49.12,10.88,-20.06,-0.57,0.2,0.68,13.87,-8.66,25.43,2
-1.02,-0.11,-0.63,43.81,-1.22,-16.16,-0.69,0.32,0.76,6.07,0.88,13.72,2
-1.07,-0.16,-0.59,24.51,-10.64,-6.59,-0.74,0.3,0.78,-3.11,11.4,2.8,2
-1.05,-0.11,-0.48,15.58,-18.32,1.13,-0.75,0.18,0.78,15.67,17.01,-11.34,2
-0.98,0.0,-0.37,18.38,-21.59,4.05,-0.76,0.17,0.65,11.92,15.58,-17.23,2
-0.93,0.1,-0.26,24.48,-21.62,4.6,-0.79,0.08,0.59,13.78,12.01,-14.51,2
-0.95,0.12,-0.24,29.76,-20.76,5.15,-0.81,0.1,0.58,9.54,13.02,-8.11,2
-0.97,0.1,-0.21,20.49,-17.35,6.46,-0.81,0.14,0.62,8.93,12.23,-9.57,2
-0.98,0.07,-0.24,6.74,-14.33,8.75,-0.78,0.14,0.61,-1.34,12.77,-10.7,2
-0.92,0.1,-0.17,-0.98,-8.96,8.81,-0.82,0.08,0.54,0.67,3.54,-11.62,2
-0.9,0.13,-0.14,1.95,-4.79,6.25,-0.8,0.1,0.55,0.09,-0.73,-6.43,2
-0.94,0.1,-0.25,-3.87,0.46,4.27,-0.78,0.16,0.6,-5.61,-1.19,-0.34,2
-0.97,0.04,-0.32,-12.38,0.95,3.51,-0.76,0.18,0.63,-7.65,2.07,-0.27,2
-0.97,0.01,-0.3,-10.58,-0.3,0.95,-0.78,0.14,0.61,-3.96,1.43,-1.52,2
-0.92,0.08,-0.2,-5.76,0.88,-1.28,-0.8,0.1,0.57,6.19,-4.76,2.84,2
-0.93,0.07,-0.27,-5.03,1.1,-1.59,-0.75,0.16,0.61,5.37,-5.3,6.04,2
-0.97,0.03,-0.37,-21.83,0.15,1.77,-0.74,0.21,0.63,-5.7,0.7,4.57,2
-1.0,-0.01,-0.4,-30.46,-5.18,4.18,-0.75,0.17,0.62,-13.72,10.95,0.73,2
-0.99,-0.02,-0.35,-29.94,-10.85,5.73,-0.77,0.16,0.61,-9.6,14.73,-0.52,2
-0.96,-0.01,-0.32,-23.35,-15.76,6.4,-0.76,0.15,0.59,-4.91,13.29,1.43,2
-0.97,0.01,-0.35,-22.29,-20.09,8.51,-0.77,0.21,0.65,-3.02,16.4,0.18,2
-0.98,-0.02,-0.45,-47.68,-23.6,16.46,-0.71,0.25,0.69,-3.38,19.66,-0.61,2
-0.96,-0.02,-0.41,-52.04,-31.07,18.38,-0.74,0.21,0.62,-2.93,24.97,-9.85,2
-0.94,-0.04,-0.35,-40.73,-43.78,18.35,-0.75,0.16,0.63,-3.45,31.8,-8.6,2
-0.92,0.11,-0.27,-42.01,-48.51,20.64,-0.77,0.16,0.56,7.32,27.04,-13.84,2
-0.97,0.12,-0.28,-53.57,-51.22,24.63,-0.79,0.18,0.63,-9.02,36.83,-17.5,2
-1.09,0.06,-0.34,-49.82,-63.78,31.22,-0.88,0.06,0.57,-4.3,43.17,-23.26,2
-1.13,0.05,-0.18,-19.94,-74.91,31.19,-0.92,0.06,0.55,13.05,60.55,-30.52,2
-1.2,-0.08,-0.2,-9.51,-91.28,41.25,-1.0,0.12,0.52,10.37,75.0,-46.46,2
-1.27,-0.13,-0.08,-0.46,-107.2,52.9,-1.06,0.11,0.49,4.36,116.4,-79.3,2
-1.17,-0.07,0.04,23.23,-118.29,65.21,-1.06,0.07,0.37,3.81,131.89,-89.76,2
-1.07,0.27,0.34,64.51,-100.91,45.82,-1.0,0.01,0.19,-7.35,124.45,-92.53,2
1.33,0.55,0.81,-34.42,-34.79,14.3,-0.53,0.01,-0.24,-45.95,46.25,-56.19,2
-0.52,0.32,1.39,60.7,41.8,0.88,-1.25,-0.3,-0.06,-3.6,-108.81,15.18,2
-0.83,1.15,0.44,14.05,111.37,-57.65,-1.0,-0.06,0.42,51.49,-160.61,63.14,2
-0.88,0.18,-0.53,-68.57,117.62,-54.18,-0.72,0.28,0.51,-20.88,-140.46,95.85,2
-1.25,-0.17,-1.02,-69.7,82.87,-54.54,-0.63,0.33,0.77,-20.4,-72.2,80.91,2
-1.45,-0.41,-1.07,-75.03,26.43,-37.96,-0.72,0.37,0.81,-18.05,-8.48,47.16,2
-1.43,-0.34,-0.73,-65.18,-8.48,-20.88,-1.04,0.21,0.56,-13.32,13.32,20.4,2
-1.0,-0.06,0.29,-23.6,-16.31,-21.07,-1.07,0.1,0.54,-23.41,-4.91,19.66,2
-0.65,0.41,0.51,3.96,-7.62,-25.15,-0.94,-0.07,-0.01,25.52,-11.65,23.72,2
-0.91,-0.05,-0.17,-12.68,-0.58,-12.96,-0.68,0.1,0.58,17.04,-4.18,21.71,2
-1.18,-0.05,-0.64,-1.13,-29.39,-3.84,-0.82,0.14,0.58,38.69,29.21,-7.71,2
-1.33,-0.09,-0.67,-4.57,-66.59,10.52,-0.87,0.14,0.83,11.77,66.98,-24.97,2
-1.38,0.02,-0.59,-1.49,-97.35,16.95,-0.95,0.15,0.76,16.46,103.81,-47.96,2
-1.38,-0.1,-0.32,8.66,-110.88,28.87,-1.02,0.04,0.59,1.68,121.04,-51.68,2
-1.07,-0.03,0.09,30.82,-110.79,48.35,-0.95,0.06,0.32,-1.59,118.81,-59.63,2
0.73,-0.32,1.82,67.96,-1.01,41.07,-0.57,-0.28,-0.13,1.77,-3.38,-84.82,2
-0.61,1.7,0.77,95.82,39.66,-33.6,-0.98,-0.09,0.47,33.72,-128.26,16.92,2
-1.09,0.46,-0.28,-67.32,75.7,-21.16,-0.81,0.1,0.42,-11.83,-107.77,40.82,2
-1.34,-0.28,-0.91,-44.3,31.25,1.68,-0.64,0.29,0.62,-6.49,-37.2,31.98,2
-1.12,-0.28,-0.49,21.1,-18.57,-11.77,-0.82,0.18,0.52,-5.88,24.66,10.43,2
-0.96,0.4,0.17,18.48,-28.57,-26.89,-0.98,0.11,0.43,-1.86,34.48,19.42,2
-0.89,0.27,0.41,-26.25,1.71,-22.71,-1.0,0.1,0.34,-7.32,6.62,30.67,2
-0.97,-0.08,0.14,-24.02,13.08,-10.12,-0.98,0.12,0.38,1.98,-13.54,25.09,2
-1.13,-0.31,-0.14,0.46,5.67,-2.74,-0.9,0.21,0.48,12.47,-11.49,2.5,2
-1.1,-0.1,-0.13,21.16,-8.84,5.37,-0.91,0.15,0.48,14.36,0.7,-16.43,2
-0.98,0.18,0.04,23.63,-11.1,6.13,-0.89,0.11,0.47,12.01,2.59,-16.86,2
-0.92,0.27,0.06,8.51,-5.49,7.41,-0.86,0.08,0.45,9.15,-0.95,-10.55,2
-0.94,0.18,-0.03,1.65,-2.59,2.99,-0.86,0.1,0.46,7.99,-2.44,-4.42,2
-0.99,0.13,-0.06,1.46,-5.37,0.03,-0.85,0.09,0.45,7.1,3.11,-2.65,2
-0.97,0.2,-0.01,-1.04,-6.71,-2.71,-0.87,0.11,0.48,3.48,7.47,0.27,2
-0.94,0.2,-0.0,-9.24,-5.21,-4.3,-0.89,0.1,0.45,0.09,6.4,5.03,2
-0.97,0.11,-0.02,-11.16,-3.38,-4.94,-0.86,0.09,0.45,-0.98,5.0,8.2,2
-0.98,0.08,0.02,-6.65,-2.84,-3.38,-0.87,0.1,0.44,-0.46,3.35,3.35,2
-0.97,0.09,0.03,-4.51,-1.8,0.3,-0.89,0.1,0.46,-0.55,0.24,0.4,2
-0.97,0.1,0.0,-5.06,-0.79,3.02,-0.87,0.11,0.45,-4.66,0.58,-1.68,2
-0.98,0.1,-0.01,-7.77,0.7,4.24,-0.87,0.1,0.45,-7.44,2.68,-1.37,2
-0.99,0.1,0.0,-7.26,-1.22,5.27,-0.87,0.12,0.44,-6.77,2.84,-1.19,2
-0.97,0.13,0.05,-0.09,-3.32,4.12,-0.89,0.12,0.41,-4.39,3.41,-1.1,2
-0.94,0.17,0.03,1.71,-3.96,2.56,-0.89,0.1,0.42,-3.11,4.73,4.39,2
-0.99,0.17,-0.03,-4.36,-3.81,0.21,-0.9,0.12,0.45,-4.73,7.8,9.21,2
-1.01,0.1,-0.0,-6.74,-5.95,-1.92,-0.9,0.14,0.44,-3.63,10.18,9.88,2
-0.99,0.05,0.03,-5.95,-6.37,-2.93,-0.9,0.15,0.4,-6.95,12.71,11.71,2
-0.96,0.08,0.11,-5.24,-4.45,-4.7,-0.86,0.12,0.41,-2.84,9.12,6.65,2
-0.91,0.04,0.17,2.53,-1.59,-4.39,-0.87,0.14,0.39,-12.68,9.51,7.84,2
-0.88,-0.0,0.22,41.89,8.08,-11.95,-0.9,0.11,0.31,10.43,-3.75,-4.85,2
-0.86,0.22,0.11,52.71,18.66,-21.34,-0.92,0.13,0.38,6.28,-12.84,1.01,2
-0.95,0.32,-0.03,27.99,23.32,-26.74,-0.85,0.16,0.44,-14.97,-11.55,21.65,2
-1.0,0.27,-0.12,-12.26,29.88,-29.15,-0.9,0.14,0.48,-22.68,-7.26,28.17,2
-1.05,0.03,-0.1,-52.32,29.6,-22.26,-0.89,0.17,0.48,-30.27,1.89,30.34,2
-1.09,-0.14,-0.14,-74.85,26.89,-11.16,-0.92,0.2,0.47,-28.72,16.74,18.2,2
-1.06,-0.15,-0.1,-82.04,19.79,-2.04,-0.99,0.15,0.27,-16.49,8.32,-2.04,2
-0.85,0.05,0.23,-40.85,15.91,-5.06,-0.86,0.01,0.37,-9.54,-17.84,6.55,2
-0.71,0.4,0.19,-30.67,27.65,-8.69,-0.98,0.0,0.29,13.2,-51.37,26.4,2
-0.87,0.21,-0.23,-62.56,28.2,-1.16,-0.72,0.2,0.56,-2.8,-25.67,30.15,2
-1.29,-0.28,-0.77,-74.15,1.65,16.62,-0.79,0.24,0.74,-13.78,-3.51,4.05,2
-1.33,-0.25,-0.64,-25.7,-42.41,27.65,-0.87,0.19,0.67,9.15,30.88,-24.36,2
-1.27,-0.12,-0.28,7.77,-75.55,34.79,-0.92,0.16,0.64,-1.16,68.2,-49.05,2
-1.24,-0.06,-0.12,18.11,-92.68,43.57,-0.97,0.09,0.47,3.69,102.93,-65.58,2
-1.21,-0.07,0.13,44.54,-85.4,51.07,-1.0,0.08,0.25,1.77,104.33,-75.34,2
-0.85,0.51,2.12,0.95,29.18,22.41,-0.67,0.05,-0.35,-8.17,62.32,-74.6,2
-0.0,-0.1,2.08,93.51,36.71,68.81,-1.16,-0.23,-0.03,0.52,-65.58,-31.98,2
-0.79,1.35,0.45,118.35,87.32,-49.88,-0.85,-0.06,0.21,93.66,-137.93,13.02,2
-0.96,0.19,-0.02,11.83,110.4,-40.0,-0.86,0.24,0.42,-8.57,-137.26,66.07,2
-1.04,0.01,-0.44,27.01,90.06,-44.57,-0.78,0.16,0.48,18.96,-98.32,42.38,2
-1.29,-0.06,-0.55,20.18,68.63,-38.14,-0.86,0.27,0.73,1.31,-64.6,37.41,2
-1.32,0.01,-0.51,-3.78,57.59,-32.2,-0.96,0.27,0.75,-35.12,-38.29,28.57,2
-1.25,-0.03,-0.26,-24.39,48.66,-19.15,-1.0,0.15,0.62,-40.58,-10.49,14.63,2
-1.1,0.05,0.02,-22.8,45.18,-12.59,-1.09,0.02,0.42,-22.71,-11.95,4.7,2
-0.94,0.22,0.15,-11.52,53.14,-14.94,-0.9,0.04,0.32,5.12,-15.09,4.82,2
-0.74,0.34,0.2,-43.87,67.71,-20.34,-0.92,-0.1,0.22,12.62,-44.48,20.64,2
-0.67,0.21,0.08,-31.68,70.82,-24.57,-0.71,-0.14,0.3,1.59,-66.68,61.43,2
-0.78,0.09,-0.19,8.84,69.85,-32.8,-0.61,0.15,0.57,22.41,-48.96,54.94,2
-1.01,-0.03,-0.44,16.52,65.52,-37.9,-0.75,0.22,0.77,3.9,-46.04,41.68,2
-0.98,-0.05,-0.53,-0.34,59.05,-32.04,-0.69,0.24,0.76,-4.91,-41.59,37.5,2
-0.88,0.03,-0.51,-3.45,53.93,-28.81,-0.67,0.19,0.75,-7.9,-38.87,36.31,2
-0.93,-0.13,-0.65,-9.57,43.9,-23.08,-0.63,0.22,0.75,-7.07,-34.57,34.88,2
-0.97,-0.17,-0.63,-4.02,27.56,-18.02,-0.61,0.29,0.72,-0.98,-22.41,21.59,2
-1.02,-0.18,-0.53,4.48,11.19,-13.02,-0.72,0.28,0.69,-2.38,-11.37,11.25,2
-1.03,-0.08,-0.44,9.42,3.11,-8.63,-0.79,0.2,0.68,5.61,-9.39,3.05,2
-1.0,-0.02,-0.33,10.95,1.07,-5.58,-0.8,0.21,0.65,2.44,-6.25,4.63,2
-1.0,-0.04,-0.32,0.55,1.8,-0.09,-0.8,0.25,0.62,0.0,-4.15,3.29,2
-1.03,-0.09,-0.34,0.0,-2.71,4.09,-0.8,0.24,0.61,-3.87,0.64,-3.14,2
-1.05,-0.06,-0.31,4.24,-7.23,5.37,-0.82,0.21,0.62,-1.68,3.99,-8.93,2
-1.02,-0.01,-0.27,5.46,-8.87,5.43,-0.83,0.22,0.61,0.67,4.88,-9.18,2
-0.98,0.04,-0.25,-1.8,-6.98,6.92,-0.81,0.2,0.58,2.59,2.68,-8.26,2
-0.95,0.06,-0.25,-6.62,-4.6,6.68,-0.77,0.21,0.59,-1.71,3.9,-3.29,2
-0.99,-0.02,-0.29,-4.21,-5.88,4.48,-0.79,0.23,0.6,-2.74,4.97,-2.44,2
-1.02,-0.05,-0.35,-1.16,-8.84,3.11,-0.8,0.22,0.65,1.86,8.29,-3.6,2
-1.0,-0.02,-0.32,4.7,-11.52,0.4,-0.77,0.22,0.64,2.32,9.48,-5.67,2
-0.95,0.05,-0.23,8.05,-11.52,-2.29,-0.79,0.19,0.59,4.54,8.38,-3.48,2
-0.96,0.05,-0.26,-4.18,-8.35,-0.79,-0.79,0.19,0.6,3.48,7.13,0.4,2
-1.0,0.02,-0.37,-17.2,-8.32,1.83,-0.78,0.2,0.64,1.95,8.51,-0.3,2
-0.99,0.01,-0.38,-21.52,-11.13,2.68,-0.75,0.2,0.64,-0.61,9.15,0.64,2
-0.96,-0.02,-0.41,-25.91,-16.13,4.63,-0.71,0.18,0.66,-4.05,13.93,3.45,2
-0.94,-0.05,-0.38,-21.83,-22.01,6.04,-0.7,0.21,0.66,-6.86,19.05,0.52,2
-0.94,-0.05,-0.37,-26.65,-26.43,10.06,-0.73,0.23,0.64,-11.49,21.89,-3.41,2
-0.93,-0.12,-0.4,-37.47,-30.58,15.95,-0.72,0.23,0.68,-17.32,23.48,-5.67,2
-0.96,-0.07,-0.42,-37.13,-37.87,20.98,-0.73,0.26,0.65,-12.68,26.92,-18.84,2
-1.03,-0.08,-0.47,-42.32,-49.15,26.52,-0.72,0.22,0.67,-12.32,41.43,-28.6,2
-0.99,0.01,-0.31,-30.79,-60.18,26.89,-0.79,0.19,0.62,-14.05,48.38,-31.22,2
-1.01,0.09,-0.28,-35.43,-68.66,31.62,-0.85,0.13,0.56,-7.29,55.76,-32.16,2
-1.05,0.04,-0.25,-37.96,-75.85,37.01,-0.91,0.11,0.48,-5.18,63.9,-31.1,2
-1.08,0.03,-0.17,-28.54,-82.53,40.15,-0.95,0.11,0.51,9.12,53.48,-34.91,2
-1.12,-0.03,-0.2,-24.76,-96.43,46.55,-0.94,0.13,0.49,10.52,75.4,-42.07,2
-1.25,-0.17,-0.17,-9.15,-111.98,53.54,-0.96,0.14,0.54,8.23,110.73,-65.0,2
-1.17,-0.15,0.08,34.82,-125.58,59.94,-1.02,0.06,0.33,14.3,140.21,-86.74,2
-1.06,0.14,0.45,70.18,-103.48,52.29,-1.04,0.08,0.23,5.82,116.37,-93.11,2
0.12,0.51,0.99,15.37,-13.81,26.65,-0.62,0.04,-0.21,-16.52,43.38,-69.91,2
0.11,0.02,1.76,55.21,49.91,50.61,-1.09,-0.21,-0.04,-29.15,-77.07,-10.46,2
-0.68,1.16,0.5,89.6,97.41,-58.29,-0.9,-0.22,0.31,86.43,-169.27,29.97,2
-0.71,0.35,-0.3,-2.04,121.65,-52.71,-0.89,0.15,0.49,-13.99,-158.84,86.13,2
-1.08,0.14,-0.94,-37.87,96.01,-50.7,-0.58,0.24,0.81,-40.4,-104.76,88.05,2
-1.37,-0.17,-1.24,-64.7,46.83,-41.16,-0.66,0.32,0.81,-16.77,-39.09,59.85,2
-1.5,-0.35,-1.04,-69.21,2.71,-29.94,-0.77,0.33,0.99,-44.76,3.63,48.96,2
-1.11,0.03,-0.2,-31.89,-13.57,-28.14,-1.05,0.13,0.7,-54.7,-8.72,39.3,2
-0.73,0.25,0.4,-48.48,-5.79,-20.24,-0.98,0.09,0.17,-10.46,25.18,33.32,2
-0.89,-0.11,-0.12,-91.59,-4.97,1.37,-0.71,0.21,0.48,-15.18,18.41,25.0,2
-1.11,-0.19,-0.56,-64.33,-27.38,11.22,-0.75,0.16,0.55,6.34,49.21,-5.06,2
-1.28,-0.16,-0.59,-42.2,-63.63,19.05,-0.86,0.17,0.74,6.77,80.12,-24.73,2
-1.3,-0.13,-0.36,-27.59,-87.87,28.02,-1.03,0.12,0.56,-1.86,90.09,-39.05,2
-1.28,-0.09,-0.11,-8.69,-97.65,37.53,-1.09,0.04,0.51,-1.16,95.79,-51.46,2
-1.15,-0.19,0.16,31.04,-99.57,51.28,-0.98,0.14,0.35,13.99,93.66,-64.91,2
0.62,-0.32,0.7,-3.63,-46.74,52.26,-0.91,0.23,-0.32,-11.74,28.26,-91.74,2
-0.6,0.82,1.12,181.98,23.23,55.79,-1.14,-0.36,0.09,57.07,-100.06,-30.12,2
-0.81,1.5,-0.14,-17.44,58.11,-33.38,-0.74,0.09,0.5,19.51,-106.13,29.97,2
-1.11,0.0,-0.71,-82.84,39.24,-25.21,-0.66,0.08,0.49,-7.96,-52.01,45.64,2
-1.15,-0.36,-0.42,-31.52,-0.58,-20.27,-0.79,0.15,0.49,-12.23,2.87,31.34,2
-1.02,0.06,0.05,17.8,-16.86,-22.65,-0.92,0.09,0.42,9.3,18.99,15.58,2
-0.9,0.34,0.24,0.09,-3.2,-22.13,-0.94,0.09,0.41,-0.12,8.78,24.09,2
-0.96,0.15,0.1,-28.63,7.47,-22.29,-0.91,0.07,0.47,-7.38,-5.21,33.54,2
-1.1,-0.17,-0.02,-25.0,8.84,-9.09,-0.96,0.15,0.48,-2.87,-5.37,16.52,2
-1.16,-0.22,-0.12,4.3,2.5,1.25,-0.94,0.17,0.53,3.32,-1.07,-4.45,2
-1.06,0.01,-0.06,15.4,-3.17,7.01,-0.92,0.13,0.5,5.52,1.55,-18.05,2
-0.96,0.2,0.02,8.69,-1.86,11.34,-0.89,0.1,0.47,3.11,-1.13,-17.59,2
-0.94,0.19,-0.02,3.29,0.37,11.43,-0.88,0.07,0.44,3.57,-2.9,-12.74,2
-0.96,0.16,-0.07,2.13,-0.7,7.32,-0.83,0.1,0.45,3.66,-0.85,-8.02,2
-0.97,0.16,-0.05,2.04,-4.45,3.48,-0.85,0.1,0.47,0.82,3.35,-5.34,2
-0.95,0.18,-0.0,0.06,-4.48,0.27,-0.88,0.09,0.48,0.06,3.96,-1.49,2
-0.94,0.16,-0.02,-3.66,-1.62,-2.35,-0.86,0.1,0.46,0.52,3.45,2.93,2
-0.96,0.09,-0.02,-6.1,-0.58,-2.96,-0.86,0.09,0.44,0.79,0.88,3.72,2
-0.97,0.06,0.01,-2.41,-0.85,-0.76,-0.87,0.1,0.43,2.99,-0.98,-0.06,2
-0.95,0.09,0.02,-0.7,0.3,1.71,-0.88,0.1,0.45,3.87,-3.05,-2.35,2
-0.97,0.1,-0.0,-1.74,1.92,2.32,-0.88,0.11,0.46,1.86,-3.51,-2.44,2
-0.98,0.06,-0.03,-0.88,1.98,3.54,-0.87,0.11,0.45,4.36,-1.98,-3.69,2
-0.98,0.06,0.0,3.54,2.04,4.88,-0.89,0.11,0.46,9.12,-1.16,-7.8,2
-0.97,0.07,0.03,6.92,5.88,5.37,-0.87,0.11,0.44,15.0,-1.74,-9.76,2
-0.96,0.09,0.07,7.2,11.59,4.6,-0.86,0.12,0.44,19.6,-2.9,-12.29,2
-0.93,0.11,0.11,4.7,18.29,2.29,-0.85,0.12,0.44,14.21,1.68,-11.01,2
-0.88,0.03,0.12,18.78,17.93,0.12,-0.87,0.09,0.39,8.32,-2.29,-7.26,2
-0.83,-0.01,0.15,68.35,22.26,-10.76,-0.87,0.04,0.33,20.95,-28.78,-10.3,2
-0.88,0.21,-0.07,115.64,24.18,-21.22,-0.88,0.07,0.46,24.3,-34.39,-6.28,2
-1.02,0.42,-0.24,104.7,23.87,-34.82,-0.88,0.14,0.57,3.78,-31.52,16.28,2
-1.05,0.42,-0.32,57.59,19.02,-43.32,-0.86,0.11,0.61,-9.51,-17.8,37.84,2
-1.1,0.26,-0.29,-5.06,14.24,-41.62,-0.9,0.16,0.62,-24.15,-1.55,47.84,2
-1.14,-0.02,-0.22,-53.63,11.25,-32.13,-0.89,0.16,0.58,-33.69,15.37,45.46,2
-1.1,-0.13,-0.14,-87.56,10.43,-19.51,-0.93,0.17,0.46,-24.97,24.51,20.85,2
-0.94,-0.05,0.08,-77.16,10.4,-11.34,-1.04,-0.02,0.29,-6.22,-31.46,16.34,2
-0.66,0.25,0.39,-22.96,19.36,-12.84,-0.8,-0.02,0.32,-7.16,-26.07,30.73,2
-0.79,0.36,-0.15,-80.21,33.08,-1.28,-0.73,0.21,0.47,-0.67,-26.77,31.13,2
-1.15,-0.29,-0.65,-109.82,21.65,18.48,-0.75,0.18,0.73,-22.04,-4.24,13.9,2
-1.3,-0.22,-0.73,-62.29,-19.48,29.85,-0.82,0.14,0.73,-1.46,22.93,-15.4,2
-1.32,-0.13,-0.47,-26.65,-54.94,36.22,-0.88,0.18,0.75,6.46,51.71,-30.52,2
-1.26,-0.09,-0.23,0.3,-82.99,44.05,-0.99,0.11,0.59,12.1,84.42,-56.4,2
-1.35,-0.15,-0.12,18.6,-95.43,58.48,-0.96,0.09,0.49,6.49,115.88,-73.17,2
-1.14,-0.11,0.24,57.13,-88.66,60.09,-1.05,0.08,0.25,6.07,103.78,-91.8,2
-0.19,0.44,1.21,5.12,-17.93,41.19,-0.55,0.2,-0.24,-27.96,49.15,-84.48,2
-0.71,0.62,1.57,138.57,45.3,75.3,-1.12,-0.32,-0.04,43.2,-74.05,-51.4,2
-0.79,1.43,0.33,119.54,80.43,-54.33,-0.84,0.02,0.34,84.27,-136.25,12.23,2
-0.86,0.3,-0.15,-1.01,105.61,-35.06,-0.82,0.24,0.5,-1.34,-127.93,62.77,2
-1.07,0.01,-0.54,22.71,82.84,-41.01,-0.72,0.2,0.58,-7.71,-89.05,50.64,2
-1.26,-0.07,-0.61,19.82,60.91,-41.31,-0.84,0.26,0.76,-4.33,-53.45,39.6,2
-1.29,0.02,-0.57,1.04,44.45,-37.68,-0.93,0.24,0.79,-44.09,-26.77,38.26,2
-1.22,-0.05,-0.25,-19.94,37.99,-26.77,-0.98,0.12,0.62,-46.95,-1.19,28.11,2
-1.01,0.16,0.3,-29.79,43.11,-17.99,-1.11,-0.0,0.38,-19.05,-2.04,6.28,2
-0.73,0.37,0.53,-39.66,72.62,-24.05,-1.04,-0.08,0.12,14.66,-43.29,8.2,2
-0.65,0.24,0.21,-48.57,87.32,-29.51,-0.85,-0.1,0.17,0.7,-67.47,46.95,2
-0.92,0.1,-0.26,-29.82,79.48,-27.5,-0.66,0.02,0.54,2.2,-65.61,49.76,2
-0.94,0.14,-0.22,18.11,72.84,-39.94,-0.77,0.06,0.59,11.46,-58.32,50.27,2
-0.87,0.06,-0.29,28.99,70.21,-47.47,-0.72,0.12,0.7,9.73,-47.56,59.15,2
-0.96,-0.17,-0.55,28.63,65.43,-41.59,-0.73,0.18,0.79,19.15,-53.93,44.18,2
-0.99,-0.19,-0.75,1.52,54.42,-24.3,-0.58,0.38,0.84,4.76,-39.42,24.18,2
-0.92,-0.08,-0.65,-6.46,41.71,-19.02,-0.6,0.19,0.67,-11.52,-34.48,17.9,2
-0.91,-0.08,-0.56,20.58,25.09,-20.4,-0.63,0.1,0.7,9.73,-18.45,19.82,2
-0.97,-0.06,-0.53,28.38,13.93,-20.43,-0.68,0.28,0.79,20.7,-14.6,14.97,2
-1.05,-0.17,-0.66,9.36,4.94,-11.71,-0.68,0.33,0.78,2.68,-8.38,10.21,2
-1.01,-0.1,-0.59,2.62,-3.32,-5.24,-0.69,0.25,0.78,3.96,2.01,-0.21,2
-0.96,-0.01,-0.43,1.89,-7.87,-2.59,-0.72,0.18,0.7,-0.03,5.27,-2.1,2
-0.92,0.05,-0.31,1.1,-7.23,-2.32,-0.76,0.14,0.62,-1.22,3.35,2.8,2
-0.96,-0.02,-0.3,7.74,-9.51,-1.98,-0.77,0.18,0.61,2.23,2.9,5.82,2
-0.99,-0.05,-0.38,1.52,-10.24,0.15,-0.76,0.24,0.66,4.73,5.34,0.76,2
-0.99,-0.06,-0.42,-12.96,-11.65,3.48,-0.72,0.27,0.67,-10.37,12.13,-2.07,2
-0.95,-0.03,-0.33,-14.57,-12.59,2.8,-0.74,0.23,0.65,-9.15,14.12,-4.15,2
-0.91,-0.0,-0.24,-8.72,-11.71,0.43,-0.76,0.15,0.58,1.1,6.07,0.7,2
-0.91,-0.02,-0.22,2.87,-11.43,-1.92,-0.76,0.2,0.61,7.99,4.48,4.88,2
-0.95,-0.09,-0.36,-5.76,-9.45,0.73,-0.73,0.27,0.67,8.9,3.02,1.1,2
-0.98,-0.11,-0.43,-14.36,-11.16,3.57,-0.69,0.28,0.67,-1.37,6.22,-4.24,2
-0.93,-0.02,-0.38,-5.91,-16.22,2.29,-0.72,0.18,0.63,6.07,6.37,-3.11,2
-0.9,-0.01,-0.3,10.52,-19.94,-1.04,-0.72,0.16,0.62,18.23,8.63,1.62,2
-0.98,-0.08,-0.4,13.11,-24.48,2.62,-0.73,0.28,0.67,20.88,10.4,1.8,2
-1.06,-0.19,-0.58,-14.09,-28.9,12.71,-0.69,0.35,0.78,20.52,18.11,-9.85,2
-1.06,-0.16,-0.58,-24.39,-38.54,19.09,-0.72,0.28,0.68,0.73,23.96,-22.38,2
-0.95,-0.02,-0.41,-16.65,-48.11,21.1,-0.68,0.2,0.66,2.29,38.6,-16.74,2
-0.94,-0.01,-0.37,-12.93,-53.48,23.48,-0.76,0.23,0.64,1.59,45.18,-18.54,2
-0.99,-0.12,-0.37,-29.7,-58.93,31.31,-0.73,0.27,0.66,-3.2,48.05,-27.71,2
-0.97,-0.06,-0.29,-32.59,-66.07,37.07,-0.81,0.23,0.59,-10.0,50.49,-37.59,2
-0.97,0.07,-0.22,-35.18,-69.05,40.15,-0.85,0.13,0.51,0.4,48.81,-40.21,2
-1.02,0.09,-0.26,-28.66,-73.87,42.38,-0.85,0.14,0.56,4.91,47.9,-38.26,2
-1.11,0.03,-0.31,-21.98,-86.22,49.24,-0.94,0.11,0.55,22.71,63.45,-41.4,2
-1.18,-0.06,-0.21,-1.49,-104.6,55.46,-0.96,0.15,0.55,25.24,77.68,-57.13,2
-1.22,-0.09,-0.13,0.43,-118.96,67.68,-1.04,0.18,0.51,20.91,103.38,-83.99,2
-1.16,-0.14,-0.07,20.55,-132.26,79.54,-0.98,0.11,0.47,11.98,133.99,-103.78,2
-1.02,0.17,0.23,63.17,-134.24,62.41,-0.99,-0.01,0.15,3.57,152.38,-111.25,2
1.22,1.02,1.29,-20.3,-57.44,15.58,-0.55,-0.11,-0.5,-40.67,70.79,-73.57,2
-1.06,0.3,1.77,115.85,39.05,-12.5,-1.28,-0.38,0.0,18.17,-132.8,6.16,2
-0.75,1.12,0.29,57.74,108.54,-50.67,-0.85,0.05,0.42,86.28,-171.22,62.71,2
-0.85,0.31,-0.57,-33.9,104.82,-56.1,-0.74,0.35,0.67,-15.58,-131.01,97.35,2
-1.26,-0.2,-1.08,-50.18,68.81,-53.99,-0.53,0.38,0.88,-21.74,-47.74,79.39,2
-1.39,-0.29,-1.16,-60.82,10.24,-46.4,-0.66,0.45,0.87,-34.57,32.93,45.06,2
-1.37,-0.34,-0.69,-73.17,-23.9,-30.09,-0.82,0.31,0.75,-47.32,69.45,22.96,2
-1.02,-0.02,0.2,-51.31,-25.52,-19.09,-1.12,-0.03,0.35,-10.58,5.15,19.3,2
-0.65,0.17,0.67,-30.27,-6.92,-11.52,-0.99,0.01,0.14,-0.88,8.99,24.97,2
-0.89,-0.0,0.12,-50.06,2.23,-0.82,-0.81,0.13,0.37,17.56,7.44,6.34,2
-1.17,-0.25,-0.41,-20.34,-22.32,14.91,-0.87,0.13,0.5,24.79,17.53,-18.11,2
-1.33,-0.08,-0.58,6.22,-56.1,25.76,-0.89,0.14,0.75,31.65,44.33,-36.89,2
-1.37,0.1,-0.48,9.21,-87.71,31.52,-0.93,0.16,0.75,25.4,79.85,-53.11,2
-1.34,0.02,-0.14,18.2,-97.87,34.27,-0.96,0.12,0.56,2.56,97.1,-58.45,2
-1.04,0.35,1.07,-16.74,-33.11,12.5,-0.85,0.33,-0.13,-40.27,54.85,-51.07,2
-0.69,0.27,1.63,152.53,4.02,27.74,-1.2,-0.57,-0.19,61.65,-107.29,-22.35,2
-0.99,1.3,0.12,-6.71,72.77,-5.09,-0.94,0.23,0.58,18.69,-115.7,25.09,2
-1.23,-0.23,-0.77,-61.92,54.73,6.65,-0.64,0.13,0.57,1.62,-63.6,24.94,2
-1.01,-0.42,-0.71,-2.07,3.9,1.59,-0.7,0.22,0.53,-5.64,5.09,0.37,2
-1.03,0.38,0.13,15.55,-15.15,-14.33,-0.94,0.06,0.48,1.43,23.51,1.62,2
-0.83,0.39,0.37,-14.63,0.24,-13.54,-0.96,0.05,0.36,-5.91,5.24,17.71,2
-0.96,0.08,0.15,-24.97,16.07,-9.73,-0.97,0.1,0.39,-2.68,-15.06,21.28,2
-1.16,-0.19,-0.1,-12.38,10.67,0.64,-0.92,0.2,0.52,3.6,-12.59,6.74,2
-1.15,-0.11,-0.14,9.02,-0.58,2.9,-0.94,0.18,0.51,6.46,-1.25,-11.16,2
-1.03,0.17,0.04,13.29,-7.01,6.59,-0.91,0.14,0.45,1.31,3.69,-14.12,2
-0.94,0.21,0.07,3.32,-1.55,8.84,-0.88,0.09,0.43,2.53,1.43,-11.1,2
-0.98,0.11,-0.02,-0.76,-2.23,9.12,-0.85,0.12,0.44,2.87,0.18,-10.06,2
-0.98,0.13,-0.03,1.49,-5.64,4.79,-0.87,0.12,0.46,1.95,4.54,-11.34,2
-0.96,0.23,-0.01,1.52,-8.23,-0.03,-0.86,0.11,0.46,1.65,6.86,-6.07,2
-0.94,0.21,-0.01,-7.29,-6.28,-3.87,-0.86,0.08,0.46,0.15,7.35,2.35,2
-0.96,0.12,-0.01,-9.21,-4.88,-5.18,-0.86,0.09,0.46,-0.15,7.99,4.54,2
-0.96,0.11,0.01,-7.77,-4.02,-4.24,-0.88,0.11,0.45,0.98,7.59,2.41,2
-0.97,0.11,0.0,-6.25,-2.68,-2.77,-0.89,0.09,0.46,0.18,4.3,1.59,2
-0.97,0.13,-0.01,-7.07,-2.26,-0.85,-0.87,0.1,0.46,-1.37,5.06,1.04,2
-0.96,0.12,-0.0,-8.66,-1.16,0.34,-0.89,0.08,0.45,-2.62,6.07,1.31,2
-0.96,0.1,0.0,-7.47,-1.31,1.59,-0.89,0.1,0.45,-1.59,5.64,0.85,2
-0.97,0.11,0.04,-6.31,-0.85,3.69,-0.88,0.1,0.44,-3.66,5.95,-0.21,2
-0.97,0.13,0.07,-3.54,-0.03,3.87,-0.89,0.1,0.43,-2.74,4.42,-1.28,2
-0.98,0.11,0.07,-1.19,1.37,3.54,-0.86,0.11,0.43,-7.13,9.27,0.88,2
-0.95,0.11,0.12,-1.01,4.05,4.02,-0.85,0.12,0.42,-10.79,13.2,-2.9,2
-0.9,0.09,0.19,14.09,10.18,2.35,-0.87,0.08,0.38,-8.38,7.87,-2.38,2
-0.87,0.21,0.18,35.18,21.62,-8.6,-0.89,0.0,0.35,3.11,-11.68,-2.41,2
-0.85,0.31,0.1,29.05,27.71,-16.07,-0.95,0.09,0.41,-5.09,-25.03,13.78,2
-0.95,0.25,-0.17,3.63,28.84,-22.23,-0.83,0.11,0.47,-19.66,-22.32,32.13,2
-1.07,0.13,-0.32,-15.98,21.19,-19.88,-0.83,0.2,0.57,-21.01,-5.82,30.4,2
-1.14,0.03,-0.32,-39.88,9.21,-15.46,-0.87,0.21,0.59,-30.58,14.97,22.68,2
-1.14,-0.06,-0.11,-48.32,1.52,-11.34,-0.93,0.2,0.53,-31.25,31.31,9.79,2
-1.03,-0.01,0.03,-52.8,3.51,-7.68,-1.05,0.09,0.3,-22.35,21.77,1.71,2
-0.84,0.19,0.32,-23.84,10.12,-14.05,-0.87,0.01,0.38,2.38,-25.06,13.84,2
-0.73,0.31,0.15,-20.98,16.13,-13.48,-0.86,0.04,0.23,-1.77,-13.35,22.96,2
-0.85,0.1,-0.22,-52.29,18.84,-3.96,-0.64,0.09,0.5,-0.76,-10.67,22.96,2
-1.04,-0.04,-0.45,-54.82,-3.23,8.45,-0.76,0.18,0.51,-9.73,19.7,12.07,2
-1.19,-0.03,-0.26,-35.7,-23.84,11.55,-0.91,0.15,0.68,-17.41,28.32,-5.43,2
-1.26,-0.05,-0.32,-19.79,-45.58,23.54,-0.97,0.15,0.65,-1.04,38.02,-16.71,2
-1.25,0.04,-0.2,0.03,-64.63,29.7,-0.97,0.13,0.56,6.04,69.18,-40.73,2
-1.28,-0.02,-0.01,10.49,-69.18,40.27,-1.0,0.08,0.39,-3.48,71.4,-48.84,2
-1.06,0.06,0.27,11.1,-56.13,49.42,-0.95,0.11,0.26,-17.23,67.04,-65.55,2
-0.06,-0.06,1.25,-5.46,21.34,25.58,-0.69,-0.1,-0.41,-33.32,-12.77,-78.78,2
-0.78,0.51,0.6,138.75,44.36,-7.77,-0.97,-0.14,0.33,36.1,-120.15,-2.01,2
-0.91,0.81,0.02,-5.0,91.07,-26.49,-0.84,0.36,0.52,3.05,-109.63,38.29,2
-0.96,0.12,-0.41,-25.43,85.34,-29.45,-0.69,0.14,0.48,-23.14,-86.59,54.73,2
-1.19,-0.13,-0.49,-24.15,72.13,-28.45,-0.77,0.38,0.63,-16.65,-48.72,50.37,2
-1.24,-0.22,-0.48,-25.0,51.25,-25.06,-0.91,0.33,0.61,-40.52,-21.68,30.52,2
-1.21,-0.18,-0.23,6.49,34.73,-23.17,-1.02,0.15,0.51,-27.35,0.46,8.9,2
-1.09,0.17,0.18,36.55,33.93,-26.65,-1.07,0.06,0.38,-10.15,1.8,5.91,2
-0.83,0.52,0.49,7.47,50.09,-33.48,-1.08,0.06,0.2,11.16,-19.09,17.01,2
-0.7,0.26,0.52,-49.39,82.59,-31.77,-1.0,0.01,0.06,-8.11,-48.26,48.08,2
-0.88,-0.05,0.18,-26.07,86.52,-28.26,-0.93,-0.05,0.26,14.73,-64.05,36.71,2
-0.98,0.08,-0.12,-3.38,89.97,-32.07,-0.98,0.02,0.42,26.74,-77.84,26.19,2
-0.99,0.28,-0.22,2.96,90.12,-33.05,-0.76,0.14,0.69,13.48,-75.58,50.91,2
-0.87,0.13,-0.32,5.88,89.94,-37.5,-0.69,0.17,0.71,15.43,-66.92,50.7,2
-0.85,-0.12,-0.43,19.09,82.5,-33.48,-0.65,0.13,0.64,-3.08,-62.77,45.61,2
-0.88,-0.17,-0.59,22.1,70.03,-26.46,-0.6,0.22,0.7,11.19,-52.9,25.37,2
-0.94,-0.11,-0.74,11.98,55.15,-17.47,-0.6,0.26,0.73,-4.12,-45.55,13.54,2
-0.91,0.0,-0.67,6.74,45.0,-11.59,-0.6,0.16,0.78,-0.76,-34.21,14.51,2
-0.96,-0.02,-0.62,24.09,31.25,-10.58,-0.64,0.19,0.83,9.24,-28.38,15.37,2
-0.99,-0.04,-0.58,16.43,24.15,-7.74,-0.7,0.27,0.75,-1.13,-22.16,9.27,2
-1.0,-0.03,-0.56,-9.76,18.87,-0.67,-0.73,0.28,0.73,-21.59,-12.87,3.78,2
-1.0,0.02,-0.52,-26.46,12.56,5.98,-0.74,0.21,0.73,-25.43,-2.47,-1.04,2
-1.01,-0.0,-0.49,-24.36,3.78,7.44,-0.77,0.12,0.65,-11.01,2.23,-2.16,2
-1.01,-0.01,-0.41,-11.59,-5.0,5.58,-0.77,0.2,0.68,-7.96,5.95,-0.52,2
-1.04,0.0,-0.45,-3.2,-11.25,3.96,-0.81,0.22,0.67,-13.57,10.37,-1.28,2
-1.04,-0.02,-0.46,-7.65,-15.58,5.85,-0.77,0.22,0.72,-8.87,16.77,-3.35,2
-1.0,-0.02,-0.37,-11.16,-17.32,6.55,-0.78,0.24,0.65,-10.73,18.2,-6.71,2
-0.97,-0.0,-0.31,-12.13,-17.71,6.86,-0.8,0.17,0.61,-5.55,18.05,-4.94,2
-0.97,-0.01,-0.3,-5.7,-20.76,6.49,-0.78,0.19,0.61,-0.37,17.56,-5.52,2
-0.98,-0.02,-0.35,-2.29,-23.35,6.77,-0.79,0.23,0.63,-0.73,18.69,-6.68,2
-1.01,-0.08,-0.42,-5.76,-26.83,8.78,-0.75,0.2,0.66,1.22,23.2,-11.37,2
-0.95,-0.03,-0.38,-8.51,-28.75,11.49,-0.78,0.16,0.6,2.32,18.05,-11.59,2
-0.93,-0.05,-0.37,1.68,-35.34,13.08,-0.71,0.2,0.65,9.76,25.85,-10.85,2
-0.96,-0.07,-0.5,-7.29,-39.27,17.5,-0.74,0.21,0.66,8.08,26.74,-15.64,2
-0.95,-0.09,-0.5,-11.55,-49.21,23.6,-0.68,0.27,0.67,10.37,33.38,-25.37,2
-0.92,-0.05,-0.43,-6.62,-60.37,26.4,-0.71,0.21,0.64,10.88,39.54,-30.67,2
-0.92,-0.04,-0.39,-0.7,-69.45,28.63,-0.73,0.16,0.64,16.22,42.93,-31.98,2
-0.93,-0.01,-0.34,2.96,-73.41,31.07,-0.76,0.2,0.6,22.41,44.57,-38.6,2
-0.97,0.01,-0.29,-4.12,-78.48,36.07,-0.8,0.19,0.57,19.94,54.18,-45.7,2
-1.0,0.13,-0.19,-5.24,-82.96,38.05,-0.92,0.11,0.5,17.16,58.51,-50.98,2
-1.01,0.12,-0.14,-3.93,-87.35,39.88,-0.92,0.03,0.49,30.61,48.11,-43.9,2
-1.04,0.15,-0.05,7.5,-87.8,42.93,-1.03,0.06,0.43,24.02,49.27,-41.86,2
-1.08,0.01,-0.09,3.96,-91.62,52.07,-1.01,0.16,0.49,38.11,57.1,-56.68,2
-1.19,-0.14,-0.15,19.63,-106.49,61.25,-0.96,0.11,0.49,30.06,96.92,-81.28,2
-1.15,-0.03,-0.03,59.51,-116.89,66.07,-0.98,0.06,0.41,34.57,113.9,-95.27,2
-0.87,0.28,0.37,103.14,-109.02,52.68,-0.99,0.09,0.19,28.32,106.46,-95.43,2
-0.4,0.67,1.36,84.15,-0.24,10.76,-0.64,-0.05,-0.21,7.9,35.98,-62.41,2
-0.15,1.27,1.27,53.29,39.12,21.01,-0.84,-0.11,0.3,33.14,-52.13,-26.8,2
-0.67,1.08,0.24,49.63,66.28,-58.72,-0.86,-0.19,0.41,32.99,-120.58,34.63,2
-0.95,0.44,-0.31,-30.37,84.7,-52.93,-0.76,0.25,0.59,18.48,-102.84,60.03,2
-1.16,0.18,-0.79,-64.15,53.38,-50.0,-0.73,0.2,0.76,-38.17,-47.23,67.68,2
-1.29,-0.1,-0.71,-96.62,27.23,-37.56,-0.83,0.28,0.71,-46.16,8.6,47.29,2
-1.27,-0.32,-0.41,-90.85,3.11,-15.49,-0.96,0.11,0.51,-51.98,36.49,25.7,2
-1.02,-0.08,0.2,-51.83,-3.78,-8.69,-1.08,-0.0,0.3,-19.02,12.23,8.72,2
-0.72,0.18,0.66,-19.85,8.9,-11.52,-1.03,-0.03,0.09,-10.55,-15.34,10.43,2
-0.68,0.33,0.34,-19.82,23.84,-18.54,-0.88,-0.06,0.24,18.96,-62.2,27.47,2
-1.02,0.1,-0.6,-29.21,8.72,-7.2,-0.64,0.19,0.58,25.61,-13.05,32.29,2
-1.29,-0.06,-0.92,-25.03,-24.12,1.04,-0.76,0.21,0.75,7.77,24.57,0.79,2
-1.23,-0.02,-0.45,6.43,-59.05,10.06,-0.98,0.13,0.61,7.44,60.37,-7.68,2
-1.18,-0.09,-0.03,24.21,-76.19,21.04,-0.98,0.13,0.57,16.13,76.43,-31.22,2
-1.26,-0.32,0.01,33.02,-90.52,43.38,-1.06,0.12,0.43,23.2,87.74,-61.8,2
-1.24,-0.19,0.07,72.07,-100.3,53.81,-1.11,0.03,0.3,39.54,80.79,-89.63,2
-1.06,0.28,0.38,103.72,-87.65,44.66,-1.03,0.02,0.18,31.68,72.59,-96.89,2
0.71,1.2,1.41,-11.89,19.7,-18.69,-0.59,-0.11,-0.25,39.39,-32.9,-90.82,2
-0.57,1.2,0.57,72.41,37.23,-29.09,-0.94,-0.25,0.35,55.91,-118.48,9.63,2
-1.04,0.53,-0.26,-75.0,69.85,-34.36,-0.89,0.13,0.55,-24.51,-82.68,56.95,2
-1.25,0.11,-0.79,-84.79,29.39,-34.66,-0.72,0.09,0.58,-3.05,-25.46,57.53,2
-1.27,-0.2,-0.58,-46.4,-17.62,-32.01,-0.85,0.22,0.51,-15.64,37.01,39.91,2
-1.09,-0.26,-0.03,8.99,-49.6,-27.71,-0.97,0.05,0.36,1.55,61.8,13.29,2
-0.89,0.14,0.28,20.55,-42.74,-20.55,-0.98,0.11,0.37,6.37,47.44,9.91,2
-0.85,0.21,0.36,-7.53,-17.77,-13.63,-1.0,0.05,0.37,-0.67,19.27,14.39,2
-0.95,0.02,0.17,-17.8,-1.89,-5.95,-0.95,0.07,0.39,4.24,-2.74,10.91,2
-1.0,-0.08,-0.03,-5.4,-1.74,-0.18,-0.86,0.11,0.45,10.85,-4.57,-3.84,2
-0.98,0.01,-0.08,7.77,-7.84,5.52,-0.84,0.11,0.45,8.41,5.91,-15.95,2
-0.93,0.13,0.01,13.63,-8.81,7.87,-0.86,0.07,0.43,8.75,7.13,-17.47,2
-0.9,0.22,0.1,13.96,-4.79,6.83,-0.88,0.07,0.42,7.53,3.2,-13.72,2
-0.88,0.22,0.12,8.05,2.35,3.81,-0.88,0.06,0.4,4.91,-4.02,-6.74,2
-0.91,0.19,0.05,4.66,6.25,0.88,-0.87,0.06,0.39,6.43,-10.34,-1.92,2
-0.94,0.17,0.02,0.7,6.59,-0.3,-0.88,0.07,0.41,4.33,-8.45,-0.27,2
-0.97,0.18,0.06,-0.34,6.16,-1.49,-0.9,0.07,0.4,0.21,-6.16,1.59,2
-0.98,0.17,0.08,-2.38,7.04,-2.62,-0.92,0.07,0.38,-2.53,-3.87,3.38,2
-1.0,0.14,0.1,-1.28,7.38,-2.5,-0.95,0.08,0.37,-2.84,-5.15,2.47,2
-1.01,0.13,0.09,-2.29,8.08,-1.62,-0.98,0.1,0.37,-1.77,-5.7,0.55,2
-1.03,0.07,0.07,1.31,5.24,0.58,-0.96,0.11,0.36,-5.91,-1.01,-0.46,2
-1.03,0.01,0.11,11.19,1.31,3.93,-0.97,0.13,0.35,-3.72,4.48,-3.78,2
-0.96,0.09,0.26,29.21,4.85,2.1,-0.97,0.06,0.33,10.88,-0.98,-14.05,2
-0.93,0.22,0.38,42.2,12.44,-6.83,-0.99,0.06,0.27,5.98,-9.79,-13.72,2
-0.9,0.23,0.4,51.31,22.23,-13.96,-1.01,-0.01,0.23,6.92,-23.6,-1.25,2
-0.91,0.16,0.37,70.67,33.99,-21.07,-1.04,0.01,0.2,17.65,-43.78,4.33,2
-0.95,0.25,0.24,79.97,41.8,-32.23,-1.03,0.06,0.3,24.02,-56.37,3.54,2
-0.98,0.38,0.1,55.18,49.15,-40.4,-1.05,0.08,0.39,10.09,-51.59,18.48,2
-1.03,0.38,-0.06,18.02,53.57,-44.48,-1.0,0.08,0.46,-16.22,-46.46,37.44,2
-1.11,0.26,-0.18,-25.88,51.95,-41.28,-1.0,0.07,0.49,-35.03,-33.84,49.57,2
-1.12,0.13,-0.21,-56.07,43.29,-37.87,-0.97,0.05,0.49,-38.63,-9.3,46.13,2
-1.08,0.02,-0.26,-86.71,34.54,-27.04,-0.85,0.06,0.48,-18.02,11.16,31.89,2
-1.19,-0.27,-0.47,-86.25,10.55,-10.0,-0.74,0.19,0.52,-10.61,33.96,15.55,2
-1.09,0.04,-0.38,-61.25,-9.66,-7.44,-1.08,-0.04,0.28,-2.5,5.46,7.16,2
-0.69,0.52,-0.2,-63.02,-16.62,-6.59,-0.35,0.04,0.74,31.65,47.16,68.81,2
-0.86,-0.19,-0.91,-83.23,-31.65,-4.18,-0.44,0.73,0.84,-46.62,57.1,55.98,2
-0.94,-0.84,-0.83,-131.4,-66.55,23.08,-0.5,0.3,0.76,-83.54,90.67,7.38,2
-0.88,-0.33,-0.6,-65.55,-105.55,29.7,-0.66,0.14,0.7,5.82,87.29,-25.03,2
-0.98,-0.03,-0.53,-30.7,-134.36,35.85,-0.74,0.1,0.55,3.96,114.94,-44.42,2
-1.01,-0.19,-0.22,10.09,-164.27,50.67,-0.88,0.15,0.33,-9.94,159.24,-58.38,2
-1.0,-0.22,0.39,34.82,-172.59,71.98,-1.08,0.08,0.14,-10.79,200.46,-97.26,2
-1.02,-0.26,0.95,66.01,-160.55,88.17,-1.41,-0.09,-0.1,8.35,195.7,-127.32,2
-1.02,-0.13,1.27,125.03,-115.7,98.63,-1.29,-0.1,-0.33,19.51,105.43,-123.14,2
-0.01,0.96,1.62,99.12,33.38,70.34,-0.67,-0.13,-0.46,63.48,-8.75,-121.28,2
0.89,0.61,1.87,57.04,90.55,21.04,-0.94,-0.17,-0.09,28.9,-136.37,-65.03,2
-0.74,1.07,0.63,91.65,147.2,-40.24,-1.13,-0.15,0.06,94.09,-238.26,-7.16,2
-0.88,0.99,-0.06,13.41,160.58,-70.88,-0.97,-0.03,0.32,43.84,-210.64,74.97,2
-1.0,0.16,-0.18,-32.13,146.71,-67.84,-1.01,0.07,0.33,-56.13,-161.55,108.17,2
-1.15,-0.13,-0.11,-32.68,121.74,-60.15,-1.06,0.04,0.29,-30.67,-117.99,67.8,2
-1.26,-0.19,-0.03,11.4,99.91,-56.95,-1.17,0.04,0.3,-14.82,-81.28,41.4,2
-1.22,0.01,-0.0,14.97,86.89,-46.83,-1.15,0.04,0.39,3.69,-58.6,31.8,2
-1.17,0.16,0.12,26.71,81.01,-48.6,-1.12,0.1,0.45,-0.55,-53.08,26.4,2
-1.01,0.33,0.12,26.55,85.43,-54.15,-1.11,0.09,0.37,9.05,-57.93,33.69,2
-0.89,0.32,0.03,8.02,94.66,-61.77,-0.99,-0.07,0.33,23.35,-63.41,55.49,2
-0.86,0.09,-0.13,-7.44,97.04,-54.76,-0.84,-0.04,0.36,8.05,-69.82,70.85,2
-0.87,-0.01,-0.32,-29.63,96.04,-43.6,-0.71,0.12,0.51,23.96,-61.37,51.4,2
-0.87,0.02,-0.22,-21.71,91.89,-42.87,-0.74,-0.01,0.51,18.48,-74.85,45.21,2
-0.79,0.02,-0.13,25.7,90.21,-49.51,-0.75,-0.03,0.65,51.46,-68.41,49.73,2
-0.77,-0.02,-0.33,50.46,94.82,-54.54,-0.69,0.19,0.72,61.04,-89.97,48.05,2
-0.81,-0.16,-0.78,2.47,96.28,-40.95,-0.57,0.44,0.77,38.51,-85.37,44.27,2
-0.87,-0.21,-1.07,-27.62,78.69,-26.34,-0.3,0.47,0.84,-25.73,-62.13,40.76,2
-0.81,-0.22,-0.88,-2.16,47.68,-27.87,-0.34,0.11,0.73,-21.52,-30.91,30.91,2
-0.77,-0.23,-0.67,47.41,17.84,-34.36,-0.43,0.08,0.71,37.56,-23.2,21.98,2
-0.8,-0.15,-0.69,40.82,4.3,-28.2,-0.46,0.47,0.75,37.47,-13.54,17.87,2
-0.87,-0.16,-0.77,11.77,-3.51,-18.32,-0.51,0.42,0.77,-9.3,2.26,12.84,2
-0.97,-0.16,-0.84,-13.6,-13.41,-8.6,-0.53,0.28,0.88,-31.68,21.92,9.91,2
-0.96,-0.16,-0.66,-9.6,-25.0,-6.68,-0.62,0.19,0.82,-12.56,27.23,5.55,2
-0.91,-0.09,-0.45,2.41,-34.54,-4.73,-0.68,0.17,0.62,5.85,27.23,1.25,2
-0.9,-0.08,-0.34,-0.12,-38.02,0.61,-0.71,0.26,0.59,4.97,31.92,-1.13,2
-0.91,-0.09,-0.43,-24.57,-36.74,7.84,-0.7,0.35,0.66,-10.15,35.52,-1.68,2
-0.96,-0.2,-0.62,-48.29,-41.37,15.67,-0.6,0.32,0.73,-28.81,45.43,-5.43,2
-0.92,-0.2,-0.64,-49.73,-50.98,18.6,-0.59,0.23,0.71,-24.66,52.41,-8.63,2
-0.87,-0.25,-0.59,-33.29,-65.88,20.73,-0.58,0.2,0.67,-3.26,57.5,-13.17,2
-0.86,-0.23,-0.59,-28.66,-79.85,27.71,-0.57,0.36,0.7,1.04,69.6,-23.02,2
-0.84,-0.23,-0.57,-40.55,-90.64,36.55,-0.6,0.4,0.63,-15.3,78.51,-29.82,2
-0.86,-0.32,-0.72,-58.51,-105.4,48.17,-0.59,0.24,0.67,-24.57,93.11,-39.48,2
-0.84,-0.3,-0.65,-39.02,-124.82,55.15,-0.6,0.23,0.69,-7.56,101.01,-54.82,2
-0.82,-0.24,-0.48,-23.38,-139.27,65.24,-0.67,0.2,0.65,0.06,101.71,-63.84,2
-0.89,-0.2,-0.31,-26.62,-146.34,80.76,-0.85,0.16,0.58,9.21,93.84,-76.52,2
-0.87,-0.08,0.11,-10.7,-148.05,92.07,-0.94,0.19,0.4,10.49,93.78,-93.48,2
-0.95,-0.06,0.28,-10.0,-144.42,104.6,-0.98,0.09,0.27,24.66,89.57,-102.96,2
-0.98,-0.03,0.41,14.85,-139.48,115.52,-1.15,-0.07,0.19,32.47,118.2,-136.98,2
-1.04,0.06,0.55,56.37,-140.7,122.74,-1.41,-0.07,-0.07,-12.38,178.99,-168.84,2
-0.97,0.45,1.0,106.86,-127.07,113.54,-1.43,-0.32,-0.24,7.26,205.58,-161.01,2
-0.74,1.2,1.54,102.41,-60.58,78.35,-1.29,-0.35,-0.41,16.71,89.42,-115.98,2
2.21,1.15,1.92,-96.4,76.98,35.12,-0.23,-0.57,-0.87,2.29,-70.79,-60.61,2
-1.22,1.9,1.34,75.46,133.48,-36.07,-1.37,-0.55,-0.1,64.88,-202.99,-12.93,2
-1.11,1.07,-0.1,0.85,142.77,-74.82,-1.1,-0.27,0.27,45.61,-233.2,74.39,2
-1.19,0.54,-0.58,-35.24,120.09,-82.07,-0.85,0.01,0.51,-9.27,-144.36,105.24,2
-1.2,0.21,-0.34,-50.64,82.74,-81.74,-1.03,0.04,0.47,-54.3,-79.82,114.82,2
-1.13,-0.04,-0.09,-59.85,67.77,-77.56,-1.21,-0.01,0.4,-46.07,-61.07,89.24,2
-1.17,-0.3,-0.05,-27.59,56.98,-64.15,-1.15,-0.02,0.31,-13.9,-51.4,72.47,2
-1.18,-0.18,-0.06,15.82,42.41,-52.93,-0.98,0.03,0.48,13.41,-45.76,55.4,2
-1.07,0.03,-0.35,16.1,26.34,-50.98,-0.77,0.18,0.58,23.66,-18.23,39.05,2
-1.04,0.02,-0.65,-19.88,8.2,-46.31,-0.7,0.22,0.54,30.76,-28.57,41.74,2
-0.87,-0.01,-0.61,-11.4,-15.09,-38.41,-0.39,0.11,0.7,16.19,17.13,42.59,2
-0.83,0.02,-0.65,-33.14,-32.68,-24.45,-0.51,0.26,0.66,6.59,46.37,38.69,2
-0.9,-0.17,-0.36,-52.23,-40.27,-12.9,-0.66,0.26,0.65,-23.84,57.29,14.91,2
-0.96,-0.39,-0.35,-34.36,-53.14,5.67,-0.75,0.03,0.61,-11.4,52.87,0.85,2
-0.96,-0.23,-0.46,-15.4,-67.87,25.21,-0.75,0.14,0.58,12.47,46.04,-21.74,2
-0.98,-0.11,-0.39,-2.62,-86.68,42.35,-0.73,0.21,0.5,10.67,67.68,-42.44,2
-0.97,-0.09,-0.15,-7.35,-103.26,60.52,-0.85,0.13,0.55,-5.61,100.43,-58.23,2
-1.06,-0.13,-0.15,-16.43,-115.55,75.4,-1.02,0.06,0.45,17.26,108.23,-86.62,2
-1.06,-0.14,0.0,9.09,-132.59,85.3,-1.02,-0.06,0.33,22.01,144.73,-111.89,2
-1.07,0.09,0.24,47.68,-138.78,85.76,-1.1,-0.08,0.19,36.86,170.58,-117.13,2
-0.82,0.6,1.08,75.7,-106.28,67.01,-1.13,-0.11,-0.14,16.13,138.17,-95.58,2
1.79,0.38,2.84,75.46,20.91,62.68,-0.97,-0.39,-0.91,34.18,-59.91,-87.16,2
-0.41,1.58,0.58,131.8,93.69,-38.2,-0.94,-0.49,0.15,115.88,-239.97,31.37,2
-1.22,1.11,-0.84,-50.34,118.38,-52.04,-0.73,0.09,0.67,34.88,-176.13,73.66,2
-1.5,-0.1,-1.21,-75.3,44.09,-29.79,-0.78,0.06,0.58,-1.8,-44.05,66.1,2
-1.43,-0.44,-0.63,-18.99,-34.7,-12.9,-0.85,0.11,0.46,-9.63,62.44,23.9,2
-0.91,-0.12,0.43,60.27,-60.34,-7.87,-1.07,-0.06,0.19,10.98,73.51,-16.55,2
-0.7,0.73,0.91,30.06,-20.43,-22.74,-1.2,-0.15,0.18,-0.27,17.35,5.18,2
-0.86,0.37,0.57,-26.92,21.8,-11.52,-1.09,-0.08,0.22,7.01,-29.88,19.39,2
-1.04,-0.01,0.01,-22.38,25.76,-0.91,-0.97,0.04,0.34,6.95,-36.55,8.08,2
-1.13,-0.02,-0.27,1.59,5.3,2.23,-0.91,0.0,0.43,9.85,-9.6,-8.29,2
-1.05,0.3,-0.14,5.95,-16.55,3.48,-0.92,0.02,0.43,0.46,20.4,-12.71,2
-0.88,0.44,0.18,-5.12,-13.9,0.12,-0.95,-0.05,0.33,-7.23,20.73,-0.49,2
-0.83,0.36,0.33,-17.99,-2.93,-1.95,-0.94,-0.04,0.28,-7.35,4.82,9.91,2
-0.87,0.15,0.22,-20.03,7.77,-3.81,-0.95,-0.01,0.32,-5.06,-6.59,12.07,2
-0.96,0.06,0.1,-10.24,7.84,-0.3,-0.91,0.05,0.33,-1.1,-7.62,3.48,2
-0.99,0.12,0.11,1.92,5.12,2.96,-0.93,0.04,0.37,5.0,-7.62,-5.09,2
-0.95,0.22,0.2,8.11,7.56,2.93,-0.95,0.04,0.34,5.79,-12.59,-6.4,2
-0.92,0.26,0.29,12.26,14.7,-0.79,-0.94,0.01,0.31,6.92,-21.07,-1.19,2
-0.86,0.23,0.37,15.95,27.5,-5.88,-0.96,0.04,0.28,14.94,-30.21,2.1,2
-0.81,0.21,0.34,24.85,41.49,-13.26,-0.95,-0.03,0.29,16.07,-48.87,17.26,2
-0.81,0.31,0.18,37.93,49.42,-25.67,-0.94,-0.03,0.32,18.57,-60.46,19.6,2
-0.88,0.35,-0.06,23.11,49.57,-32.47,-0.91,0.04,0.41,6.55,-55.95,33.81,2
-1.01,0.31,-0.28,2.65,42.5,-34.02,-0.78,0.12,0.5,-10.82,-40.18,45.55,2
-1.12,0.2,-0.36,-15.85,27.29,-33.96,-0.82,0.15,0.54,-23.14,-12.2,41.22,2
-1.14,0.07,-0.25,-39.6,15.88,-28.51,-0.92,0.12,0.54,-38.45,17.16,32.38,2
-1.13,-0.0,-0.04,-46.62,7.77,-21.16,-0.93,0.11,0.43,-40.67,32.77,18.02,2
-0.99,-0.02,0.2,-34.02,6.8,-18.78,-1.02,0.03,0.3,-28.75,32.16,-0.27,2
-0.93,0.01,0.19,-17.74,6.89,-15.27,-0.98,-0.03,0.26,-14.21,23.87,-4.6,2
-0.98,0.15,0.05,-3.14,2.96,-12.9,-0.92,-0.01,0.34,-7.44,22.68,-7.04,2
-0.95,0.24,-0.06,-1.59,-2.59,-11.55,-0.9,-0.01,0.33,-15.24,23.05,-8.75,2
-0.84,0.31,-0.02,-19.39,-3.08,-10.06,-0.97,-0.11,0.23,-14.66,3.81,10.06,2
-0.75,0.37,0.16,-32.44,-2.44,-7.1,-0.78,-0.05,0.32,-14.27,8.63,37.32,2
-0.95,0.1,0.09,-44.42,-0.88,-5.61,-0.91,0.12,0.46,-17.29,-7.68,33.72,2
-1.17,-0.06,-0.28,-59.39,-11.62,12.93,-0.89,0.17,0.52,-3.54,19.24,4.21,2
-1.14,0.03,-0.18,-48.02,-29.02,23.96,-0.93,0.04,0.49,-9.54,36.25,-12.5,2
-1.12,0.1,-0.09,-46.43,-49.7,36.19,-1.02,0.01,0.42,2.8,57.68,-25.43,2
-1.18,-0.11,-0.07,-14.39,-75.4,43.6,-1.02,0.0,0.34,9.85,74.82,-39.63,2
-1.17,-0.12,0.16,43.08,-90.91,47.77,-1.03,-0.03,0.26,23.81,94.39,-64.09,2
-1.11,0.26,0.52,68.81,-72.87,46.04,-1.09,-0.02,0.13,19.48,77.56,-76.62,2
-0.72,0.53,0.99,19.39,-6.07,35.91,-0.92,-0.08,-0.14,19.57,25.67,-75.09,2
1.23,-0.28,1.67,27.1,65.46,47.29,-0.84,-0.19,-0.02,5.82,-75.58,-60.15,2
-0.59,0.7,0.56,164.27,75.82,-46.68,-1.09,-0.22,0.2,90.0,-175.85,1.46,2
-0.87,1.0,0.26,89.54,114.3,-63.51,-0.98,0.02,0.36,75.34,-169.21,45.85,2
-0.88,0.13,0.09,47.32,112.07,-54.39,-0.93,0.15,0.17,-20.3,-150.06,71.4,2
-0.98,0.12,0.04,61.01,106.59,-62.29,-1.02,-0.05,0.29,10.15,-115.46,39.45,2
-1.04,0.17,0.07,59.09,103.66,-67.07,-1.05,-0.06,0.32,20.24,-102.38,39.57,2
-1.06,0.29,0.17,45.76,108.6,-70.95,-1.08,0.01,0.44,-10.88,-91.89,48.05,2
-0.94,0.33,0.16,17.99,120.06,-70.82,-1.19,0.01,0.42,-7.29,-94.91,58.84,2
-0.91,0.22,-0.01,-3.63,121.13,-68.51,-0.95,-0.08,0.37,5.46,-89.66,63.54,2
-0.9,0.2,-0.15,-16.71,123.78,-72.35,-0.77,0.03,0.52,-2.93,-81.65,70.27,2
-0.9,0.19,-0.39,-19.39,118.35,-75.58,-0.81,0.04,0.59,-1.55,-74.63,69.42,2
-0.88,0.25,-0.4,-47.62,119.7,-75.64,-0.82,-0.08,0.49,26.13,-99.18,65.06,2
-0.73,0.05,-0.21,-29.54,119.33,-75.15,-0.68,-0.03,0.63,58.17,-75.7,87.68,2
-0.68,-0.13,-0.41,18.35,116.16,-80.4,-0.52,0.18,0.77,53.48,-96.07,87.07,2
-0.71,-0.31,-0.82,-5.27,112.38,-69.05,-0.44,0.34,0.84,46.19,-91.68,68.81,2
-0.74,-0.44,-1.2,-16.31,88.6,-50.91,-0.06,0.43,0.92,23.9,-73.48,53.2,2
-0.74,-0.4,-1.37,-14.63,51.22,-37.47,-0.08,0.4,0.96,1.4,-40.46,42.99,2
-0.78,-0.37,-1.2,6.19,13.02,-30.76,-0.17,0.36,0.93,-0.58,-10.55,31.62,2
-0.84,-0.36,-0.95,21.49,-15.3,-23.99,-0.38,0.34,0.88,14.76,9.88,14.33,2
-0.92,-0.29,-0.81,18.32,-31.98,-13.51,-0.52,0.42,0.86,3.11,22.38,6.46,2
-1.0,-0.24,-0.78,3.78,-42.59,-4.12,-0.59,0.4,0.86,-16.55,34.82,-1.37,2
-1.02,-0.16,-0.7,-12.35,-50.4,5.34,-0.66,0.29,0.8,-25.67,48.35,-7.13,2
-0.99,-0.12,-0.51,-16.8,-56.25,10.79,-0.71,0.21,0.73,-19.66,56.01,-8.38,2
-0.95,-0.13,-0.42,-22.9,-59.45,16.19,-0.74,0.25,0.68,-13.32,56.13,-8.48,2
-0.95,-0.16,-0.42,-29.12,-61.01,19.97,-0.73,0.3,0.67,-12.62,56.74,-12.38,2
-0.94,-0.16,-0.45,-37.56,-63.96,25.3,-0.71,0.26,0.66,-13.69,59.76,-18.11,2
-0.9,-0.13,-0.53,-46.19,-69.7,29.09,-0.64,0.26,0.69,-19.48,63.11,-18.99,2
-0.91,-0.11,-0.47,-32.5,-78.84,27.5,-0.66,0.27,0.69,-19.33,69.21,-20.18,2
-0.9,-0.08,-0.43,-37.47,-83.23,28.99,-0.73,0.21,0.64,-7.87,73.05,-17.99,2
-0.95,-0.2,-0.5,-50.79,-92.13,36.59,-0.71,0.32,0.66,-18.05,81.1,-20.27,2
-0.93,-0.16,-0.42,-59.12,-102.1,42.44,-0.71,0.31,0.61,-26.01,89.51,-32.07,2
-0.84,-0.07,-0.18,-45.46,-109.36,40.7,-0.77,0.17,0.57,-37.04,91.62,-30.49,2
-0.93,-0.04,-0.09,-32.56,-111.98,42.07,-0.91,0.1,0.46,-19.42,89.82,-33.93,2
-0.92,0.1,-0.06,-41.65,-108.38,45.27,-0.91,0.14,0.47,-0.88,89.02,-33.11,2
-0.96,0.09,-0.06,-49.6,-107.13,46.77,-0.96,0.13,0.38,-2.13,82.56,-28.99,2
-1.13,-0.16,-0.15,-39.3,-119.02,54.12,-0.84,0.18,0.46,-13.75,101.19,-30.7,2
-1.11,-0.2,0.08,-23.9,-132.07,61.31,-1.11,0.17,0.4,6.74,113.17,-55.7,2
-1.16,-0.24,0.01,-11.89,-144.63,76.55,-1.09,0.11,0.32,2.16,143.14,-89.73,2
-1.09,-0.06,0.21,36.01,-152.71,79.42,-1.09,0.09,0.23,-3.81,174.02,-107.01,2
-0.88,0.21,0.6,59.33,-137.2,73.93,-1.07,-0.03,0.0,-23.99,175.34,-90.27,2
1.12,1.24,1.16,-34.09,-38.54,38.08,-0.54,-0.16,-0.47,-77.23,92.9,-43.84,2
-0.37,0.82,2.08,39.63,44.45,-18.32,-1.4,-0.22,-0.05,-10.21,-85.18,5.18,2
-0.6,0.83,0.76,47.16,118.54,-47.32,-1.06,-0.2,-0.13,43.87,-196.16,50.98,2
-0.81,0.26,-0.18,0.88,133.81,-56.74,-0.77,0.11,0.36,19.02,-175.82,70.09,2
-1.12,0.05,-0.56,-42.04,110.98,-59.51,-0.84,0.24,0.51,-25.98,-118.84,80.46,2
-1.29,-0.12,-0.7,-80.15,72.47,-49.51,-0.88,0.28,0.61,-27.68,-65.73,60.03,2
-1.41,-0.27,-0.66,-96.04,37.9,-31.52,-0.92,0.28,0.6,-12.56,-19.63,41.43,2
-1.29,-0.3,-0.4,-75.09,8.29,-15.79,-0.98,0.17,0.54,-17.56,-1.71,23.51,2
-1.01,-0.12,0.01,-25.49,-13.81,-11.92,-0.95,0.05,0.35,25.12,-1.16,13.48,2
-0.7,0.27,0.21,1.01,-14.12,-14.39,-0.78,0.07,0.24,20.4,14.6,18.32,2
-0.83,0.07,-0.19,-32.23,-16.65,-0.3,-0.64,0.18,0.45,-3.63,39.85,24.6,2
-1.14,-0.16,-0.46,-41.95,-33.69,12.1,-0.81,0.23,0.63,-9.94,62.93,-4.36,2
-1.22,-0.23,-0.32,-9.18,-59.76,22.87,-1.01,0.07,0.5,7.1,67.74,-29.3,2
-1.18,-0.07,-0.16,11.74,-82.32,33.38,-0.96,0.14,0.46,5.12,91.25,-43.63,2
-1.15,-0.14,0.01,23.87,-97.2,48.81,-0.98,0.1,0.43,7.41,108.11,-63.81,2
-1.09,0.03,0.18,43.87,-104.88,61.55,-1.12,0.06,0.24,12.04,113.78,-75.7,2
-1.11,0.22,0.52,52.9,-88.45,54.45,-1.05,0.04,0.15,-3.69,100.49,-78.48,2
-0.85,0.66,2.14,37.35,15.37,29.51,-0.72,-0.15,-0.45,3.84,49.88,-65.85,2
0.37,0.48,1.58,34.63,38.63,-3.41,-1.1,-0.41,-0.09,15.49,-109.02,-14.51,2
-0.97,0.88,0.21,30.24,74.15,-25.34,-0.88,0.11,0.43,57.87,-153.54,37.04,2
-1.2,0.15,-0.78,-77.84,72.62,-17.96,-0.69,0.25,0.65,-15.64,-101.25,61.98,2
-1.3,-0.19,-0.71,-46.37,19.73,-16.65,-0.79,0.15,0.51,-6.49,-14.33,28.87,2
-1.13,-0.24,-0.07,-0.61,-17.93,-9.18,-0.95,0.11,0.35,-26.04,29.91,14.15,2
-0.83,0.16,0.38,22.77,-16.16,-10.18,-1.02,-0.05,0.23,-8.41,22.16,-0.4,2
-0.83,0.33,0.48,1.77,8.87,-5.7,-1.02,0.01,0.28,-17.07,-11.52,12.65,2
-0.97,0.19,0.23,-30.73,28.66,3.78,-1.03,0.06,0.34,-17.38,-28.11,12.84,2
-1.11,-0.06,-0.06,-31.28,27.29,11.4,-0.99,0.13,0.41,-15.49,-26.37,5.61,2
-1.16,-0.08,-0.11,-10.34,10.64,15.43,-0.96,0.14,0.43,-11.95,-10.91,-7.68,2
-1.05,0.11,0.03,4.12,-1.25,14.91,-0.94,0.11,0.37,-12.01,4.21,-12.87,2
-0.94,0.25,0.2,4.15,-2.56,10.91,-0.98,0.06,0.28,-10.73,3.66,-9.02,2
-0.91,0.24,0.28,-3.96,4.54,6.1,-0.99,0.05,0.27,-9.36,-4.82,-0.95,2
-0.96,0.13,0.21,-6.52,8.35,2.77,-0.96,0.06,0.27,-3.96,-8.69,-0.37,2
-0.99,0.11,0.1,-3.84,6.92,1.8,-0.93,0.09,0.31,-0.76,-5.4,-2.87,2
-0.98,0.15,0.09,-2.8,2.9,0.58,-0.92,0.1,0.34,-3.81,3.93,-3.51,2
-0.96,0.16,0.18,-0.3,3.41,-2.9,-0.92,0.09,0.32,-6.8,10.06,-1.74,2
-0.91,0.1,0.3,14.21,8.6,-8.05,-0.93,0.08,0.25,-7.53,2.41,0.76,2
-0.86,0.11,0.35,32.44,20.12,-15.3,-0.95,0.1,0.23,1.25,-17.2,-1.74,2
-0.82,0.17,0.29,40.15,34.88,-23.48,-0.94,0.04,0.28,6.1,-39.24,7.38,2
-0.86,0.23,0.16,47.59,40.46,-30.37,-0.91,0.07,0.32,5.61,-54.85,15.7,2
-0.92,0.27,0.02,44.7,45.64,-38.66,-0.9,0.1,0.39,-3.05,-56.86,27.07,2
-0.97,0.21,-0.03,37.04,47.96,-46.07,-0.99,0.05,0.43,-8.48,-57.07,37.68,2
-1.02,0.03,-0.06,35.24,44.24,-47.04,-0.98,0.04,0.41,-12.56,-54.73,44.12,2
-1.09,-0.1,-0.06,37.62,36.62,-41.71,-0.94,0.1,0.48,-1.95,-51.59,33.99,2
-1.11,-0.01,-0.2,18.2,29.85,-35.46,-0.86,0.16,0.49,5.79,-32.29,19.76,2
-1.12,0.02,-0.22,-9.02,20.85,-26.95,-0.87,0.18,0.53,3.35,-15.73,14.45,2
-1.04,0.16,-0.21,-30.85,16.77,-20.88,-0.88,0.06,0.49,10.15,-31.16,18.84,2
-0.92,0.15,-0.12,-36.86,12.9,-13.11,-0.73,0.1,0.49,-5.73,-6.86,33.54,2
-0.85,0.03,-0.17,-67.84,12.44,-2.29,-0.81,0.12,0.43,-7.62,-10.24,30.21,2
-0.9,-0.24,-0.2,-66.37,4.27,10.85,-0.68,0.23,0.5,-13.96,11.77,11.31,2
-0.95,-0.19,-0.28,-66.46,-7.59,23.48,-0.69,0.23,0.6,-12.93,24.57,-11.16,2
-0.99,0.02,-0.32,-63.2,-19.05,31.07,-0.78,0.16,0.58,-10.34,39.54,-23.87,2
-1.11,0.13,-0.36,-75.34,-32.68,35.55,-0.85,0.14,0.6,-13.84,57.23,-25.21,2
-1.16,-0.11,-0.31,-59.54,-51.83,40.34,-0.88,0.1,0.56,-19.85,74.73,-29.57,2
-1.15,-0.11,-0.19,-28.66,-71.77,45.73,-0.92,0.06,0.52,-4.27,89.45,-46.65,2
-1.18,-0.1,-0.07,-9.79,-86.65,54.09,-0.98,0.09,0.42,-6.43,114.27,-64.3,2
-1.12,-0.08,0.19,22.87,-92.29,64.09,-1.04,0.01,0.23,-2.23,114.42,-77.99,2
-0.98,0.19,0.57,53.84,-76.89,55.46,-1.07,0.02,0.07,0.06,94.76,-83.14,2
-0.64,0.68,2.02,20.0,23.81,31.98,-0.82,-0.06,-0.34,-6.37,33.23,-69.02,2
-0.05,0.29,1.69,54.36,56.16,-2.35,-0.99,-0.27,-0.18,-7.32,-81.34,-27.41,2
-0.81,0.72,0.72,105.85,96.16,-43.17,-1.1,-0.2,0.07,87.41,-175.79,32.59,2
-0.75,0.38,0.14,51.74,117.71,-52.44,-0.95,0.18,0.35,44.63,-177.99,64.91,2
-0.97,-0.11,-0.06,66.92,106.52,-60.43,-0.92,0.17,0.3,0.7,-147.07,61.98,2
-1.16,-0.21,-0.11,107.56,89.88,-62.26,-1.05,0.12,0.37,39.02,-122.2,34.94,2
-1.2,0.07,-0.14,121.95,82.32,-73.17,-1.05,0.08,0.52,58.93,-99.82,22.59,2
-1.14,0.27,-0.05,80.73,79.39,-69.15,-1.07,0.15,0.56,30.21,-91.77,33.51,2
-1.09,0.32,0.0,22.77,87.56,-65.88,-1.07,0.12,0.53,-0.88,-75.0,49.09,2
-1.04,0.29,-0.04,-3.26,90.91,-62.5,-1.01,0.03,0.43,-6.1,-59.54,50.49,2
-0.89,0.32,0.11,-26.86,106.95,-66.77,-0.91,-0.07,0.4,3.81,-53.78,50.55,2
-0.83,0.28,0.16,-41.19,121.62,-65.76,-1.01,-0.09,0.43,-8.26,-72.2,64.88,2
-0.73,0.19,-0.03,-44.94,135.73,-66.59,-0.93,-0.13,0.37,25.03,-108.66,61.49,2
-0.71,0.1,-0.26,-31.34,135.24,-67.26,-0.7,-0.28,0.36,18.45,-111.34,72.04,2
-0.76,-0.02,-0.44,16.34,126.55,-74.42,-0.57,0.02,0.82,93.54,-103.29,71.04,2
-0.73,0.06,-0.58,32.38,122.77,-87.56,-0.63,0.49,0.89,95.0,-111.8,74.6,2
-0.72,-0.33,-1.26,-45.34,114.3,-71.07,-0.22,0.56,0.9,24.82,-87.1,80.67,2
-0.72,-0.57,-1.37,-45.76,81.95,-54.45,-0.02,0.56,1.06,-27.93,-56.71,68.96,2
-0.71,-0.52,-1.27,-7.84,44.48,-51.37,-0.07,0.3,1.0,-15.76,-36.77,55.27,2
-0.74,-0.49,-1.06,20.09,14.66,-44.88,-0.21,0.34,0.93,25.18,-16.68,34.21,2
-0.82,-0.41,-0.96,24.42,-5.98,-31.55,-0.34,0.5,0.85,10.34,0.34,20.98,2
-0.88,-0.39,-0.87,6.52,-19.91,-16.1,-0.45,0.47,0.91,-17.99,17.47,16.59,2
-0.94,-0.36,-0.74,-5.88,-27.62,-6.31,-0.54,0.37,0.88,-17.9,24.3,6.77,2
-0.92,-0.29,-0.58,-11.43,-31.04,0.34,-0.62,0.33,0.8,-10.7,25.27,-0.09,2
-0.93,-0.28,-0.56,-14.85,-34.57,7.23,-0.63,0.36,0.73,-17.01,29.66,-4.15,2
-0.95,-0.29,-0.55,-11.43,-40.09,12.77,-0.63,0.37,0.76,-18.45,37.2,-9.12,2
-0.93,-0.28,-0.6,-23.23,-44.05,20.0,-0.62,0.38,0.79,-15.61,43.63,-11.89,2
-0.9,-0.27,-0.55,-29.7,-47.2,23.93,-0.6,0.37,0.75,-15.21,47.26,-16.83,2
-0.87,-0.27,-0.53,-30.03,-52.77,26.95,-0.59,0.33,0.69,-14.3,48.08,-17.53,2
-0.9,-0.28,-0.63,-32.74,-61.52,32.71,-0.55,0.37,0.75,-7.23,57.71,-22.59,2
-0.88,-0.25,-0.61,-32.65,-70.67,35.79,-0.56,0.37,0.77,-12.77,68.17,-31.13,2
-0.88,-0.24,-0.59,-29.54,-80.73,39.63,-0.59,0.3,0.73,-17.38,72.26,-29.3,2
-0.87,-0.25,-0.62,-34.63,-90.3,46.22,-0.59,0.29,0.74,-11.8,80.61,-35.52,2
-0.87,-0.23,-0.51,-34.63,-100.0,51.8,-0.65,0.29,0.7,-11.16,83.32,-43.63,2
-0.84,-0.16,-0.42,-40.03,-106.62,58.78,-0.66,0.32,0.65,-13.63,89.97,-48.2,2
-0.83,-0.06,-0.38,-58.75,-105.95,64.63,-0.74,0.22,0.63,-30.21,93.72,-50.58,2
-0.86,-0.12,-0.24,-54.12,-110.52,66.8,-0.77,0.22,0.57,-33.23,87.59,-55.06,2
-0.96,-0.13,-0.24,-49.36,-117.23,71.65,-0.85,0.08,0.52,-11.92,95.79,-67.23,2
-0.96,-0.02,-0.2,-36.04,-122.29,73.72,-0.84,0.15,0.54,1.01,98.9,-75.3,2
-0.96,0.11,-0.05,-29.76,-127.68,77.1,-0.93,0.15,0.48,-3.6,107.93,-81.65,2
-1.02,0.02,-0.02,-41.95,-131.62,82.35,-0.93,0.09,0.41,3.14,108.11,-82.56,2
-1.02,-0.12,0.11,-15.82,-141.37,86.52,-1.07,-0.06,0.31,12.71,132.8,-105.52,2
-1.03,0.07,0.36,11.37,-138.17,89.3,-1.14,-0.01,0.2,15.03,144.27,-115.34,2
-0.89,0.29,0.61,44.45,-122.84,76.04,-1.19,-0.12,0.0,16.49,130.85,-110.3,2
-0.74,0.59,0.94,61.04,-68.78,38.57,-1.05,-0.05,-0.01,8.26,78.69,-83.81,2
1.16,0.69,1.67,11.68,4.45,1.95,-0.48,-0.12,-0.27,-2.1,-24.3,-66.19,2
-0.87,1.01,1.18,106.19,90.64,-34.76,-1.26,-0.44,0.01,59.12,-148.14,4.63,2
-0.67,1.11,0.33,61.74,124.73,-78.84,-1.02,-0.13,0.31,56.49,-187.93,73.66,2
-0.86,0.38,-0.35,-6.68,130.49,-82.32,-0.8,0.16,0.42,-5.67,-158.84,109.42,2
-1.11,0.14,-0.66,-47.8,104.48,-77.16,-0.79,0.15,0.58,-16.65,-112.23,109.42,2
-1.3,-0.21,-0.79,-83.69,73.41,-65.12,-0.81,0.18,0.65,-12.56,-59.12,88.26,2
-1.43,-0.52,-0.84,-67.23,30.49,-41.62,-0.89,0.22,0.65,-3.51,-31.16,58.78,2
-1.39,-0.35,-0.44,-13.93,-3.93,-25.06,-0.86,0.17,0.78,2.74,-8.41,30.52,2
-1.04,0.02,-0.05,7.74,-18.96,-18.69,-0.97,0.17,0.41,11.59,3.29,16.68,2
-0.85,0.11,0.02,-12.1,-18.35,-7.53,-0.79,0.14,0.43,-1.71,25.3,11.59,2
-0.96,-0.03,-0.23,-39.73,-24.42,5.12,-0.76,0.17,0.58,-10.95,37.29,0.12,2
-1.12,-0.16,-0.56,-38.63,-45.79,20.34,-0.77,0.14,0.61,8.38,60.09,-19.3,2
-1.18,-0.17,-0.57,-31.4,-73.69,32.84,-0.88,0.15,0.63,4.85,69.6,-33.05,2
-1.15,-0.06,-0.39,-16.77,-100.88,44.39,-0.84,0.16,0.63,6.46,93.6,-54.7,2
-1.1,0.01,-0.12,-12.93,-115.37,52.32,-0.9,0.07,0.52,-0.43,120.0,-66.19,2
-1.04,-0.0,0.11,7.04,-118.05,51.83,-1.0,-0.04,0.33,21.22,130.4,-77.65,2
-0.99,0.11,0.42,44.57,-107.71,46.4,-1.03,-0.02,0.19,5.46,123.14,-73.72,2
0.94,0.36,1.31,-20.37,-76.16,21.49,-0.82,0.18,-0.54,-24.66,33.51,-72.68,2
-0.36,1.25,1.25,157.13,29.94,8.84,-1.06,-0.54,0.04,52.77,-118.14,-17.77,2
-0.91,1.24,-0.01,-26.07,86.34,-33.87,-0.8,0.15,0.65,4.02,-132.04,50.15,2
-1.21,0.07,-0.76,-76.31,64.3,-29.85,-0.7,-0.0,0.54,1.74,-82.01,53.32,2
-1.37,-0.25,-0.8,-45.12,15.49,-22.41,-0.8,0.22,0.57,-15.61,-2.84,34.15,2
-1.14,-0.24,-0.11,21.98,-25.37,-19.05,-0.94,0.01,0.4,-0.24,32.07,12.01,2
-0.9,0.38,0.37,16.62,-16.65,-14.66,-1.03,0.03,0.31,0.55,24.3,12.07,2
-0.8,0.35,0.47,-18.87,8.69,-9.54,-1.02,-0.01,0.26,-9.09,-6.34,22.84,2
-0.97,0.01,0.27,-24.82,21.65,-6.65,-1.01,0.04,0.33,-2.77,-28.84,19.97,2
-1.13,-0.16,-0.03,-3.69,18.57,-1.31,-0.96,0.1,0.42,5.61,-25.0,0.88,2
-1.13,0.02,-0.21,7.93,3.57,8.99,-0.94,0.11,0.5,6.25,-7.32,-13.6,2
-1.05,0.2,-0.06,10.4,-6.19,9.36,-0.92,0.07,0.46,-0.09,8.02,-15.4,2
-0.94,0.29,0.15,2.84,-5.79,5.85,-0.95,0.03,0.37,-0.7,7.9,-7.53,2
-0.93,0.22,0.16,-5.52,0.43,0.27,-0.95,0.03,0.35,2.53,-2.96,1.52,2
-0.98,0.14,0.09,-3.45,0.15,-2.74,-0.92,0.07,0.38,5.03,-3.29,2.1,2
-1.01,0.13,-0.01,-6.43,-2.68,-2.01,-0.91,0.07,0.4,3.72,3.6,1.77,2
-1.01,0.13,0.02,-7.13,-6.68,-1.52,-0.91,0.07,0.41,2.9,9.33,0.95,2
-0.97,0.15,0.12,-5.15,-6.98,-1.98,-0.93,0.07,0.39,0.91,9.27,0.34,2
-0.96,0.16,0.14,-4.3,-3.72,-1.77,-0.92,0.07,0.39,1.8,6.13,-0.91,2
-0.96,0.14,0.15,-5.52,0.7,-1.34,-0.92,0.08,0.38,2.23,2.35,-2.44,2
-0.95,0.11,0.2,-4.05,5.88,-2.13,-0.91,0.1,0.35,1.83,3.84,-1.8,2
-0.9,0.12,0.3,3.29,17.87,-6.13,-0.93,0.02,0.31,0.73,-1.68,-3.57,2
-0.84,0.17,0.31,14.57,29.88,-13.87,-0.92,0.04,0.31,4.73,-16.98,4.02,2
-0.82,0.2,0.26,24.82,42.35,-23.96,-0.92,0.09,0.29,-0.37,-34.73,11.77,2
-0.86,0.23,0.14,28.99,48.45,-28.96,-0.93,0.05,0.34,-0.52,-48.14,24.02,2
-0.93,0.19,0.02,27.77,51.37,-35.09,-0.97,0.01,0.4,-5.91,-55.4,37.77,2
-0.99,0.17,-0.15,12.56,50.98,-39.76,-0.88,0.11,0.46,1.25,-51.52,44.73,2
-1.06,0.11,-0.19,-3.96,45.82,-41.52,-0.86,0.2,0.53,-8.14,-37.2,43.81,2
-1.08,0.01,-0.21,-19.27,39.09,-38.87,-0.92,0.15,0.56,-16.89,-29.45,38.81,2
-1.1,-0.09,-0.24,-21.89,29.85,-34.02,-0.87,0.15,0.52,-9.51,-16.95,29.66,2
-1.08,-0.08,-0.31,-27.96,17.62,-26.46,-0.85,0.17,0.55,-2.41,-3.35,19.73,2
-1.06,-0.18,-0.5,-44.21,-0.79,-10.4,-0.87,0.09,0.37,8.29,-6.74,13.87,2
-0.9,0.0,-0.18,13.51,-19.63,-10.61,-0.64,0.04,0.63,18.99,11.31,17.65,2
-0.71,0.36,0.09,-4.42,-16.04,-6.4,-0.78,0.21,0.39,0.4,14.24,27.84,2
-0.96,-0.15,-0.29,-66.71,-18.51,13.93,-0.74,0.23,0.51,-25.73,34.54,6.71,2
-1.17,-0.31,-0.41,-33.9,-40.82,27.62,-0.85,0.05,0.59,-5.58,44.05,-20.79,2
-1.2,-0.13,-0.47,-23.48,-63.17,43.72,-0.91,0.21,0.64,13.84,58.54,-43.02,2
-1.24,-0.22,-0.36,-21.19,-90.12,58.99,-0.9,0.19,0.66,-8.29,92.99,-59.97,2
-1.19,-0.22,-0.19,-7.71,-109.97,77.13,-1.01,0.09,0.47,7.62,124.85,-87.01,2
-1.15,-0.17,0.19,39.63,-121.31,86.34,-1.03,0.04,0.28,7.99,145.3,-111.65,2
-0.89,0.22,0.75,69.82,-92.9,79.7,-1.08,0.01,0.05,1.49,122.74,-114.36,2
0.31,0.61,1.6,-24.15,-10.61,57.68,-0.7,0.05,-0.44,-22.13,31.52,-92.93,2
-0.84,0.63,1.74,148.6,70.06,70.34,-1.27,-0.39,-0.26,58.02,-121.22,-47.41,2
-0.83,1.23,0.51,144.6,95.82,-53.81,-1.0,-0.18,0.19,87.8,-187.5,18.08,2
-0.86,0.54,-0.02,27.65,123.14,-43.81,-0.89,0.23,0.33,14.24,-158.96,63.48,2
-1.13,0.06,-0.09,41.49,101.68,-56.83,-1.05,0.12,0.32,-15.52,-119.09,61.83,2
-1.22,-0.01,-0.0,40.4,92.62,-61.52,-1.13,0.11,0.34,7.53,-85.98,45.95,2
-1.22,0.01,0.14,40.09,90.95,-64.3,-1.14,0.17,0.44,12.35,-72.41,35.58,2
-1.08,0.17,0.23,31.28,93.75,-64.91,-1.22,0.1,0.38,5.43,-69.57,36.86,2
-0.93,0.33,0.26,16.89,107.77,-62.07,-1.1,0.03,0.35,8.63,-75.27,44.24,2
-0.83,0.47,0.19,-13.75,126.68,-70.52,-0.96,-0.09,0.33,18.96,-70.49,62.96,2
-0.76,0.14,-0.02,-27.07,135.61,-69.21,-0.83,-0.1,0.28,11.31,-86.01,84.21,2
-0.75,0.03,-0.15,-13.26,134.51,-66.28,-0.76,-0.12,0.4,27.8,-100.91,70.91,2
-0.74,-0.03,-0.32,11.74,130.55,-67.74,-0.66,-0.07,0.68,46.98,-97.77,62.53,2
-0.76,0.07,-0.5,43.23,126.37,-70.06,-0.58,0.15,0.77,54.6,-117.04,65.91,2
-0.58,-0.01,-0.62,32.68,130.67,-68.32,-0.47,0.13,0.79,63.84,-109.3,64.79,2
-0.66,-0.21,-0.92,26.74,118.78,-59.7,-0.29,0.35,0.92,52.71,-106.22,60.12,2
-0.75,-0.45,-1.25,-2.1,96.98,-44.05,-0.06,0.51,0.93,17.13,-81.43,43.96,2
-0.77,-0.39,-1.27,0.82,65.09,-33.72,-0.19,0.43,0.94,-12.23,-56.31,30.3,2
-0.75,-0.31,-1.12,13.84,33.17,-29.51,-0.23,0.23,0.9,-5.4,-28.99,23.69,2
-0.79,-0.27,-0.98,39.27,7.62,-26.55,-0.32,0.28,0.9,25.0,-16.62,15.24,2
-0.84,-0.26,-0.9,32.44,-7.62,-21.04,-0.41,0.45,0.89,22.47,-2.26,9.09,2
-0.88,-0.27,-0.85,7.5,-18.05,-10.18,-0.48,0.44,0.86,1.43,9.76,5.55,2
-0.92,-0.27,-0.77,-6.16,-27.96,0.0,-0.51,0.41,0.87,-8.57,23.75,-3.57,2
-0.96,-0.24,-0.72,-15.64,-37.62,7.62,-0.58,0.32,0.82,-6.71,32.16,-7.26,2
-0.97,-0.22,-0.65,-17.29,-47.8,12.26,-0.61,0.29,0.77,-13.75,41.8,-12.41,2
-0.99,-0.25,-0.7,-22.65,-58.29,18.38,-0.61,0.34,0.78,-11.8,53.17,-14.45,2
-0.97,-0.25,-0.73,-33.78,-68.75,24.91,-0.58,0.44,0.84,-14.51,68.51,-19.33,2
-0.92,-0.2,-0.6,-40.82,-76.89,27.04,-0.61,0.4,0.72,-28.66,76.19,-22.68,2
-0.83,-0.21,-0.51,-34.88,-86.1,28.08,-0.61,0.18,0.65,-27.47,82.41,-19.33,2
-0.88,-0.2,-0.5,-21.46,-94.82,31.55,-0.66,0.27,0.68,-3.38,86.98,-27.41,2
-0.92,-0.23,-0.61,-44.63,-102.29,40.0,-0.62,0.42,0.73,-13.38,93.81,-33.57,2
-0.85,-0.13,-0.51,-55.24,-109.57,44.85,-0.68,0.26,0.64,-34.42,98.08,-40.64,2
-0.8,-0.12,-0.39,-53.96,-115.55,47.93,-0.68,0.15,0.64,-35.91,103.08,-36.4,2
-0.83,-0.15,-0.32,-45.55,-121.52,51.16,-0.73,0.24,0.58,-26.52,98.9,-40.3,2
-0.97,-0.19,-0.29,-37.74,-130.73,56.31,-0.83,0.2,0.52,-17.99,102.5,-50.12,2
-0.95,-0.06,-0.21,-37.47,-137.74,61.46,-0.87,0.14,0.5,-19.54,112.1,-58.84,2
-0.92,0.06,-0.26,-43.08,-143.29,66.28,-0.88,0.13,0.52,-6.07,111.04,-57.84,2
-0.93,0.07,-0.04,-34.63,-147.23,66.77,-0.88,0.11,0.37,4.39,110.21,-48.57,2
-1.0,-0.05,0.08,-25.06,-155.27,71.22,-1.03,-0.01,0.42,4.85,132.59,-52.32,2
-1.07,-0.14,0.18,0.18,-162.84,79.73,-1.09,0.18,0.32,-8.23,174.39,-79.91,2
-1.03,-0.06,0.57,51.22,-163.6,86.52,-1.18,-0.06,0.07,-14.51,228.54,-107.23,2
-0.8,0.53,1.25,79.09,-123.38,61.71,-1.23,-0.14,-0.22,-20.73,179.54,-96.04,2
1.22,1.22,2.08,-77.47,49.36,1.01,-0.43,-0.29,-0.89,-26.43,30.67,-50.24,2
-0.47,0.18,1.78,86.16,85.09,0.82,-1.41,-0.39,-0.35,-5.0,-181.43,22.53,2
-0.81,0.83,0.42,99.05,146.31,-67.71,-1.06,-0.09,0.15,117.96,-240.73,57.62,2
-0.94,0.58,-0.53,-11.52,142.8,-82.65,-0.79,0.32,0.48,32.5,-193.29,100.7,2
-1.24,-0.1,-0.97,-67.16,96.95,-71.07,-0.75,0.34,0.68,-48.78,-100.49,103.9,2
-1.4,-0.28,-1.05,-93.38,39.7,-50.52,-0.8,0.27,0.71,-19.18,-19.51,65.43,2
-1.5,-0.51,-0.86,-90.61,-9.24,-30.24,-0.95,0.28,0.58,-14.91,17.87,41.86,2
-1.28,-0.34,-0.24,-55.03,-39.94,-14.12,-0.97,0.18,0.59,-11.71,46.13,17.71,2
-0.87,-0.01,0.21,-46.01,-39.73,-2.5,-1.04,0.05,0.19,-11.04,47.65,10.91,2
-0.7,0.27,0.38,-40.85,-30.24,0.58,-0.92,0.01,0.22,-5.4,35.03,14.45,2
-1.02,0.22,-0.12,-64.3,-30.18,10.49,-0.84,0.15,0.44,-14.24,45.49,14.3,2
-1.27,-0.3,-0.4,-43.96,-55.79,21.1,-1.01,0.07,0.4,1.77,60.76,-14.48,2
-1.25,-0.18,-0.28,-0.95,-85.34,35.21,-1.02,0.09,0.57,20.61,73.81,-33.57,2
-1.24,-0.05,-0.21,11.62,-110.15,42.13,-1.05,0.15,0.46,17.01,107.01,-60.0,2
-1.17,-0.03,0.13,42.8,-123.23,46.43,-0.93,0.05,0.26,-20.27,128.6,-61.25,2
1.54,-0.35,1.18,-1.92,-76.19,43.66,-0.94,0.1,-0.56,-40.95,28.2,-81.98,2
-0.38,1.02,1.33,136.52,21.77,-1.55,-1.0,-0.37,0.24,62.35,-156.31,8.99,2
-1.03,0.73,-0.13,-68.57,90.21,-24.88,-0.84,0.23,0.53,-1.37,-125.85,46.8,2
-1.39,-0.39,-0.95,-78.32,46.52,-1.83,-0.64,0.2,0.56,1.4,-50.49,34.21,2
-1.25,-0.45,-0.43,9.33,-10.52,2.68,-0.83,0.21,0.38,-11.49,22.47,2.74,2
-0.94,0.39,0.38,25.49,-29.18,-18.57,-0.99,0.04,0.29,0.21,30.55,8.2,2
-0.76,0.42,0.65,-26.89,5.67,-11.52,-1.04,0.04,0.17,-17.93,-0.43,22.35,2
-0.95,-0.0,0.38,-30.34,22.93,-3.51,-1.02,0.11,0.23,-3.38,-30.67,22.87,2
-1.11,-0.24,-0.01,-13.48,18.63,1.19,-0.94,0.18,0.36,3.69,-23.93,7.44,2
-1.15,-0.08,-0.14,5.18,-1.98,4.88,-0.92,0.23,0.43,2.35,1.86,-11.01,2
-1.04,0.15,0.15,13.57,-11.77,4.6,-0.97,0.16,0.38,-0.79,9.3,-13.9,2
-0.94,0.22,0.27,4.15,-5.49,4.6,-0.96,0.12,0.32,-0.37,0.64,-5.91,2
-0.93,0.1,0.19,-0.24,1.4,2.01,-0.92,0.11,0.32,2.41,-5.06,-3.45,2
-0.98,0.08,0.08,3.14,-1.01,-0.37,-0.9,0.12,0.34,5.91,-0.55,-2.96,2
-0.97,0.14,0.07,1.95,-4.24,-3.81,-0.91,0.1,0.33,3.66,5.67,-1.13,2
-0.95,0.15,0.12,-2.65,-6.31,-3.84,-0.96,0.1,0.34,2.56,9.18,1.34,2
-0.93,0.14,0.18,-7.2,-4.18,-3.81,-0.95,0.08,0.32,0.27,5.91,2.56,2
-0.95,0.08,0.19,-4.66,-1.92,-3.38,-0.94,0.1,0.3,0.4,1.31,0.85,2
-0.96,0.07,0.14,-3.99,-0.21,-0.91,-0.93,0.1,0.34,-1.25,1.25,-0.4,2
-0.98,0.09,0.11,-3.81,-0.52,0.95,-0.92,0.11,0.34,0.0,2.8,-3.32,2
-0.97,0.11,0.15,-3.48,-0.85,1.19,-0.94,0.11,0.32,2.26,4.21,-4.12,2
-0.97,0.09,0.15,-2.29,1.28,1.34,-0.92,0.12,0.32,3.32,4.36,-4.05,2
-0.96,0.08,0.18,-0.98,3.66,1.86,-0.92,0.13,0.31,0.91,9.63,-5.46,2
-0.94,0.11,0.22,1.1,6.95,1.4,-0.9,0.13,0.32,-7.1,14.36,-6.92,2
-0.89,0.13,0.26,9.63,10.85,-0.46,-0.91,0.06,0.29,-9.21,10.98,-7.71,2
-0.85,0.18,0.37,26.16,22.1,-11.95,-1.05,0.09,0.24,-6.1,-15.09,4.6,2
-0.82,0.24,0.34,42.35,34.09,-22.65,-0.94,0.07,0.27,14.6,-40.43,17.68,2
-0.82,0.29,0.25,33.48,49.15,-34.09,-0.93,0.11,0.29,8.63,-58.29,35.24,2
-0.86,0.24,0.09,22.23,55.4,-42.8,-0.9,0.1,0.34,0.58,-63.26,45.73,2
-0.95,0.13,-0.04,4.33,56.71,-45.98,-0.92,0.12,0.4,-11.43,-58.08,54.3,2
-1.01,0.02,-0.1,-8.84,50.27,-43.14,-0.86,0.17,0.42,-15.27,-43.87,49.3,2
-1.0,-0.05,-0.18,-24.6,40.67,-36.19,-0.89,0.18,0.43,-16.55,-31.1,38.87,2
-1.03,-0.1,-0.3,-55.82,29.7,-22.07,-0.81,0.2,0.49,-19.05,-10.46,30.43,2
-1.06,-0.09,-0.31,-77.29,15.73,-7.77,-0.86,0.15,0.36,-0.61,-6.92,15.61,2
-1.0,0.02,-0.06,-60.52,4.36,-6.25,-0.92,0.16,0.55,-9.66,11.25,15.91,2
-1.09,0.05,-0.07,-79.97,2.68,3.51,-0.97,0.2,0.54,-17.04,9.27,23.81,2
                                                                                                                                                                                                                                                                                                                                                                                                                                                                                                                                                                                                                     