-0.51,1.39,-0.66,-120.79,180.67,-150.91,0.61,-0.42,-0.69,251.71,-121.13,-43.69,4
-0.69,0.2,-0.99,-131.01,46.1,-203.51,0.34,-0.45,-0.0,231.04,-128.32,55.58,4
-1.11,-0.85,-0.66,-78.87,-92.59,-160.34,0.31,-0.98,0.49,144.79,-69.66,145.18,4
-0.83,-1.56,0.21,45.85,-181.22,-49.82,-0.38,-0.93,0.36,-24.36,-16.8,175.34,4
0.09,-1.38,1.18,104.48,-132.41,179.12,-0.77,-0.63,0.12,-217.77,74.27,49.42,4
0.25,-0.37,1.69,35.43,36.25,343.93,-0.76,-1.23,-0.02,-290.03,53.48,-166.34,4
-0.48,2.16,1.0,-140.61,189.82,195.79,-0.07,-1.24,-1.45,-71.55,-82.68,-270.95,4
-0.77,2.04,-0.24,-109.57,232.44,-5.18,0.8,-0.86,-0.7,139.36,-148.48,-158.48,4
-0.49,1.16,-0.78,-112.87,151.92,-164.09,0.58,-0.35,-0.71,240.76,-116.19,-22.99,4
-0.68,0.15,-1.05,-135.95,17.8,-176.31,0.49,-0.39,-0.05,190.37,-153.29,64.79,4
-1.04,-0.7,-0.72,-70.88,-104.15,-137.59,0.44,-0.88,0.44,122.56,-85.7,145.64,4
-0.77,-1.63,0.35,-2.16,-168.14,-19.36,-0.45,-0.89,0.48,-15.46,-53.93,156.16,4
-0.11,-1.94,0.88,-66.04,-174.63,231.62,-0.6,-0.63,0.3,-224.79,-70.46,72.01,4
0.2,-0.25,2.0,-45.98,-54.91,390.85,-1.12,-1.39,0.22,-347.99,-22.13,-120.55,4
0.12,1.62,1.9,-47.44,157.74,281.71,-0.26,-1.22,-1.01,-181.98,-59.05,-250.55,4
-0.39,2.03,0.37,-120.18,265.52,82.56,0.12,-0.79,-1.02,119.7,-124.05,-245.95,4
-0.38,1.43,-0.56,-104.91,227.99,-127.29,0.65,-0.4,-0.77,242.5,-145.58,-94.85,4
-0.51,0.43,-1.07,-112.16,101.31,-214.3,0.36,-0.31,-0.18,260.0,-132.47,11.83,4
-0.91,-0.75,-0.93,-108.17,-48.84,-178.84,0.46,-0.7,0.53,195.15,-134.6,107.53,4
-0.98,-1.73,-0.2,-21.52,-153.41,-76.25,-0.08,-0.88,0.66,34.42,-70.15,171.83,4
-0.5,-1.75,0.87,-40.18,-182.35,149.88,-0.94,-0.95,0.56,-159.12,-45.03,115.09,4
0.25,-0.75,2.06,-37.56,-59.6,332.38,-0.9,-1.14,0.09,-296.16,22.01,-67.53,4
-0.05,1.47,1.7,-48.35,156.52,248.51,-0.52,-1.23,-0.56,-186.71,-40.49,-238.26,4
-0.33,1.86,0.38,-142.07,262.77,104.24,0.38,-0.88,-1.07,107.41,-140.27,-253.35,4
-0.51,1.53,-0.65,-106.8,245.7,-81.1,0.51,-0.53,-0.77,223.14,-148.69,-144.54,4
-0.59,0.88,-1.03,-106.49,119.02,-188.51,0.6,-0.34,-0.56,237.13,-118.9,-10.95,4
-0.78,-0.12,-0.87,-64.48,-31.25,-207.74,0.35,-0.56,0.17,198.11,-65.55,107.56,4
-1.06,-0.98,-0.53,-25.43,-147.04,-139.85,0.26,-0.98,0.48,94.54,-33.78,176.59,4
-0.7,-1.68,0.63,75.82,-184.33,16.55,-0.37,-1.01,0.56,-73.41,15.91,163.41,4
0.12,-1.17,1.57,54.66,-102.47,266.8,-0.73,-0.89,0.05,-270.85,66.46,20.88,4
0.09,0.57,1.71,-77.62,67.5,346.68,-0.81,-1.2,-0.07,-278.69,-13.57,-192.23,4
-0.23,1.94,0.88,-87.71,260.95,181.4,0.1,-1.17,-1.22,-35.43,-24.3,-300.76,4
-0.56,2.12,-0.58,-140.3,278.11,-14.09,0.61,-0.66,-0.88,167.13,-138.08,-211.19,4
-0.5,1.44,-1.18,-139.82,172.74,-178.14,0.85,-0.3,-0.77,262.9,-146.01,-53.08,4
-0.51,0.19,-1.27,-150.12,28.51,-214.09,0.63,-0.29,0.04,244.94,-176.98,60.37,4
-0.77,-0.72,-0.96,-139.7,-89.18,-179.66,0.32,-0.59,0.47,179.73,-127.01,133.72,4
-0.68,-1.69,-0.18,-46.13,-180.43,-73.63,-0.09,-0.71,0.72,61.55,-90.95,196.49,4
-0.41,-1.96,0.83,-66.16,-192.71,151.86,-0.95,-0.9,0.71,-145.43,-81.22,135.52,4
-0.11,-0.99,1.9,-104.88,-97.96,336.28,-1.08,-1.3,0.43,-304.7,-31.89,-30.34,4
-0.23,1.11,1.81,-3.87,152.16,235.61,-0.55,-1.4,-0.58,-195.0,-52.26,-211.62,4
-0.66,1.83,0.41,-129.6,241.19,72.35,0.06,-1.13,-0.96,40.82,-125.3,-230.76,4
-0.72,1.32,-0.74,-168.87,183.81,-98.08,0.51,-0.6,-0.57,194.21,-172.56,-106.46,4
-0.64,0.4,-1.2,-180.24,58.78,-167.38,0.49,-0.33,-0.12,220.76,-166.77,11.07,4
-0.89,-0.65,-0.86,-118.81,-79.45,-150.64,0.43,-0.64,0.33,159.57,-121.37,117.59,4
-0.81,-1.55,0.07,-38.66,-154.51,-58.63,-0.12,-0.92,0.64,42.32,-98.32,160.67,4
-0.34,-1.75,0.96,-62.26,-159.33,156.34,-0.9,-0.84,0.46,-127.07,-71.01,103.93,4
-0.1,-0.57,1.7,-119.39,-37.16,327.16,-0.82,-1.23,0.23,-268.02,-30.03,-87.93,4
-0.42,1.45,1.26,-44.48,158.63,191.74,-0.24,-1.25,-0.79,-135.91,-34.39,-210.58,4
-0.76,1.78,0.11,-138.45,199.39,38.11,0.27,-0.94,-0.85,103.05,-95.95,-173.51,4
-0.79,1.19,-0.69,-151.34,127.77,-114.7,0.63,-0.57,-0.65,196.62,-156.07,-33.96,4
-0.68,0.24,-0.8,-95.46,6.4,-162.99,0.4,-0.38,-0.18,175.49,-87.74,70.4,4
-1.02,-0.72,-0.35,-46.65,-102.41,-114.76,0.14,-0.93,0.37,84.33,-82.65,130.49,4
-0.84,-1.29,0.43,32.41,-147.32,4.79,-0.34,-1.1,0.47,-43.05,-59.57,129.3,4
-0.27,-1.05,1.22,-70.18,-120.18,219.21,-0.93,-0.89,0.15,-190.73,-20.91,21.59,4
-0.07,-0.03,1.61,-72.07,13.66,303.99,-0.64,-1.21,-0.19,-248.26,-24.42,-145.27,4
-0.38,1.67,1.18,-105.79,184.09,196.77,-0.02,-1.21,-1.11,-40.7,-56.98,-245.67,4
-0.57,1.83,-0.0,-133.6,230.4,35.21,0.46,-0.75,-0.93,139.02,-134.42,-179.33,4
-0.48,1.29,-0.67,-104.24,176.22,-119.48,0.66,-0.34,-0.67,206.86,-140.67,-50.15,4
-0.56,0.3,-0.91,-86.46,72.9,-173.35,0.47,-0.31,0.1,203.69,-151.07,34.57,4
-0.94,-0.63,-0.81,-110.55,-44.24,-152.13,0.44,-0.77,0.54,161.95,-148.08,95.7,4
-1.0,-1.56,-0.17,-54.05,-137.13,-40.73,-0.23,-0.93,0.74,20.73,-104.85,148.26,4
-0.52,-1.79,0.85,-34.54,-164.88,178.9,-0.76,-0.95,0.38,-180.27,-67.87,110.15,4
-0.1,-0.44,1.77,-139.7,-113.69,369.6,-0.99,-1.24,0.13,-315.55,-31.4,-37.2,4
-0.15,1.31,1.91,-48.57,96.37,228.11,-0.36,-1.37,-1.0,-170.61,-41.77,-176.74,4
-0.38,1.7,0.69,-97.53,222.8,79.42,-0.08,-0.91,-0.88,72.35,-95.4,-209.51,4
-0.51,1.28,-0.52,-70.67,213.69,-103.81,0.71,-0.45,-0.66,185.18,-129.63,-110.0,4
-0.43,0.56,-1.03,-106.37,105.7,-171.89,0.45,-0.19,-0.17,222.9,-112.71,-17.87,4
-0.86,-0.45,-1.05,-118.41,-14.91,-175.37,0.57,-0.65,0.6,189.21,-158.69,73.9,4
-1.26,-1.27,-0.63,-65.4,-133.08,-117.23,0.33,-1.03,0.53,96.13,-55.73,154.36,4
-0.64,-1.72,0.64,29.05,-199.24,72.96,-0.86,-1.03,0.57,-85.91,-78.96,180.64,4
0.25,-1.08,1.69,-66.98,-134.57,310.18,-0.51,-0.82,0.03,-265.79,30.3,15.46,4
-0.13,1.18,1.9,-49.54,112.44,238.78,-0.85,-1.34,-0.27,-193.08,-19.76,-194.02,4
-0.41,1.57,0.68,-138.75,253.93,86.16,0.15,-1.14,-0.99,78.96,-134.85,-246.25,4
-0.6,1.38,-0.46,-139.33,242.74,-83.75,0.31,-0.68,-0.6,197.68,-139.45,-142.65,4
-0.75,0.69,-0.98,-127.26,139.54,-185.73,0.6,-0.58,-0.41,247.26,-150.73,-27.74,4
-0.66,-0.23,-0.8,-124.05,9.91,-191.74,0.28,-0.49,0.11,208.54,-117.65,68.69,4
-1.09,-1.03,-0.79,-84.88,-107.62,-109.76,0.41,-0.82,0.54,96.74,-95.73,122.71,4
-0.96,-1.48,0.16,33.66,-171.37,-2.62,-0.04,-1.07,0.53,-37.96,-19.45,157.68,4
-0.33,-1.35,0.82,-18.32,-166.07,195.3,-0.81,-0.87,0.36,-188.23,-40.49,88.23,4
0.06,-0.4,1.5,-75.06,-32.23,324.21,-0.68,-1.08,0.3,-276.46,8.45,-94.48,4
-0.39,1.2,1.12,-76.65,143.6,218.35,-0.11,-1.18,-0.78,-135.21,-67.07,-204.6,4
-0.64,1.67,0.15,-107.04,194.7,86.31,0.19,-0.85,-0.74,37.9,-92.01,-183.81,4
-0.77,1.52,-0.55,-150.91,142.01,-73.51,0.6,-0.61,-0.79,152.53,-172.13,-62.53,4
-0.63,0.66,-0.72,-166.25,43.69,-140.24,0.4,-0.48,-0.36,188.14,-158.32,26.55,4
-0.85,-0.42,-0.76,-133.96,-43.72,-154.66,0.41,-0.73,0.35,190.43,-172.35,92.35,4
-1.0,-1.49,-0.25,-82.65,-138.51,-71.31,-0.12,-0.89,0.67,65.79,-114.42,152.74,4
-0.59,-1.85,0.82,-76.16,-176.01,136.95,-0.79,-0.95,0.55,-129.33,-74.66,116.34,4
-0.16,-0.92,1.77,-61.49,-70.88,313.51,-0.83,-1.33,0.32,-278.81,-15.09,-49.3,4
-0.34,0.99,1.55,-64.94,115.3,246.01,-0.48,-1.32,-0.61,-177.74,-54.09,-200.43,4
-0.51,1.68,0.49,-124.27,202.16,108.81,0.13,-0.94,-0.81,33.87,-99.36,-208.75,4
-0.61,1.32,-0.44,-143.87,178.23,-54.45,0.53,-0.53,-0.67,164.76,-157.23,-99.88,4
-0.54,0.54,-0.82,-111.59,96.68,-137.96,0.51,-0.32,-0.21,195.49,-122.35,-6.95,4
-0.96,-0.22,-0.86,-130.64,-3.02,-135.27,0.44,-0.71,0.38,150.52,-151.92,59.36,4
-1.18,-1.09,-0.42,-90.82,-96.25,-86.07,0.19,-1.03,0.51,85.03,-100.58,121.46,4
-0.84,-1.55,0.43,-55.09,-136.37,64.79,-0.56,-1.02,0.55,-79.45,-89.21,103.2,4
-0.12,-0.94,1.47,-101.98,-82.16,268.72,-0.57,-0.97,0.18,-207.9,-36.8,-20.85,4
-0.13,0.74,1.56,-42.01,109.42,234.88,-0.52,-1.17,-0.27,-180.91,-49.02,-186.19,4
-0.65,1.75,0.58,-171.19,205.24,111.19,0.21,-1.15,-1.05,54.09,-126.01,-219.79,4
-0.74,1.46,-0.34,-133.75,188.17,-66.8,0.56,-0.71,-0.78,176.59,-146.49,-91.25,4
-0.58,0.58,-0.84,-58.51,87.04,-154.39,0.54,-0.25,-0.45,178.05,-95.06,13.35,4
-1.01,-0.34,-0.58,-4.51,-42.99,-128.57,0.33,-0.74,0.07,97.26,-60.7,91.19,4
-1.04,-1.08,0.22,4.51,-137.9,3.41,-0.23,-1.06,0.2,-39.6,-62.77,123.96,4
-0.6,-0.81,0.99,-118.11,-127.71,191.83,-0.59,-1.06,0.14,-146.4,-47.59,50.55,4
-0.42,0.06,1.56,-192.07,-18.78,257.07,-0.53,-1.32,-0.08,-194.42,-88.38,-103.69,4
-0.61,1.46,1.06,-124.73,160.15,137.87,0.16,-1.22,-1.09,13.54,-82.87,-199.39,4
-0.57,1.5,-0.01,-142.84,201.31,-0.4,0.37,-0.68,-0.81,150.3,-143.87,-135.21,4
-0.51,0.93,-0.65,-146.43,133.57,-76.13,0.56,-0.29,-0.56,169.05,-138.23,-46.07,4
-0.78,0.2,-0.83,-65.79,47.74,-134.54,0.59,-0.48,0.12,149.36,-120.43,42.26,4
-1.14,-0.76,-0.57,-68.45,-64.3,-105.52,0.25,-0.91,0.61,97.93,-99.94,101.89,4
-1.04,-1.6,0.09,-41.43,-144.73,29.21,-0.43,-1.01,0.63,-50.58,-77.84,123.23,4
-0.22,-1.09,1.31,-44.12,-136.13,232.77,-0.66,-1.01,0.23,-224.54,-36.98,43.02,4
-0.35,0.67,1.6,-78.6,30.43,221.04,-0.54,-1.27,-0.29,-170.7,-70.3,-122.47,4
-0.64,1.53,0.85,-135.91,186.07,75.06,0.06,-1.23,-0.94,59.39,-105.91,-186.22,4
-0.68,1.26,-0.37,-184.94,202.68,-68.57,0.4,-0.71,-0.54,196.19,-195.12,-111.37,4
-0.67,0.37,-0.97,-157.53,110.18,-136.34,0.49,-0.35,-0.12,219.09,-141.77,-11.22,4
-1.13,-0.62,-0.99,-84.79,-34.66,-129.91,0.49,-0.7,0.43,117.2,-106.13,87.44,4
-1.07,-1.27,-0.19,-8.48,-133.29,-53.72,-0.04,-1.03,0.64,9.94,-73.57,145.03,4
-0.65,-1.51,0.59,7.5,-146.37,94.97,-0.59,-0.94,0.57,-107.23,-35.12,105.46,4
-0.16,-0.79,1.48,-87.68,-81.07,272.65,-0.61,-1.05,0.12,-243.02,-19.27,-37.32,4
-0.27,1.15,1.69,-88.72,98.63,220.73,-0.56,-1.31,-0.58,-140.09,-57.68,-179.21,4
-0.47,1.57,0.64,-201.68,194.12,105.98,0.14,-0.91,-0.96,67.96,-121.22,-202.87,4
-0.61,1.24,-0.24,-135.88,201.49,-24.97,0.5,-0.61,-0.65,167.56,-130.15,-117.53,4
-0.66,0.67,-0.81,-98.6,120.34,-108.35,0.67,-0.36,-0.38,162.87,-121.43,-23.6,4
-0.95,0.12,-0.9,-77.9,23.17,-132.84,0.46,-0.59,0.26,143.54,-114.57,50.12,4
-1.32,-0.66,-0.61,-87.1,-89.63,-98.2,0.43,-1.14,0.4,87.2,-87.32,126.59,4
-1.07,-1.06,0.06,-32.29,-159.76,-22.65,-0.15,-1.1,0.47,-13.08,-71.31,156.8,4
-0.46,-1.04,0.8,-88.6,-165.58,128.87,-0.66,-0.91,0.16,-126.19,-71.83,96.52,4
0.03,-0.57,1.54,-133.63,-80.24,263.32,-0.59,-0.91,-0.09,-221.07,-60.79,-39.05,4
-0.21,0.93,1.64,-93.99,90.79,231.62,-0.5,-1.23,-0.66,-143.57,-78.05,-188.02,4
-0.77,1.67,0.65,-229.91,148.99,144.09,0.21,-1.1,-0.95,47.1,-159.54,-183.38,4
-0.86,1.24,-0.21,-204.57,139.57,-2.65,0.55,-0.72,-0.47,149.6,-206.37,-60.67,4
-0.77,0.45,-0.69,-165.3,63.23,-84.97,0.44,-0.42,-0.1,154.94,-147.62,32.77,4
-0.98,-0.32,-0.55,-71.68,-33.32,-127.38,0.23,-0.76,0.35,94.73,-104.45,117.5,4
-0.89,-1.21,-0.17,-8.51,-113.32,-77.59,-0.17,-0.91,0.66,20.91,-62.26,139.42,4
-0.59,-1.71,0.36,-32.29,-170.27,79.88,-0.6,-0.79,0.62,-131.89,-58.81,102.41,4
0.0,-0.99,1.59,-4.85,-93.26,232.41,-0.84,-1.09,0.14,-229.6,-16.65,-36.46,4
-0.14,0.66,1.78,-36.13,115.43,222.96,-0.79,-1.19,-0.39,-118.26,-99.24,-195.27,4
-0.54,1.35,0.87,-164.6,193.51,132.68,-0.11,-1.07,-0.96,53.26,-137.38,-211.77,4
-0.75,1.16,-0.16,-148.45,199.39,-6.68,0.39,-0.79,-0.58,156.46,-175.79,-129.51,4
-0.78,0.55,-0.8,-136.31,142.01,-123.81,0.47,-0.63,0.07,203.96,-194.51,-27.07,4
-0.93,-0.25,-0.97,-154.82,21.89,-144.33,0.36,-0.61,0.27,173.11,-132.2,58.14,4
-1.16,-0.98,-0.69,-90.95,-128.48,-86.86,0.14,-0.83,0.46,54.36,-113.26,151.16,4
-0.56,-1.51,0.55,5.4,-190.91,32.8,-0.54,-0.9,0.39,-61.37,-74.6,156.31,4
0.24,-1.46,1.49,2.93,-164.91,235.09,-0.79,-0.76,-0.08,-254.48,24.63,42.9,4
0.11,-0.41,1.73,46.98,52.23,293.48,-1.0,-1.15,-0.15,-240.03,29.42,-188.45,4
-0.13,1.7,1.33,-129.7,216.04,213.75,-0.27,-1.2,-1.25,-27.74,-106.19,-288.14,4
-0.59,1.8,-0.09,-167.62,237.71,81.77,0.54,-0.71,-0.78,120.95,-166.55,-204.42,4
-0.61,1.31,-0.66,-130.79,168.14,-71.22,0.72,-0.41,-0.67,185.82,-143.87,-61.25,4
-0.67,0.45,-0.79,-112.62,58.93,-135.52,0.55,-0.41,-0.16,164.12,-137.2,41.37,4
-1.11,-0.26,-0.59,-94.02,-29.97,-130.24,0.31,-0.89,0.3,117.16,-110.79,89.85,4
-1.05,-1.12,-0.03,-51.34,-95.09,-68.96,-0.06,-1.05,0.51,55.98,-97.9,120.49,4
-0.87,-1.43,0.39,-5.7,-116.28,58.2,-0.43,-1.08,0.46,-92.99,-71.59,89.79,4
-0.53,-0.92,0.97,-77.26,-102.62,235.06,-0.76,-1.02,0.11,-206.52,-59.42,7.93,4
-0.07,0.02,1.39,-79.88,-4.63,283.08,-0.39,-0.99,-0.24,-221.98,-69.24,-111.34,4
-0.3,1.57,1.0,-45.21,136.04,154.91,0.04,-0.94,-1.1,-52.87,-44.24,-180.55,4
-0.71,1.64,0.04,-102.32,150.52,-2.26,0.44,-0.76,-0.87,95.18,-100.95,-107.53,4
-0.61,0.98,-0.37,-105.95,111.19,-130.34,0.36,-0.56,-0.42,195.24,-124.57,-12.23,4
-0.76,-0.04,-0.69,-114.73,31.55,-159.21,0.41,-0.59,0.19,182.41,-140.95,52.1,4
-1.05,-0.78,-0.52,-87.5,-56.1,-128.05,0.15,-0.84,0.56,122.29,-77.87,99.18,4
-1.08,-1.44,0.03,-43.72,-135.88,-12.71,-0.23,-1.12,0.56,-14.7,-81.55,129.94,4
-0.67,-1.28,0.94,-1.19,-116.4,153.05,-0.67,-1.16,0.45,-165.73,-18.96,46.98,4
-0.29,-0.26,1.65,-68.75,-16.98,270.98,-0.73,-1.27,0.05,-225.7,-41.04,-86.77,4
-0.31,1.08,1.4,-73.66,168.14,186.46,-0.35,-1.22,-0.68,-86.04,-74.79,-220.0,4
-0.43,1.48,0.27,-155.58,232.8,62.07,0.02,-0.75,-0.68,99.21,-142.56,-206.46,4
-0.56,1.24,-0.51,-165.67,177.99,-58.17,0.55,-0.43,-0.78,174.73,-145.58,-99.02,4
-0.58,0.65,-0.81,-118.26,68.75,-108.02,0.56,-0.27,-0.46,150.61,-108.75,8.41,4
-0.87,0.03,-0.75,-90.7,-33.57,-125.76,0.44,-0.63,0.2,125.58,-124.09,86.25,4
-1.05,-0.87,-0.23,-116.74,-117.16,-80.21,0.07,-1.01,0.34,76.74,-109.3,138.75,4
-0.88,-1.49,0.59,-75.91,-145.55,44.21,-0.52,-1.14,0.38,-51.19,-96.71,115.34,4
-0.6,-1.07,1.12,-96.37,-118.81,213.78,-0.63,-1.18,0.2,-192.8,-61.13,16.49,4
-0.38,0.16,1.43,-128.05,-14.76,261.52,-0.5,-1.27,-0.26,-186.55,-68.23,-116.43,4
-0.49,1.23,1.1,-141.52,127.9,163.14,-0.13,-1.14,-0.75,-12.38,-132.04,-177.84,4
-0.61,1.1,0.19,-120.4,177.74,31.34,0.27,-0.76,-0.66,111.77,-154.18,-123.17,4
-0.6,0.7,-0.42,-76.4,141.31,-82.1,0.32,-0.47,-0.36,149.45,-152.53,-46.92,4
-0.8,0.1,-0.72,-58.26,56.16,-139.42,0.37,-0.6,0.24,152.38,-154.05,31.8,4
-0.97,-0.77,-0.59,-106.43,-60.18,-121.34,0.08,-0.82,0.64,128.26,-146.92,109.79,4
-0.85,-1.72,0.15,-109.45,-147.96,-23.6,-0.41,-0.89,0.81,23.29,-122.56,150.18,4
-0.47,-1.83,1.17,-80.03,-130.27,172.96,-0.94,-1.0,0.66,-160.21,-128.72,78.69,4
-0.4,-0.3,1.77,-94.54,-25.64,300.15,-1.02,-1.4,0.1,-252.38,-67.38,-70.18,4
-0.56,1.13,1.4,-105.0,103.66,207.13,-0.38,-1.34,-0.76,-137.9,-83.87,-172.13,4
-0.73,1.44,0.37,-83.66,175.52,28.45,0.15,-0.99,-0.8,60.46,-105.09,-149.73,4
-0.58,0.88,-0.39,-134.21,131.52,-69.97,0.19,-0.45,-0.5,146.16,-137.93,-76.89,4
-0.67,0.24,-0.64,-129.05,57.59,-97.71,0.5,-0.47,-0.2,140.79,-136.22,-10.64,4
-0.9,-0.27,-0.6,-120.3,-18.93,-88.29,0.27,-0.72,0.32,107.99,-133.72,47.87,4
-0.87,-0.88,-0.2,-99.76,-75.64,-39.7,0.12,-0.82,0.38,53.48,-107.44,81.43,4
-0.69,-1.17,0.59,-59.12,-87.77,68.32,-0.44,-0.95,0.27,-56.19,-95.98,62.35,4
-0.54,-0.45,0.98,-196.22,-85.85,239.24,-0.56,-1.0,0.01,-162.16,-81.52,-15.79,4
-0.42,0.12,1.41,-210.73,7.99,286.62,-0.45,-1.22,-0.26,-164.21,-98.05,-126.1,4
-0.53,1.26,1.05,-122.16,144.76,200.73,0.25,-1.19,-0.84,-46.46,-97.44,-204.91,4
-0.75,1.58,0.15,-128.99,196.25,56.28,0.43,-0.9,-0.83,112.32,-119.42,-161.46,4
-0.72,1.22,-0.55,-141.68,149.7,-79.24,0.67,-0.58,-0.56,191.55,-146.62,-43.32,4
-0.76,0.36,-0.84,-129.82,62.1,-142.53,0.57,-0.52,-0.06,175.76,-147.16,40.43,4
-1.11,-0.38,-0.66,-142.99,-39.85,-130.98,0.29,-0.87,0.38,140.4,-137.01,108.41,4
-0.96,-1.19,-0.16,-102.93,-126.74,-53.66,-0.19,-0.93,0.5,31.68,-123.84,142.26,4
-0.51,-1.66,0.47,-125.58,-153.41,134.02,-0.52,-0.78,0.54,-132.2,-115.3,70.21,4
-0.34,-0.77,1.36,-130.09,-108.6,281.34,-0.79,-1.24,0.16,-235.0,-111.92,-41.74,4
-0.26,0.78,1.6,-95.95,55.37,230.34,-0.3,-1.19,-0.75,-130.76,-125.85,-153.84,4
-0.48,1.27,0.82,-117.41,164.45,117.16,-0.08,-0.9,-0.77,48.26,-147.01,-164.7,4
-0.6,1.08,-0.08,-79.24,172.8,-27.41,0.42,-0.61,-0.58,133.57,-124.3,-95.61,4
-0.77,0.58,-0.58,-115.55,99.97,-105.64,0.37,-0.57,-0.11,163.29,-132.68,-10.98,4
-1.06,-0.16,-0.76,-125.64,9.48,-126.98,0.41,-0.81,0.31,145.0,-143.48,62.93,4
-1.13,-0.95,-0.4,-107.56,-86.95,-88.81,0.04,-1.02,0.55,81.37,-126.77,126.34,4
-0.74,-1.5,0.38,-61.86,-146.71,35.79,-0.55,-0.93,0.53,-46.86,-105.67,124.05,4
-0.27,-1.26,1.39,-92.35,-115.4,223.81,-0.78,-1.05,0.22,-195.98,-56.62,9.27,4
-0.31,0.23,1.66,-90.34,18.84,260.34,-0.69,-1.29,-0.31,-192.56,-68.9,-131.52,4
-0.48,1.32,1.12,-117.99,165.24,165.67,-0.04,-1.17,-0.92,0.12,-96.28,-212.68,4
-0.63,1.31,-0.0,-70.03,205.61,7.35,0.37,-0.74,-0.75,112.44,-96.22,-149.45,4
-0.62,0.9,-0.65,-54.05,136.92,-106.49,0.48,-0.34,-0.39,164.45,-85.91,-41.65,4
-0.88,0.2,-0.81,-79.02,17.93,-130.21,0.56,-0.58,-0.03,135.09,-96.04,46.4,4
-1.07,-0.48,-0.56,-74.18,-92.99,-99.3,0.27,-0.84,0.21,70.49,-69.57,121.25,4
-0.88,-1.02,0.3,6.28,-134.3,-4.45,-0.29,-1.05,0.34,-23.38,-72.07,124.91,4
-0.59,-0.92,0.83,-10.76,-114.79,137.87,-0.48,-1.02,0.13,-140.95,-34.94,60.37,4
-0.45,-0.01,1.5,-167.77,-55.34,266.13,-0.78,-1.23,-0.03,-186.98,-67.1,-59.02,4
-0.29,0.56,1.5,-112.93,73.93,223.81,-0.21,-1.19,-0.61,-127.93,-104.18,-156.77,4
-0.44,1.3,0.78,-57.01,199.73,92.13,-0.04,-0.97,-0.8,35.3,-113.96,-191.65,4
-0.56,1.37,-0.05,-72.84,202.74,-38.6,0.35,-0.59,-0.94,140.58,-95.61,-127.04,4
-0.63,0.86,-0.69,-103.51,109.36,-109.79,0.45,-0.37,-0.51,155.52,-156.95,-27.56,4
-0.75,0.09,-0.68,-105.64,12.1,-138.38,0.44,-0.6,0.12,161.22,-149.39,48.69,4
-0.91,-0.72,-0.49,-141.37,-61.95,-117.29,0.18,-0.86,0.48,134.91,-143.14,92.77,4
-1.06,-1.46,0.01,-120.3,-124.7,-15.61,-0.33,-1.03,0.71,29.18,-131.77,124.42,4
-0.63,-1.43,0.93,-149.21,-137.93,141.01,-0.69,-1.06,0.51,-104.15,-123.32,83.81,4
-0.47,-1.05,1.27,-250.15,-120.79,295.06,-0.72,-1.08,0.27,-210.18,-122.2,-10.4,4
-0.39,0.58,1.58,-51.28,60.0,200.3,-0.5,-1.34,-0.43,-153.54,-57.71,-141.83,4
-0.66,1.27,0.71,-105.98,166.71,82.71,0.09,-1.06,-0.74,35.34,-120.7,-165.46,4
-0.71,0.95,-0.22,-60.95,167.96,-57.41,0.36,-0.66,-0.43,140.88,-83.11,-94.02,4
-0.73,0.35,-0.83,-74.79,86.55,-124.7,0.44,-0.43,0.0,148.08,-136.22,-2.07,4
-0.96,-0.38,-0.77,-52.96,-15.21,-119.54,0.51,-0.71,0.38,122.65,-88.02,66.83,4
-0.95,-1.01,-0.26,-71.65,-106.37,-57.59,0.05,-0.89,0.54,45.85,-102.32,115.79,4
-0.67,-1.34,0.56,-65.18,-124.51,74.12,-0.41,-0.9,0.48,-63.32,-83.63,89.88,4
-0.44,-0.81,1.2,-187.26,-108.14,250.7,-0.67,-1.08,0.2,-179.42,-98.99,0.82,4
-0.46,0.29,1.56,-92.65,27.35,235.12,-0.56,-1.35,-0.35,-171.19,-63.02,-122.01,4
-0.62,1.3,0.99,-137.29,137.84,139.09,-0.03,-1.18,-0.96,0.24,-96.46,-171.65,4
-0.76,1.25,0.06,-78.57,168.29,-9.85,0.42,-0.85,-0.78,110.79,-76.83,-108.99,4
-0.64,0.76,-0.43,-91.13,109.91,-88.48,0.36,-0.45,-0.4,148.87,-99.6,-25.4,4
-0.86,0.12,-0.61,-83.66,12.74,-99.09,0.53,-0.6,-0.09,105.88,-93.41,42.96,4
-1.15,-0.46,-0.38,-56.92,-73.2,-61.68,0.17,-0.93,0.28,40.0,-76.52,86.31,4
-0.95,-0.88,0.21,-34.48,-112.8,25.88,-0.08,-1.09,0.33,-36.98,-76.92,91.77,4
-0.65,-0.78,0.8,-145.73,-108.6,181.43,-0.5,-1.04,0.18,-140.61,-102.96,24.66,4
-0.56,0.2,1.36,-128.75,10.24,204.94,-0.47,-1.35,-0.11,-133.35,-89.36,-96.74,4
-0.75,0.99,1.02,-160.52,120.79,120.85,-0.01,-1.27,-0.77,13.32,-152.68,-140.76,4
-0.71,0.97,0.14,-111.07,143.93,14.57,0.23,-0.72,-0.68,90.85,-113.75,-99.39,4
-0.72,0.69,-0.36,-97.13,75.7,-41.62,0.39,-0.52,-0.43,97.53,-119.33,-23.41,4
-0.87,0.29,-0.46,-51.68,6.89,-93.32,0.43,-0.67,0.03,91.52,-92.26,50.09,4
-1.01,-0.3,-0.37,-67.26,-47.53,-97.71,0.31,-0.94,0.33,84.63,-97.04,86.89,4
-1.08,-0.96,-0.15,-92.53,-101.1,-34.79,-0.12,-1.02,0.56,37.59,-116.62,110.34,4
-0.69,-1.29,0.53,-130.82,-131.04,118.26,-0.53,-0.94,0.41,-85.37,-115.73,75.79,4
-0.44,-0.62,1.38,-143.93,-76.59,234.24,-0.6,-1.25,0.22,-183.75,-87.77,-31.13,4
-0.49,0.54,1.35,-125.21,78.9,196.98,-0.34,-1.26,-0.44,-89.12,-114.76,-146.25,4
-0.75,1.03,0.55,-158.02,149.24,105.64,0.05,-1.05,-0.58,50.21,-133.96,-158.41,4
-0.75,0.96,-0.25,-130.95,139.63,-11.07,0.49,-0.64,-0.44,120.21,-143.29,-79.7,4
-0.7,0.5,-0.62,-80.03,76.65,-89.63,0.47,-0.44,-0.09,125.95,-112.99,2.41,4
-0.93,-0.09,-0.68,-77.99,-15.67,-105.55,0.43,-0.65,0.25,98.2,-108.35,69.39,4
-1.04,-0.82,-0.22,-52.32,-88.96,-65.91,0.01,-0.98,0.44,52.32,-87.56,108.45,4
-0.71,-1.18,0.56,-71.98,-133.99,45.85,-0.57,-0.97,0.36,-48.78,-95.79,109.3,4
-0.49,-1.0,1.34,-217.04,-111.59,218.32,-0.78,-1.11,0.24,-145.15,-101.59,4.3,4
-0.53,0.2,1.49,-80.43,30.61,196.28,-0.42,-1.34,-0.47,-132.65,-70.85,-116.83,4
-0.78,1.14,1.07,-152.62,101.8,142.47,-0.09,-1.27,-0.87,8.41,-112.29,-145.7,4
-0.8,0.96,0.31,-150.3,112.8,38.05,0.3,-0.9,-0.65,91.62,-124.54,-81.37,4
-0.63,0.47,-0.31,-89.76,88.38,-36.92,0.31,-0.45,-0.23,107.56,-115.0,-21.01,4
-0.78,0.15,-0.51,-30.85,23.99,-80.4,0.5,-0.53,0.02,77.16,-79.21,39.63,4
-1.08,-0.26,-0.44,-26.22,-59.66,-84.51,0.2,-0.86,0.36,41.07,-90.73,96.34,4
-0.96,-0.99,0.03,-48.51,-128.66,-27.93,-0.27,-1.02,0.63,3.78,-107.44,134.73,4
-0.74,-1.49,0.74,-132.47,-151.62,117.77,-0.74,-1.06,0.69,-103.63,-109.79,89.66,4
-0.55,-0.88,1.34,-137.16,-90.43,221.37,-0.73,-1.31,0.33,-184.39,-88.51,-22.9,4
-0.56,0.39,1.41,-120.55,18.87,186.16,-0.52,-1.27,-0.45,-111.55,-111.46,-102.5,4
-0.66,0.82,0.86,-122.8,80.55,91.77,-0.1,-1.0,-0.59,16.07,-117.8,-94.42,4
-0.61,0.61,0.21,-71.4,106.28,-16.74,0.15,-0.7,-0.41,99.39,-83.26,-52.35,4
-0.76,0.21,-0.38,-64.6,63.9,-80.79,0.25,-0.58,0.04,114.36,-102.23,6.31,4
-0.89,-0.44,-0.45,-57.01,-1.65,-85.15,0.17,-0.7,0.37,97.74,-103.6,56.1,4
-0.84,-0.96,-0.19,-56.98,-69.54,-31.62,-0.09,-0.74,0.64,24.76,-104.24,86.59,4
-0.65,-1.15,0.47,-89.27,-99.76,85.21,-0.55,-0.91,0.48,-67.74,-79.54,63.57,4
-0.63,-0.92,0.94,-212.1,-104.24,212.32,-0.72,-1.05,0.33,-158.08,-102.41,-12.04,4
-0.64,-0.39,1.45,-106.52,-48.99,232.53,-0.69,-1.36,-0.39,-175.3,-62.38,-83.93,4
-0.42,0.77,1.51,-68.35,33.08,170.09,-0.37,-1.13,-0.84,-74.27,-61.77,-121.71,4
-0.56,1.18,0.86,-21.46,112.65,40.34,0.21,-0.93,-1.03,55.09,-27.84,-100.76,4
-0.59,0.82,0.02,-19.85,113.63,-53.87,0.24,-0.55,-0.31,118.05,-57.41,-33.29,4
-0.82,0.18,-0.46,-27.04,70.12,-104.02,0.37,-0.63,0.19,121.59,-96.34,16.52,4
-1.04,-0.37,-0.53,-37.74,-15.06,-94.12,0.37,-0.8,0.31,72.29,-56.98,66.95,4
-0.93,-0.93,-0.11,-3.63,-82.87,-20.95,-0.23,-0.85,0.48,-14.02,-91.83,91.13,4
-0.7,-0.98,0.58,-124.51,-115.85,127.87,-0.55,-0.99,0.35,-111.62,-128.81,53.45,4
-0.56,-0.56,1.21,-302.23,-116.83,272.16,-0.66,-1.16,0.08,-169.97,-167.96,-23.17,4
-0.51,-0.01,1.45,-369.45,-57.9,284.76,-0.64,-1.24,-0.56,-118.96,-242.59,-103.14,4
-0.31,0.35,1.51,-197.65,72.47,222.71,-0.32,-1.15,-0.71,-12.26,-179.02,-178.66,4
-0.49,0.55,0.64,-91.01,146.74,136.55,-0.03,-0.8,-0.64,77.13,-132.65,-159.91,4
-0.81,0.68,-0.03,-36.22,149.7,11.01,0.33,-0.73,-0.17,119.36,-116.55,-73.14,4
-0.97,0.3,-0.59,46.04,107.13,-113.32,0.51,-0.66,0.25,124.6,-70.58,15.85,4
-1.12,-0.37,-0.69,24.94,-6.37,-126.1,0.35,-0.79,0.45,77.99,-28.81,79.85,4
-1.07,-0.95,-0.17,12.84,-112.04,-51.86,-0.16,-1.03,0.55,-7.56,-70.76,120.98,4
-0.58,-1.33,0.59,-49.09,-130.98,103.66,-0.43,-0.9,0.47,-117.65,-43.54,60.34,4
-0.31,-0.57,1.37,-104.82,-58.08,239.15,-0.55,-1.23,0.16,-199.15,-48.84,-75.76,4
-0.61,0.95,1.35,-136.65,114.66,194.09,-0.13,-1.38,-0.61,-39.24,-115.82,-188.72,4
-0.67,1.14,0.26,-130.82,192.77,97.13,0.29,-0.86,-0.53,105.67,-137.07,-172.84,4
-0.62,0.9,-0.38,-86.1,163.78,-26.83,0.63,-0.46,-0.38,141.25,-115.58,-75.3,4
-0.85,0.47,-0.84,-49.48,79.09,-99.94,0.64,-0.46,-0.08,122.5,-95.7,6.77,4
-1.02,-0.03,-0.58,-31.34,-24.97,-102.13,0.43,-0.77,0.2,82.29,-78.14,85.64,4
-1.03,-0.59,-0.25,-70.49,-98.93,-37.41,0.23,-0.97,0.29,16.71,-95.12,103.17,4
-1.06,-0.68,0.27,-118.51,-127.74,57.9,-0.22,-1.2,0.32,-51.62,-92.01,89.45,4
-0.8,-0.32,0.91,-181.68,-107.1,115.12,-0.35,-1.26,-0.08,-79.09,-115.27,38.17,4
-0.48,-0.21,1.08,-135.67,-3.48,134.6,-0.23,-1.04,-0.23,-61.04,-108.38,-54.6,4
-0.67,0.68,0.83,-106.65,100.64,106.89,-0.05,-1.09,-0.52,6.19,-112.99,-121.92,4
-0.76,0.8,0.09,-63.02,125.61,25.21,0.4,-0.75,-0.53,66.68,-109.21,-88.63,4
-0.85,0.58,-0.39,3.14,89.3,-60.85,0.5,-0.62,-0.15,79.36,-86.95,-16.52,4
-0.92,0.18,-0.63,-35.82,11.01,-87.47,0.42,-0.66,0.24,86.16,-96.98,42.44,4
-0.99,-0.52,-0.47,-110.09,-59.48,-83.11,0.22,-0.92,0.61,92.65,-148.26,93.32,4
-0.99,-1.35,-0.09,-129.39,-113.57,-2.1,-0.3,-0.9,0.63,22.59,-136.89,113.63,4
-0.71,-1.64,0.71,-53.84,-134.57,147.2,-0.45,-1.11,0.56,-151.8,-74.33,77.93,4
-0.52,-0.29,1.48,-11.37,-40.49,209.48,-0.83,-1.34,0.12,-202.65,-59.94,-27.5,4
-0.57,0.98,1.27,-65.0,93.11,143.84,-0.44,-1.27,-0.63,-89.7,-79.24,-130.95,4
-0.72,1.21,0.37,-169.54,136.19,46.65,-0.03,-0.92,-0.64,46.07,-162.9,-122.84,4
-0.62,0.79,-0.32,-158.02,115.15,-47.53,0.34,-0.55,-0.45,125.7,-150.79,-72.8,4
-0.75,0.18,-0.66,-129.63,47.01,-92.38,0.41,-0.55,-0.0,130.67,-137.8,1.89,4
-1.01,-0.41,-0.5,-113.05,-23.32,-86.68,0.25,-0.83,0.37,112.9,-119.79,52.56,4
-0.99,-1.01,-0.15,-102.71,-80.49,-32.16,0.08,-0.97,0.54,48.81,-127.99,91.1,4
-0.75,-1.1,0.54,-85.67,-81.71,76.4,-0.5,-0.94,0.48,-55.98,-112.32,61.8,4
-0.73,-0.71,0.96,-115.4,-57.38,183.96,-0.43,-1.13,0.19,-146.22,-82.23,-3.48,4
-0.63,0.16,1.28,-90.21,5.15,202.77,-0.56,-1.27,-0.4,-160.49,-64.39,-72.93,4
-0.52,1.07,1.14,-56.07,92.9,128.99,-0.23,-1.11,-0.92,-73.17,-39.7,-132.62,4
-0.79,1.34,0.37,-63.87,141.4,19.21,0.34,-0.96,-1.23,46.95,-27.2,-127.56,4
-0.75,0.97,-0.39,5.27,115.18,-78.02,0.36,-0.59,-0.56,96.31,-54.05,-59.42,4
-0.74,0.35,-0.67,-35.09,33.66,-99.76,0.59,-0.52,-0.04,113.05,-79.66,10.73,4
-0.83,-0.19,-0.59,-79.82,-31.34,-95.46,0.4,-0.68,0.28,102.47,-94.63,54.42,4
-0.93,-0.71,-0.29,-78.48,-75.15,-47.84,0.15,-0.85,0.43,61.52,-96.04,84.18,4
-0.8,-1.06,0.43,-95.21,-95.95,60.34,-0.27,-0.93,0.43,-34.66,-134.36,78.9,4
-0.64,-0.84,1.09,-170.67,-76.62,205.21,-0.66,-1.05,0.23,-140.52,-143.66,16.43,4
-0.61,0.09,1.44,-203.93,-11.62,253.78,-0.63,-1.31,-0.23,-177.93,-133.99,-76.77,4
-0.62,0.94,1.25,-152.59,97.8,164.85,-0.37,-1.23,-0.82,-72.59,-126.68,-139.15,4
-0.79,1.21,0.51,-144.73,147.01,52.74,-0.02,-1.0,-0.83,54.27,-133.75,-131.95,4
-0.57,0.88,-0.15,-120.85,129.73,-60.61,0.13,-0.56,-0.45,138.35,-137.93,-69.88,4
-0.59,0.18,-0.69,-128.54,62.16,-108.35,0.43,-0.42,-0.01,148.81,-156.19,-2.99,4
-0.86,-0.45,-0.55,-107.8,-18.57,-102.65,0.15,-0.69,0.42,128.35,-128.02,58.23,4
-0.91,-1.11,-0.12,-113.08,-84.88,-45.09,-0.0,-0.95,0.6,62.62,-142.1,100.58,4
-0.9,-1.34,0.59,-71.31,-85.52,65.46,-0.49,-1.1,0.68,-51.46,-108.32,74.94,4
-0.97,-0.8,1.1,-129.36,-56.16,178.26,-0.63,-1.39,0.34,-141.22,-119.24,5.09,4
-0.74,-0.02,1.35,-172.5,2.96,214.12,-0.66,-1.31,-0.14,-148.51,-129.76,-71.01,4
-0.47,0.78,1.29,-151.62,93.11,169.02,-0.44,-1.1,-0.68,-88.2,-119.54,-140.09,4
-0.45,1.27,0.56,-135.4,171.95,48.35,-0.0,-0.8,-0.94,56.65,-110.76,-159.79,4
-0.54,1.07,-0.23,-122.26,146.16,-40.3,0.2,-0.45,-0.74,119.63,-101.04,-101.31,4
-0.72,0.54,-0.61,-78.72,65.61,-84.73,0.6,-0.46,-0.4,109.79,-93.51,-18.81,4
-0.88,0.07,-0.64,-66.13,-14.51,-88.11,0.43,-0.64,0.14,90.98,-74.54,45.27,4
-1.02,-0.51,-0.31,-70.64,-63.48,-69.97,0.31,-0.98,0.44,79.15,-90.73,82.99,4
-0.92,-0.9,0.14,-73.45,-80.3,6.71,-0.11,-0.96,0.41,4.91,-99.57,73.45,4
-0.89,-0.89,0.54,-173.78,-94.94,149.88,-0.32,-1.1,0.26,-95.95,-116.37,33.57,4
-0.74,-0.3,1.02,-187.16,-60.64,233.99,-0.37,-1.25,-0.03,-161.65,-106.65,-37.96,4
-0.58,0.51,1.18,-126.49,51.55,181.68,-0.22,-1.22,-0.41,-96.28,-113.08,-114.39,4
-0.73,1.07,0.67,-161.77,117.5,97.5,0.0,-1.05,-0.79,35.03,-131.89,-128.54,4
-0.73,0.93,-0.03,-123.81,126.13,-14.27,0.32,-0.73,-0.6,108.69,-159.73,-70.82,4
-0.72,0.43,-0.47,-98.78,77.35,-81.46,0.39,-0.58,-0.15,128.17,-146.28,-9.94,4
-0.89,-0.11,-0.58,-119.7,0.09,-100.76,0.31,-0.72,0.24,124.39,-149.02,47.68,4
-1.1,-0.9,-0.25,-127.65,-83.9,-64.21,-0.12,-1.02,0.49,81.43,-162.23,107.68,4
-0.69,-1.54,0.29,-138.87,-116.55,37.2,-0.36,-0.78,0.8,-7.87,-133.35,103.69,4
-0.76,-1.4,0.99,-193.35,-100.61,193.41,-0.71,-1.24,0.59,-140.18,-142.13,22.38,4
-0.63,-0.24,1.31,-127.53,-5.43,222.56,-0.6,-1.31,0.03,-164.39,-120.21,-80.3,4
-0.67,0.79,1.06,-126.13,91.8,154.18,-0.27,-1.17,-0.52,-65.34,-120.15,-134.7,4
-0.8,1.02,0.28,-138.63,122.65,53.35,0.12,-0.86,-0.6,42.74,-146.95,-105.98,4
-0.69,0.72,-0.23,-95.85,94.09,-36.1,0.42,-0.59,-0.51,93.54,-116.07,-45.09,4
-0.78,0.28,-0.53,-85.12,33.69,-77.32,0.32,-0.55,0.02,98.96,-132.96,15.64,4
-0.88,-0.32,-0.47,-89.09,-27.32,-70.12,0.34,-0.74,0.26,88.6,-115.61,58.63,4
-0.87,-0.79,-0.04,-85.09,-81.13,-17.62,-0.05,-0.84,0.35,29.97,-126.68,84.39,4
-0.73,-0.91,0.61,-106.68,-90.18,83.81,-0.51,-0.94,0.33,-59.66,-110.73,63.02,4
-0.76,-0.43,1.2,-209.24,-79.39,216.98,-0.66,-1.25,-0.02,-147.1,-121.77,-5.37,4
