-0.86,-0.54,0.2,33.51,-167.2,79.97,-1.07,0.01,0.41,-31.68,151.71,-37.68,2
-0.69,0.1,1.18,92.41,-118.96,69.73,-1.15,-0.05,-0.16,-62.93,261.52,-37.74,2
-1.22,0.27,-0.17,-70.15,82.38,-16.92,-0.97,-0.01,0.45,119.33,-209.51,5.67,2
-0.68,-0.71,0.38,46.4,-39.33,-35.49,-1.03,0.03,0.23,-22.01,66.07,27.71,2
-0.89,-0.56,0.07,-28.99,25.12,2.71,-0.96,0.04,0.34,30.61,-51.65,-9.73,2
-0.86,-0.24,0.32,7.01,-2.62,-7.35,-0.97,-0.01,0.29,-1.07,8.32,3.54,2
-0.9,-0.47,0.14,3.2,6.46,-1.46,-0.94,0.03,0.34,9.42,-0.06,-7.5,2
-0.84,-0.36,0.24,-5.67,-1.22,1.31,-0.97,-0.03,0.27,-3.9,-1.71,-1.43,2
-0.88,-0.35,0.2,-11.1,-5.52,1.04,-0.96,0.02,0.31,-6.86,4.24,2.41,2
-0.82,-0.38,0.28,-4.3,-3.87,-1.71,-0.95,0.02,0.28,-1.43,2.38,1.07,2
-0.85,-0.4,0.22,-3.93,-6.62,-2.77,-0.94,0.03,0.31,-6.62,5.79,2.04,2
-0.84,-0.45,0.25,0.03,2.47,-1.4,-0.93,0.02,0.3,-2.62,-3.35,-2.99,2
-0.89,-0.39,0.14,-3.41,-1.46,5.7,-0.93,0.03,0.34,-8.93,4.36,-4.6,2
-0.82,-0.37,0.3,1.77,2.87,2.96,-0.94,0.03,0.26,-35.12,6.8,-1.04,2
-0.8,-0.31,0.42,16.07,29.09,-11.1,-0.98,0.02,0.23,-3.41,-35.52,-6.22,2
-0.85,-0.42,0.3,14.91,56.59,-23.72,-0.99,0.01,0.33,11.74,-53.14,-4.27,2
-0.85,-0.4,0.27,33.75,72.23,-33.14,-1.06,0.04,0.32,20.34,-46.83,8.48,2
-0.86,-0.31,0.09,-3.05,76.16,-36.37,-0.94,-0.02,0.45,20.67,-64.05,15.06,2
-0.86,-0.39,-0.01,-40.52,68.9,-39.15,-0.85,0.05,0.54,14.6,-61.04,22.23,2
-0.85,-0.64,-0.48,-70.58,52.07,-25.73,-0.62,0.06,0.56,37.44,-51.46,16.83,2
-0.68,-0.71,-0.55,-52.96,14.88,-14.39,-0.48,0.34,0.71,1.04,-29.12,24.79,2
-0.83,-0.75,-0.75,-2.96,-60.3,24.36,-0.53,0.17,0.87,-26.62,48.14,-12.87,2
-0.9,-0.75,-0.32,27.93,-110.4,56.59,-0.85,0.02,0.63,-21.8,92.41,-50.91,2
-0.9,-0.5,0.05,38.9,-142.77,80.0,-1.04,0.04,0.41,-51.8,128.23,-40.09,2
-0.7,0.21,1.26,72.07,-91.1,54.76,-1.11,-0.0,-0.13,-69.33,201.13,-43.87,2
-0.95,0.36,0.58,14.48,122.74,-43.35,-1.09,-0.1,0.21,92.1,-201.16,-2.23,2
-0.88,-0.39,0.05,-31.59,89.63,-77.01,-1.02,-0.07,0.4,16.98,-102.96,49.76,2
-0.86,-0.61,-0.0,-8.35,89.57,-64.7,-0.89,-0.03,0.54,79.82,-73.02,33.08,2
-0.82,-0.69,-0.38,-15.73,31.65,-33.29,-0.66,0.08,0.56,-5.82,-36.4,23.23,2
-0.94,-0.65,-0.34,21.77,10.12,-9.36,-0.88,0.51,0.81,22.99,-8.17,1.13,2
-0.8,-0.58,-0.08,105.76,4.97,7.65,-0.8,0.17,0.61,36.83,30.88,-39.48,2
-0.78,-0.45,-0.02,4.02,-16.52,18.08,-0.81,0.1,0.51,-5.37,16.01,-17.93,2
-0.87,-0.48,-0.15,0.61,-27.56,19.82,-0.78,0.08,0.58,-17.2,28.35,-17.99,2
-0.82,-0.5,0.04,18.96,-23.26,13.9,-0.85,0.08,0.57,20.4,25.91,-6.83,2
-1.02,-0.56,-0.22,-52.8,-89.82,42.62,-0.86,0.0,0.5,-24.05,59.48,4.48,2
-0.86,-0.49,0.25,1.16,-118.78,59.45,-1.06,-0.03,0.26,-34.42,171.1,-30.95,2
0.89,1.04,1.22,-69.27,-47.5,-16.28,-0.65,0.0,-0.53,0.15,3.9,-20.27,2
-1.32,-0.46,-0.83,-56.55,-10.15,-9.94,-0.81,0.18,0.69,-3.63,-31.46,32.9,2
-0.66,-0.28,0.74,19.66,3.78,-11.52,-1.01,-0.03,0.15,9.45,-12.1,0.06,2
-0.98,-0.49,-0.06,-5.73,-2.96,1.74,-0.95,0.04,0.39,1.37,6.8,-3.54,2
-0.83,-0.37,0.26,-14.66,-2.65,-1.19,-0.97,0.01,0.28,-1.8,-5.88,4.6,2
-0.86,-0.42,0.2,-0.06,-4.6,3.29,-0.94,0.01,0.33,-3.54,6.16,-3.81,2
-0.88,-0.36,0.17,-8.17,-3.78,3.66,-0.95,0.03,0.33,-6.04,1.8,-1.68,2
-0.84,-0.37,0.26,-2.87,-3.51,-0.27,-0.97,0.02,0.3,-1.8,1.19,-1.1,2
-0.85,-0.4,0.22,-5.49,-5.0,-3.45,-0.95,0.02,0.29,-4.39,1.62,2.96,2
-0.83,-0.45,0.23,-4.79,-2.1,-2.44,-0.94,0.03,0.3,-19.57,7.68,4.73,2
-0.79,-0.27,0.44,11.49,22.62,-13.9,-0.95,-0.0,0.17,-13.81,-32.84,-0.03,2
-0.85,-0.34,0.2,-9.24,45.52,-25.95,-0.95,0.01,0.32,-2.32,-61.65,11.43,2
-0.88,-0.52,0.06,-13.32,40.88,-25.79,-0.9,0.03,0.43,15.27,-39.85,18.45,2
-0.91,-0.73,-0.33,-42.26,-4.12,2.56,-0.82,0.05,0.59,6.68,-1.19,6.22,2
-0.84,-0.56,-0.1,-32.04,-41.59,27.71,-0.79,0.04,0.59,-6.01,27.1,1.65,2
-0.91,-0.62,-0.11,4.21,-84.7,51.07,-0.88,0.04,0.53,-19.88,109.88,-31.71,2
-0.69,-0.3,0.84,64.33,-46.01,26.22,-0.97,0.04,-0.01,-36.04,106.55,-46.86,2
-0.86,0.21,0.44,21.46,101.25,-43.05,-0.97,0.08,0.18,61.4,-152.13,-3.29,2
-0.87,-0.36,0.2,6.43,93.75,-61.22,-1.02,-0.03,0.32,39.33,-83.14,16.34,2
-0.96,-0.68,-0.26,-72.04,58.29,-26.74,-0.81,0.05,0.48,27.62,-58.69,24.85,2
-0.74,-0.4,-0.22,-24.18,17.93,-6.65,-0.68,0.17,0.48,10.27,-22.07,21.13,2
-1.18,-0.75,-0.81,8.26,-67.04,29.27,-0.75,0.04,0.96,13.26,62.5,-24.36,2
-0.86,-0.58,0.07,38.23,-133.81,64.36,-1.04,-0.03,0.44,-68.38,174.7,-22.8,2
-0.76,0.62,1.72,2.16,-32.13,27.56,-1.0,-0.06,-0.23,-57.53,118.41,-43.17,2
-1.14,-0.1,-0.17,-4.15,101.55,-42.8,-0.91,0.1,0.36,88.78,-174.79,1.95,2
-0.88,-0.92,0.46,108.02,60.67,-59.63,-1.22,0.04,0.3,44.97,-39.85,-9.51,2
-0.83,-0.15,0.5,123.6,120.55,-45.49,-1.1,0.0,0.27,93.9,-49.66,-47.87,2
-0.81,-0.08,0.25,-32.1,126.77,-36.74,-0.94,-0.15,0.41,54.36,-86.77,-10.15,2
-0.78,-0.22,0.16,-110.64,148.93,-29.79,-0.98,-0.3,0.36,25.4,-145.21,7.1,2
-0.41,-0.47,-0.63,-39.57,172.87,-44.02,-0.2,0.0,0.61,104.12,-148.32,-1.89,2
-0.51,-0.62,-1.31,-32.26,70.91,-44.21,-0.01,0.42,1.06,-4.24,-78.29,20.21,2
-0.66,-0.67,-0.75,71.16,23.2,-51.83,-0.39,0.23,0.9,61.1,-10.49,8.48,2
-0.76,-0.69,-0.61,-11.65,-26.49,-7.07,-0.55,0.09,0.93,-16.19,13.75,15.58,2
-0.76,-0.6,-0.34,13.11,-20.43,-5.58,-0.66,0.16,0.79,4.09,16.95,2.53,2
-0.74,-0.61,-0.33,-4.33,-27.35,1.01,-0.64,0.03,0.73,-8.32,19.73,9.45,2
-0.78,-0.55,-0.3,1.4,-16.49,-3.57,-0.69,0.25,0.77,-2.26,13.26,4.97,2
-0.72,-0.6,-0.26,10.58,-12.1,-9.36,-0.66,0.09,0.7,10.06,8.48,6.01,2
-0.74,-0.58,-0.34,-10.52,-2.26,-6.68,-0.65,0.14,0.76,0.95,-1.77,8.14,2
-0.64,-0.74,-0.69,-47.2,-23.87,13.48,-0.4,0.29,0.96,-2.41,10.15,4.6,2
-0.71,-0.7,-0.52,29.57,-43.48,21.43,-0.56,0.19,0.82,-8.6,47.96,-15.76,2
-0.77,-0.56,-0.19,31.28,-56.25,26.68,-0.76,0.18,0.68,-24.88,58.54,-14.39,2
-0.82,-0.46,-0.0,18.41,-36.65,17.8,-0.85,0.04,0.59,-14.82,40.88,-8.2,2
-0.79,-0.43,-0.01,4.21,-14.42,5.67,-0.81,0.09,0.58,-2.38,14.7,-3.14,2
-0.77,-0.5,-0.28,-37.44,-4.36,3.78,-0.69,0.13,0.68,8.35,-3.87,1.65,2
-0.69,-0.61,-0.43,-27.62,-17.44,16.37,-0.56,0.02,0.6,1.34,10.27,-5.34,2
-0.78,-0.77,-0.65,-26.16,-74.09,48.66,-0.52,0.09,0.84,-55.43,56.74,-19.63,2
-0.85,-0.52,-0.48,-2.47,-111.49,75.24,-0.75,0.09,0.71,-26.07,88.17,-50.82,2
-0.84,-0.55,-0.05,16.65,-153.08,81.46,-0.91,-0.11,0.5,-52.07,121.13,-56.19,2
-0.8,-0.47,0.4,92.35,-149.45,91.19,-1.24,-0.27,0.07,-48.05,258.81,-59.54,2
-0.67,1.29,2.27,80.27,92.84,-0.27,-1.13,-0.47,-0.31,42.38,-98.66,-27.07,2
-0.96,-0.28,-0.09,-84.42,108.14,-84.3,-1.0,-0.11,0.34,11.77,-167.71,54.76,2
-1.07,-0.74,-0.17,-38.54,75.79,-52.16,-0.93,-0.13,0.64,51.34,-76.92,40.73,2
-0.98,-0.61,-0.62,-23.69,6.49,-22.01,-0.59,-0.13,0.73,8.26,-15.55,9.48,2
-0.85,-0.69,-0.37,-40.15,-52.1,14.63,-0.69,0.09,0.65,-48.63,25.76,5.06,2
-0.96,-0.54,-0.37,4.02,-92.23,48.35,-0.83,0.09,0.7,-19.21,73.87,-24.12,2
-0.94,-0.48,-0.02,16.46,-141.74,76.77,-1.07,-0.14,0.32,-36.71,188.81,-37.77,2
1.08,0.44,2.67,72.32,21.46,15.88,-0.98,-0.32,-0.66,30.76,-47.38,-36.46,2
-1.27,-1.02,-1.0,-54.33,-22.47,-23.54,-0.76,0.02,0.54,-16.8,6.55,45.18,2
-0.7,-0.14,0.9,-24.3,5.91,-6.98,-1.1,-0.14,0.14,-3.05,-35.85,14.18,2
-1.05,-0.38,-0.12,13.69,1.25,14.88,-0.96,-0.06,0.4,-3.11,12.65,-22.26,2
-0.83,-0.26,0.38,-12.35,6.77,3.26,-0.95,-0.09,0.19,0.49,-18.72,-1.1,2
-0.88,-0.32,0.28,-5.82,14.42,-7.62,-0.96,-0.08,0.26,-14.3,-15.58,5.3,2
-0.82,-0.26,0.4,18.84,37.29,-19.51,-0.99,-0.09,0.23,-16.86,-45.46,0.85,2
-0.88,-0.33,0.21,-3.45,54.73,-32.77,-0.96,-0.07,0.32,13.38,-56.89,14.91,2
-0.92,-0.42,0.04,-12.32,51.55,-33.63,-0.95,-0.1,0.43,18.35,-47.41,21.13,2
-0.9,-0.48,-0.13,-15.0,23.9,-16.68,-0.81,-0.11,0.55,17.65,-24.73,11.31,2
-0.9,-0.54,-0.28,-20.61,-14.48,9.97,-0.78,-0.13,0.6,0.61,0.4,-8.66,2
-0.9,-0.56,-0.27,4.24,-59.79,34.27,-0.84,-0.11,0.52,-13.17,49.39,-23.32,2
-1.01,-0.37,-0.28,-0.37,-97.65,56.37,-0.87,0.06,0.55,-16.77,102.99,-17.41,2
-0.72,-0.2,1.12,36.62,-101.77,45.27,-1.02,-0.11,-0.17,-91.52,192.07,-29.73,2
-1.12,0.3,0.06,-42.47,108.14,-33.84,-0.95,0.03,0.23,72.04,-200.64,6.71,2
-1.02,-0.34,0.12,23.26,42.13,-41.49,-1.01,-0.09,0.46,-23.26,-39.45,12.29,2
-0.93,-0.36,0.21,-14.73,52.32,-29.66,-1.07,-0.13,0.28,6.62,-52.44,15.52,2
-0.95,-0.4,-0.16,-32.38,26.89,-19.33,-0.87,0.05,0.57,-7.77,-25.91,16.59,2
-0.84,-0.39,-0.02,-5.73,17.84,-14.85,-0.78,0.04,0.54,17.8,-11.1,14.3,2
-0.7,-0.35,-0.0,0.06,-17.16,1.43,-0.7,-0.11,0.35,23.41,14.79,0.79,2
-1.06,-0.64,-0.32,-19.48,-52.59,26.16,-0.9,-0.09,0.69,-14.33,34.66,-14.97,2
-1.0,-0.3,-0.17,-7.01,-114.05,53.08,-1.04,-0.05,0.49,-57.47,130.06,-8.57,2
-0.66,0.0,1.29,42.59,-69.88,28.41,-1.05,-0.07,-0.2,-53.57,146.55,-35.49,2
-1.14,0.12,0.03,-19.18,100.61,-36.28,-0.92,-0.05,0.29,53.57,-175.37,1.52,2
-1.0,-0.46,0.21,0.12,45.88,-39.82,-1.1,-0.11,0.37,-1.31,-59.79,13.48,2
-0.87,-0.61,0.28,52.87,75.55,-25.95,-1.06,-0.11,0.3,42.23,-55.34,-4.12,2
-0.91,-0.48,0.24,87.26,87.93,-30.95,-1.06,-0.02,0.38,62.56,-39.48,-20.43,2
-0.74,-0.05,0.48,8.35,104.6,-31.55,-0.96,-0.07,0.21,43.63,-69.91,-14.36,2
-0.86,-0.27,-0.17,-48.32,141.31,-31.95,-0.76,-0.26,0.72,59.18,-112.38,-11.62,2
-0.43,-0.32,-0.48,-20.06,147.1,-47.29,-0.31,0.13,0.58,77.1,-131.65,5.18,2
-0.61,-0.49,-1.09,-40.46,68.57,-36.77,-0.16,0.07,0.99,-4.05,-69.18,15.03,2
-0.72,-0.57,-0.73,22.99,23.57,-40.03,-0.48,0.25,0.87,26.62,-23.78,15.09,2
-0.81,-0.58,-0.51,-3.51,-21.65,-10.03,-0.6,-0.05,0.83,0.4,14.33,12.93,2
-0.85,-0.66,-0.53,-10.21,-35.03,4.76,-0.65,0.17,0.91,-18.75,27.32,9.09,2
-0.8,-0.57,-0.26,18.69,-40.58,4.91,-0.71,0.01,0.7,4.18,36.89,3.17,2
-0.86,-0.52,-0.34,12.53,-42.07,9.15,-0.72,-0.02,0.8,-10.37,42.23,2.07,2
-0.8,-0.47,-0.13,16.95,-33.51,10.03,-0.74,0.01,0.66,-5.3,32.65,1.01,2
-0.82,-0.39,-0.17,-6.16,-22.9,11.22,-0.77,0.0,0.69,-11.95,21.1,-3.35,2
-0.79,-0.46,-0.18,-14.33,-10.4,7.13,-0.72,0.04,0.64,-4.97,5.61,-1.01,2
-0.82,-0.52,-0.4,-39.12,-16.25,9.51,-0.65,0.12,0.77,-20.18,6.52,5.15,2
-0.78,-0.57,-0.23,13.9,-16.52,4.85,-0.71,0.04,0.64,1.34,14.94,-1.71,2
-0.87,-0.48,-0.18,-1.92,-23.23,10.46,-0.78,0.07,0.71,-18.29,19.51,0.52,2
-0.85,-0.46,0.02,30.0,-2.41,-4.45,-0.87,-0.03,0.55,15.79,7.99,-3.63,2
-0.86,-0.42,-0.12,-21.83,1.8,-1.04,-0.79,-0.04,0.59,-6.31,-8.48,1.62,2
-0.84,-0.45,-0.19,-5.46,14.85,-6.83,-0.75,0.05,0.66,16.49,-14.94,-1.98,2
-0.84,-0.5,-0.21,-4.63,11.86,-7.26,-0.73,-0.06,0.65,9.79,-15.12,0.55,2
-0.86,-0.54,-0.31,-19.94,5.37,-3.26,-0.71,0.09,0.76,-9.12,-11.25,4.73,2
-0.84,-0.53,-0.34,-10.95,-1.77,-2.13,-0.67,0.1,0.72,8.14,-0.24,0.73,2
-0.8,-0.63,-0.42,2.77,-20.98,6.74,-0.63,0.0,0.76,1.68,20.43,-2.47,2
-0.76,-0.52,-0.48,-36.31,-61.31,37.56,-0.55,0.1,0.71,-32.87,43.54,-10.09,2
-0.92,-0.57,-0.67,-36.16,-108.23,61.52,-0.67,0.03,0.83,-43.08,80.79,-26.01,2
-0.83,-0.36,-0.11,5.21,-130.58,67.23,-0.9,-0.06,0.41,-25.15,111.28,-45.49,2
-0.92,-0.52,0.17,14.57,-158.54,77.1,-1.08,-0.3,0.24,-47.07,173.6,-28.17,2
-0.27,0.67,2.49,57.71,-16.46,33.72,-0.97,-0.19,-0.64,-57.5,139.39,-35.82,2
-0.94,0.14,0.23,-61.83,123.05,-72.93,-1.0,-0.17,0.11,49.18,-234.21,21.04,2
-1.02,-0.66,-0.28,-73.05,72.23,-55.43,-0.91,-0.14,0.48,27.04,-78.96,44.82,2
-0.89,-0.51,-0.2,-4.54,31.83,-29.91,-0.69,-0.03,0.7,45.91,-36.25,19.48,2
-0.82,-0.69,-0.5,-26.49,-28.96,6.07,-0.57,-0.02,0.69,-42.99,18.66,3.05,2
-1.02,-0.39,-0.42,-4.7,-62.26,29.45,-0.91,0.08,0.66,-1.86,37.26,-4.63,2
-0.84,-0.54,0.07,9.97,-121.22,54.12,-0.92,-0.15,0.35,-16.77,113.23,-27.74,2
-0.8,-0.23,0.47,57.53,-118.51,40.76,-1.03,-0.21,0.0,-80.67,235.0,-25.3,2
-1.12,0.11,-0.04,-117.1,50.55,-26.01,-0.87,0.01,0.31,49.12,-157.04,34.7,2
-0.87,-0.33,0.41,14.36,-30.79,-17.84,-1.07,-0.14,0.25,-41.68,47.16,18.87,2
-0.9,-0.55,0.14,-22.01,18.57,12.68,-0.97,-0.08,0.29,13.93,-35.52,-13.99,2
-0.93,-0.17,0.21,1.98,-0.09,8.6,-0.94,-0.11,0.28,-9.63,2.1,-6.07,2
-0.91,-0.29,0.28,-2.87,6.01,-1.83,-0.97,-0.07,0.28,-10.76,-12.96,2.01,2
-0.87,-0.26,0.29,5.98,18.2,-15.67,-0.97,-0.1,0.3,-5.03,-28.87,7.35,2
-0.91,-0.3,0.26,1.98,27.59,-20.46,-0.98,-0.1,0.31,-10.4,-31.59,3.6,2
-0.87,-0.32,0.22,0.82,36.86,-22.74,-0.95,-0.11,0.35,9.91,-40.37,7.62,2
-0.94,-0.33,0.04,6.86,31.43,-17.35,-0.9,-0.08,0.39,9.6,-23.84,1.04,2
-0.91,-0.37,0.08,3.96,24.73,-11.92,-0.9,-0.08,0.45,2.8,-15.67,4.48,2
-0.93,-0.41,-0.07,-15.61,12.87,-2.23,-0.85,-0.06,0.49,-1.89,-12.13,3.23,2
-0.89,-0.43,-0.11,-18.66,-8.45,10.82,-0.81,-0.03,0.56,-3.96,7.01,-5.09,2
-0.95,-0.47,-0.27,-23.02,-43.26,24.33,-0.77,-0.03,0.63,-1.77,35.06,-4.51,2
-1.01,-0.35,-0.16,-34.85,-90.88,39.54,-0.89,0.02,0.49,-32.8,78.63,0.37,2
-0.88,-0.39,0.53,33.66,-107.5,45.85,-1.11,-0.13,0.04,-68.48,204.24,-20.49,2
-0.94,0.26,0.99,36.59,112.56,-10.88,-1.14,-0.34,0.07,96.49,-171.07,-7.74,2
-1.0,-0.41,-0.03,-1.98,58.14,-47.93,-0.93,-0.12,0.37,0.06,-74.97,13.08,2
-0.89,-0.34,0.29,8.84,64.42,-41.01,-1.09,-0.18,0.32,11.31,-60.76,19.02,2
-0.9,-0.41,-0.29,-23.2,50.3,-28.96,-0.71,-0.02,0.47,35.21,-38.51,14.27,2
-0.87,-0.49,-0.29,-44.15,-2.2,-5.49,-0.67,-0.07,0.63,14.33,-11.4,13.96,2
-0.87,-0.64,-0.34,1.31,-45.12,29.02,-0.7,-0.07,0.59,-12.01,45.03,-29.48,2
-1.02,-0.43,-0.21,15.12,-98.96,49.3,-0.81,-0.02,0.62,-35.46,102.35,-9.18,2
-0.87,-0.09,0.61,39.82,-112.07,51.04,-1.08,-0.17,-0.02,-75.76,220.58,-17.5,2
-0.93,0.15,0.94,23.75,115.0,-19.05,-1.16,-0.26,0.13,103.2,-191.62,-3.48,2
-0.91,-0.66,0.08,47.96,76.74,-50.4,-0.99,-0.02,0.31,33.48,-82.59,-1.04,2
-0.87,-0.42,0.61,97.13,109.18,-40.64,-1.33,-0.01,0.24,68.23,-58.35,-27.68,2
-0.97,-0.15,0.17,61.07,132.07,-41.37,-0.96,-0.11,0.44,78.99,-75.73,-28.26,2
-0.81,0.03,0.24,-63.2,123.75,-40.0,-0.9,-0.28,0.35,10.34,-110.06,3.72,2
-0.55,-0.26,-0.33,-57.16,177.41,-60.15,-0.48,-0.39,0.61,111.16,-152.59,-7.2,2
-0.36,-0.57,-0.95,-101.49,123.93,-46.71,-0.11,-0.22,0.56,-12.13,-138.05,37.41,2
-0.6,-0.85,-1.36,5.67,37.16,-35.0,-0.04,0.17,1.07,-14.24,-37.96,20.46,2
-0.83,-0.56,-0.71,19.73,-15.09,-7.59,-0.54,0.21,0.93,-13.02,12.68,3.11,2
-0.84,-0.59,-0.39,21.77,-24.05,-1.74,-0.67,-0.0,0.84,6.28,24.6,1.01,2
-0.83,-0.44,-0.38,-0.21,-24.05,3.84,-0.67,-0.0,0.81,-13.69,20.27,1.07,2
-0.79,-0.47,-0.36,8.11,-9.63,-4.02,-0.63,0.04,0.81,11.01,11.13,2.07,2
-0.75,-0.42,-0.36,-5.24,-4.97,-7.04,-0.59,-0.03,0.77,4.97,1.43,6.22,2
-0.74,-0.55,-0.49,-19.21,-7.84,-3.75,-0.54,0.07,0.85,-7.93,-1.13,9.05,2
-0.74,-0.48,-0.46,-18.63,-13.26,2.84,-0.55,0.1,0.8,-15.27,4.63,6.55,2
-0.76,-0.55,-0.39,14.88,-7.59,-2.13,-0.61,0.02,0.79,8.23,10.4,-1.52,2
-0.78,-0.49,-0.33,-11.4,-5.91,-0.67,-0.64,0.03,0.77,-3.96,-1.43,4.97,2
-0.79,-0.51,-0.4,-1.98,-1.86,-5.24,-0.61,0.07,0.83,0.24,2.71,5.3,2
-0.77,-0.53,-0.34,-0.52,1.55,-7.53,-0.62,0.0,0.76,8.72,-2.35,5.91,2
-0.79,-0.49,-0.49,-17.9,0.34,-2.01,-0.58,0.09,0.85,0.06,-4.76,2.56,2
-0.72,-0.58,-0.47,1.71,-1.19,-0.49,-0.55,0.08,0.82,12.59,2.56,-3.02,2
-0.73,-0.6,-0.58,-15.61,-21.13,11.46,-0.47,0.12,0.88,-13.57,15.95,-2.77,2
-0.71,-0.56,-0.69,0.21,-53.11,28.14,-0.46,0.1,0.77,-5.95,47.32,-13.41,2
-0.77,-0.7,-0.75,5.67,-113.2,54.66,-0.5,-0.04,0.85,-54.85,98.54,-17.84,2
-0.79,-0.36,-0.77,-27.29,-177.13,76.77,-0.57,0.1,0.76,-78.54,140.46,-26.68,2
-0.77,-0.5,0.06,47.68,-196.46,69.91,-1.1,-0.34,0.41,-26.89,161.16,-52.9,2
-0.68,-0.06,0.68,118.96,-159.91,85.3,-1.32,-0.5,-0.15,-103.69,332.87,-24.85,2
-0.77,0.89,1.33,-6.86,172.04,-33.81,-1.18,-0.58,-0.2,109.76,-279.54,-6.8,2
-1.07,-0.32,-0.36,-98.02,105.06,-66.65,-1.01,-0.18,0.49,0.49,-137.99,63.17,2
-1.04,-0.65,-0.2,-30.18,51.95,-39.91,-0.89,-0.08,0.73,26.1,-49.54,26.28,2
-0.77,-0.41,-0.47,-5.91,11.28,-25.18,-0.46,-0.03,0.64,16.25,-10.88,33.11,2
-1.02,-0.65,-0.65,-9.79,-61.77,10.24,-0.71,-0.08,0.83,-24.05,45.03,-3.23,2
-0.9,-0.57,-0.24,-8.45,-104.63,47.59,-0.89,-0.01,0.52,-43.32,69.18,-22.38,2
-0.99,-0.31,0.0,20.0,-128.66,65.61,-0.95,-0.21,0.4,-7.96,158.17,-35.43,2
0.79,0.36,2.25,80.49,-8.17,15.37,-0.98,-0.37,-0.62,-11.46,17.99,-20.24,2
-1.13,-0.88,-0.68,-62.32,-0.15,-14.85,-0.8,-0.08,0.49,-6.98,-36.62,30.67,2
-0.84,-0.08,0.72,-20.06,-0.12,-4.15,-1.1,-0.19,0.2,-6.68,-17.32,11.13,2
-1.06,-0.45,-0.13,2.32,-0.67,12.77,-0.93,-0.1,0.42,-6.13,7.23,-13.96,2
-0.85,-0.21,0.34,-12.65,2.41,7.1,-0.94,-0.17,0.25,0.55,-12.87,-2.35,2
-0.93,-0.23,0.19,1.89,-0.37,2.13,-0.93,-0.12,0.32,-6.37,2.93,-2.99,2
-0.88,-0.36,0.22,13.11,7.2,-1.59,-0.94,-0.1,0.31,-13.72,-3.29,-1.8,2
-0.87,-0.11,0.4,3.17,17.5,-15.67,-0.97,-0.17,0.21,-16.59,-26.98,2.38,2
-0.93,-0.33,0.14,7.29,38.32,-20.4,-0.91,-0.12,0.35,18.45,-41.13,1.19,2
-0.93,-0.22,0.19,20.95,37.99,-25.76,-0.97,-0.17,0.36,11.07,-31.86,8.99,2
-0.92,-0.4,0.02,1.49,33.66,-17.1,-0.86,-0.13,0.43,14.24,-26.4,8.17,2
-0.92,-0.36,-0.05,-1.43,20.64,-4.73,-0.82,-0.08,0.5,8.17,-12.77,-2.04,2
-0.92,-0.45,-0.12,-11.16,-1.49,5.76,-0.81,-0.09,0.53,4.82,4.21,-4.39,2
-0.93,-0.35,-0.1,-11.98,-17.62,12.53,-0.82,-0.15,0.49,-5.4,14.21,-5.15,2
-0.94,-0.35,-0.1,-5.67,-39.39,19.36,-0.86,-0.11,0.54,-9.21,35.67,-6.92,2
-1.04,-0.23,-0.24,-34.94,-81.65,33.23,-0.88,-0.03,0.51,-11.74,70.46,1.8,2
-0.81,-0.41,0.69,29.02,-100.79,37.84,-1.03,-0.18,0.03,-66.43,174.54,-11.74,2
-0.87,0.32,0.86,27.71,102.29,-12.2,-1.1,-0.38,0.05,87.9,-139.48,-14.73,2
-1.09,-0.48,-0.18,-5.34,38.2,-28.11,-0.91,-0.16,0.41,3.78,-54.85,11.4,2
-0.91,-0.34,0.45,14.36,39.76,-20.64,-1.13,-0.24,0.29,-0.49,-41.59,-1.01,2
-0.89,-0.25,0.05,28.35,64.12,-25.43,-0.8,-0.11,0.4,35.67,-46.16,2.84,2
-0.91,-0.33,-0.08,-41.55,27.2,-19.97,-0.79,-0.15,0.47,2.13,-26.55,19.48,2
-0.75,-0.32,-0.14,-15.43,4.45,-3.72,-0.64,-0.06,0.38,33.41,-9.94,7.5,2
-1.1,-0.58,-0.52,-28.32,-37.44,17.96,-0.8,-0.1,0.78,-12.23,21.46,-10.03,2
-0.96,-0.37,-0.12,-2.41,-81.49,39.39,-1.02,-0.08,0.54,-26.62,62.59,-8.17,2
-1.0,-0.37,0.2,12.13,-112.44,53.84,-1.04,-0.25,0.17,-65.27,182.01,-19.18,2
0.31,-0.46,1.75,55.0,37.41,19.36,-1.17,-0.37,-0.2,14.63,-89.82,-26.59,2
-0.85,-0.43,0.13,17.38,103.69,-38.17,-0.95,-0.08,0.22,13.99,-135.06,-1.62,2
-0.97,-0.42,0.38,72.93,110.24,-48.63,-1.16,-0.17,0.29,70.82,-72.77,-3.57,2
-0.91,-0.27,0.1,52.32,114.15,-46.49,-0.92,-0.17,0.38,63.51,-70.3,-4.57,2
-0.91,0.01,0.17,-69.79,106.28,-45.64,-1.02,-0.31,0.49,22.8,-96.59,17.71,2
-0.64,-0.17,-0.28,-70.79,120.61,-42.87,-0.53,-0.26,0.54,100.61,-103.54,5.88,2
-0.53,-0.71,-0.84,-73.38,87.44,-28.32,-0.31,0.17,0.88,2.35,-104.51,19.02,2
-0.85,-0.6,-1.04,25.67,38.2,-46.37,-0.35,0.14,1.03,39.48,-31.55,18.35,2
-0.84,-0.56,-0.6,7.1,-5.3,-11.43,-0.6,0.1,0.9,-6.13,3.38,6.31,2
-0.84,-0.47,-0.32,3.26,-11.89,-1.28,-0.71,-0.09,0.72,-0.27,6.22,1.16,2
-0.87,-0.42,-0.4,-11.01,-9.76,-0.09,-0.67,0.07,0.83,-13.2,7.59,4.63,2
-0.8,-0.52,-0.43,10.64,-4.09,-8.14,-0.58,-0.05,0.77,24.7,7.84,3.6,2
-0.78,-0.55,-0.64,-30.43,-31.55,6.95,-0.49,-0.0,0.84,-25.4,19.3,11.52,2
-0.81,-0.53,-0.47,22.9,-40.82,7.32,-0.62,0.06,0.78,-3.41,40.88,-3.11,2
-0.83,-0.5,-0.28,3.87,-53.38,17.93,-0.7,-0.07,0.69,-22.87,46.07,-3.51,2
-0.87,-0.39,-0.16,25.18,-40.18,15.3,-0.8,0.01,0.65,-15.73,44.18,-8.2,2
-0.82,-0.39,0.0,27.47,-19.79,6.1,-0.8,-0.14,0.56,7.2,23.84,-4.97,2
-0.89,-0.38,-0.18,-20.85,-16.37,10.52,-0.77,0.04,0.68,-21.83,11.49,1.04,2
-0.87,-0.4,-0.08,7.04,4.42,-4.94,-0.83,-0.01,0.64,19.6,-1.31,1.31,2
-0.85,-0.42,-0.15,-12.8,3.32,-2.41,-0.77,-0.09,0.61,0.03,-8.2,0.12,2
-0.86,-0.48,-0.4,-39.42,1.28,5.3,-0.66,0.09,0.73,-10.15,-12.07,3.48,2
-0.79,-0.46,-0.39,-1.89,-19.88,10.46,-0.58,-0.04,0.71,7.77,22.23,-7.47,2
-0.96,-0.62,-0.61,-17.74,-71.13,39.48,-0.63,-0.11,0.78,-43.14,53.41,-13.96,2
-0.85,-0.48,-0.45,0.61,-125.21,63.96,-0.68,0.1,0.71,-52.29,102.47,-36.13,2
-0.86,-0.31,0.24,9.48,-137.65,61.77,-1.36,0.29,0.22,-19.91,105.43,24.57,2
-0.93,-0.35,0.2,60.55,-136.65,80.09,-1.09,-0.31,0.23,-29.54,208.69,-42.29,2
1.3,0.62,2.46,-4.82,21.1,11.22,-0.87,-0.32,-0.47,52.53,-56.22,-33.54,2
-0.96,-0.07,-0.07,-48.72,115.7,-74.63,-0.87,-0.19,0.41,0.67,-164.73,46.34,2
-1.07,-0.6,-0.18,-57.2,64.27,-57.56,-0.97,-0.16,0.5,9.57,-78.35,58.84,2
-1.0,-0.49,-0.38,-40.55,24.12,-23.57,-0.73,0.04,0.67,-0.98,-27.56,24.76,2
-0.88,-0.27,-0.15,-5.76,-15.58,-8.48,-0.76,-0.05,0.58,14.45,14.54,17.2,2
-0.98,-0.51,-0.34,1.1,-61.77,22.74,-0.74,-0.25,0.63,-8.14,50.49,-14.18,2
-0.92,-0.45,-0.13,-9.94,-109.3,46.71,-0.89,-0.18,0.42,-34.76,80.27,-17.1,2
-1.01,-0.38,0.19,32.93,-132.04,48.11,-1.11,-0.27,0.15,-79.36,225.4,-26.46,2
-1.13,0.81,0.99,10.27,81.07,-24.48,-1.05,-0.32,0.24,102.77,-155.37,11.77,2
-1.05,-0.4,-0.12,-2.38,-15.24,-25.09,-0.95,-0.09,0.33,-27.96,23.48,23.81,2
-0.86,-0.47,0.4,-25.82,11.77,-1.22,-1.03,-0.15,0.22,-10.64,-40.88,11.59,2
-0.93,-0.19,0.25,16.01,33.54,1.25,-0.99,-0.12,0.28,-8.45,-31.28,-16.52,2
-0.9,-0.18,0.29,7.93,27.26,-10.37,-0.95,-0.16,0.26,-12.87,-28.9,-2.71,2
-0.89,-0.31,0.24,5.4,40.15,-20.76,-0.96,-0.11,0.31,16.01,-40.37,5.52,2
-0.93,-0.32,0.08,12.32,42.5,-25.55,-0.87,-0.19,0.41,34.21,-38.17,10.98,2
-0.92,-0.33,-0.01,5.4,30.12,-20.95,-0.87,-0.15,0.41,24.45,-33.35,15.18,2
-0.92,-0.39,-0.1,2.53,13.57,-6.01,-0.79,-0.07,0.53,-6.01,-9.51,3.2,2
-0.94,-0.35,-0.11,-2.29,-7.44,8.84,-0.81,-0.06,0.56,-10.12,10.46,-6.16,2
-0.93,-0.37,-0.07,-9.63,-30.12,21.07,-0.85,-0.09,0.46,-18.93,24.97,-12.26,2
-0.93,-0.34,-0.17,-23.63,-48.6,27.68,-0.83,-0.1,0.47,-15.27,35.3,-9.27,2
-0.91,-0.29,0.1,-7.62,-80.67,33.69,-0.96,-0.15,0.35,-26.4,77.26,-0.3,2
-0.94,-0.35,0.31,-18.29,-96.52,40.76,-0.99,-0.2,0.16,-67.8,153.23,2.32,2
0.06,-0.12,1.39,49.66,36.52,-11.34,-0.89,-0.2,-0.22,46.25,-51.22,-36.68,2
-0.97,-0.26,0.12,4.63,78.96,-39.33,-0.94,-0.17,0.22,24.27,-115.03,1.31,2
-0.95,-0.3,0.32,-1.25,67.9,-37.35,-1.18,-0.29,0.23,24.33,-71.46,7.07,2
-0.92,-0.32,0.1,18.51,76.25,-34.85,-0.94,-0.12,0.43,31.8,-58.84,12.84,2
-0.92,-0.35,-0.25,-28.35,47.5,-22.2,-0.76,-0.08,0.56,13.2,-42.65,16.34,2
-0.93,-0.42,-0.43,-33.69,8.14,-0.73,-0.62,0.05,0.73,20.95,-9.97,4.05,2
-0.79,-0.53,-0.43,-2.04,-51.8,28.41,-0.57,-0.05,0.56,1.22,42.5,-19.48,2
-1.12,-0.55,-0.33,11.98,-137.38,62.2,-0.92,-0.17,0.7,-39.76,120.37,-32.9,2
-0.63,-0.15,0.57,59.18,-117.56,72.04,-1.06,-0.25,-0.19,-116.01,268.23,-32.5,2
-0.76,0.45,0.98,-25.55,141.62,-29.66,-1.04,-0.31,-0.17,112.5,-239.54,13.41,2
-1.11,-0.32,-0.06,-23.54,80.37,-64.54,-1.03,-0.17,0.4,2.1,-98.72,29.42,2
-0.97,-0.52,0.29,17.47,85.27,-50.21,-1.14,-0.24,0.34,29.85,-77.71,23.63,2
-0.96,-0.38,0.09,57.77,96.25,-41.04,-0.95,-0.03,0.54,62.99,-52.53,-12.29,2
-0.9,-0.39,0.1,5.67,93.51,-26.19,-0.9,-0.11,0.51,31.22,-62.77,-19.02,2
-0.73,-0.05,-0.03,-54.54,104.85,-25.21,-0.69,-0.16,0.33,30.09,-97.65,0.21,2
-0.71,-0.27,-0.36,-23.75,128.87,-49.82,-0.6,0.04,0.95,84.33,-109.82,-1.49,2
-0.55,-0.47,-0.9,28.14,75.18,-44.85,-0.18,0.09,0.88,59.54,-59.27,11.49,2
-0.76,-0.57,-0.86,-13.54,23.08,-20.09,-0.42,0.15,1.0,-13.93,-23.29,12.38,2
-0.82,-0.5,-0.42,27.53,3.96,-14.09,-0.66,0.01,0.82,22.77,4.18,-1.83,2
-0.91,-0.57,-0.6,-16.77,-21.4,4.18,-0.62,-0.07,0.9,-21.13,13.72,7.38,2
-0.84,-0.46,-0.5,-5.0,-34.63,5.67,-0.65,0.13,0.84,-5.27,28.32,5.58,2
-0.81,-0.59,-0.52,18.93,-60.0,9.21,-0.59,-0.02,0.82,-5.03,54.91,0.58,2
-0.82,-0.53,-0.48,-2.87,-78.41,22.23,-0.6,0.09,0.8,-33.51,66.83,2.32,2
-0.8,-0.44,-0.25,16.52,-87.99,28.63,-0.74,0.04,0.69,-18.29,79.24,-2.26,2
-0.83,-0.52,-0.19,20.88,-96.62,38.38,-0.79,-0.07,0.6,-32.07,91.46,-15.21,2
-0.85,-0.41,0.05,17.5,-102.9,46.86,-0.9,-0.02,0.49,-47.5,87.2,-22.26,2
-0.89,-0.48,-0.06,-27.77,-131.37,65.4,-0.77,-0.11,0.49,-43.45,105.76,-28.17,2
-0.89,-0.38,0.24,29.3,-137.01,79.66,-1.23,-0.26,0.12,-34.21,215.12,-49.54,2
0.96,1.29,1.26,-32.04,-30.0,32.16,-0.39,-0.13,-0.83,6.04,7.93,-39.36,2
-1.05,-0.07,-0.17,-44.6,99.12,-56.07,-0.89,-0.12,0.3,22.41,-181.22,29.66,2
-0.95,-0.46,0.21,-41.49,55.88,-44.57,-1.23,-0.32,0.28,-10.34,-72.32,37.47,2
-0.92,-0.27,-0.02,-28.11,59.42,-33.9,-0.95,-0.07,0.44,14.7,-56.98,25.91,2
-0.96,-0.33,-0.18,10.4,27.77,-28.26,-0.84,-0.19,0.61,6.59,-16.1,9.91,2
-0.81,-0.4,-0.04,-0.27,31.4,-22.65,-0.78,-0.06,0.42,8.38,-31.52,18.69,2
-0.78,-0.18,-0.13,-22.96,19.3,-14.91,-0.72,-0.21,0.26,13.11,-25.46,11.89,2
-1.0,-0.51,-0.56,-57.62,-12.32,12.07,-0.68,0.05,0.88,-9.76,-12.56,4.12,2
-0.93,-0.62,-0.73,-11.01,-81.86,49.27,-0.56,-0.0,0.79,-20.09,56.25,-30.34,2
-0.98,-0.46,-0.09,29.42,-150.34,68.23,-0.97,-0.14,0.54,-28.48,128.08,-42.23,2
-0.47,0.31,2.84,34.51,-36.92,45.85,-1.0,-0.17,-0.71,-100.85,272.16,-29.27,2
-1.21,0.1,-0.16,-115.21,75.95,-19.82,-0.89,0.13,0.25,73.96,-189.63,0.46,2
-0.95,-0.41,0.08,49.94,-24.24,-15.43,-0.94,-0.18,0.31,-22.35,40.27,4.73,2
-0.79,0.01,0.58,15.55,22.99,-23.93,-1.15,-0.34,0.18,-8.78,-36.86,7.44,2
-0.87,-0.18,0.18,-8.96,45.58,-32.65,-0.87,-0.14,0.3,7.93,-55.67,16.8,2
-0.8,-0.38,0.2,1.37,49.02,-26.74,-0.89,-0.15,0.27,9.36,-44.91,10.49,2
-1.07,-0.44,0.07,44.54,60.67,-20.55,-1.04,-0.16,0.49,16.34,-34.66,-4.33,2
-0.83,-0.01,0.43,1.74,60.64,-23.87,-1.08,-0.11,0.28,5.95,-44.02,2.44,2
-0.86,-0.36,-0.12,12.01,92.13,-48.99,-0.71,-0.08,0.5,84.24,-73.87,7.23,2
-0.78,-0.33,-0.44,-75.7,58.02,-48.23,-0.57,-0.08,0.6,7.68,-82.01,44.3,2
-0.79,-0.51,-0.43,5.03,48.78,-41.22,-0.64,0.15,0.78,37.74,-43.51,11.34,2
-0.77,-0.62,-0.26,5.88,35.3,-24.05,-0.66,-0.16,0.61,22.56,-33.08,7.07,2
-0.92,-0.61,-0.43,-29.24,8.93,1.25,-0.7,0.12,0.85,-29.85,-17.38,3.23,2
-0.89,-0.53,-0.28,10.49,1.59,4.66,-0.76,0.11,0.72,10.88,4.3,-9.33,2
-0.88,-0.55,-0.29,6.65,-21.04,11.04,-0.75,-0.07,0.69,-6.92,22.41,-6.49,2
-0.89,-0.44,-0.16,25.55,-19.79,8.08,-0.81,0.01,0.63,-8.6,25.34,-5.27,2
-0.87,-0.37,-0.11,-5.15,-28.17,10.79,-0.79,-0.06,0.6,-14.82,22.8,-0.79,2
-0.86,-0.38,-0.05,18.96,-7.1,1.01,-0.8,-0.04,0.55,3.02,8.96,-5.06,2
-0.86,-0.44,-0.07,-9.36,-9.33,1.83,-0.81,-0.08,0.58,-8.08,1.59,1.8,2
-0.87,-0.4,-0.14,-14.24,1.98,0.21,-0.79,0.02,0.63,2.56,-6.07,-0.27,2
-0.84,-0.47,-0.11,2.2,5.85,-4.63,-0.77,-0.04,0.61,13.32,-5.27,0.03,2
-0.86,-0.54,-0.31,-28.72,-8.78,4.39,-0.69,0.03,0.7,-8.48,3.87,2.44,2
-0.85,-0.5,-0.17,19.88,-6.65,0.79,-0.76,0.0,0.62,9.15,9.24,-5.18,2
-0.83,-0.41,-0.19,-11.04,-28.75,13.51,-0.72,-0.01,0.57,-20.0,19.51,2.62,2
-0.95,-0.48,-0.49,-60.85,-43.9,35.09,-0.73,0.07,0.83,-11.65,24.15,-12.53,2
-0.77,-0.72,-0.42,-43.14,-88.48,55.85,-0.61,0.02,0.65,-57.56,59.39,-16.07,2
-0.92,-0.34,-0.27,-0.58,-127.93,71.98,-1.21,-0.25,0.76,-27.32,91.65,-42.68,2
-0.96,-0.32,0.25,63.9,-155.79,74.48,-1.17,-0.36,0.07,-54.15,253.17,-39.05,2
-0.69,0.87,2.34,86.46,91.71,-20.58,-1.35,-0.54,-0.42,37.44,-115.49,-10.24,2
-1.12,-0.27,-0.2,-63.11,92.68,-74.79,-0.91,-0.15,0.49,10.3,-144.09,42.2,2
-0.97,-0.51,0.03,-66.34,56.83,-48.14,-1.07,-0.23,0.51,11.31,-73.29,50.37,2
-0.89,-0.47,-0.41,-7.47,30.27,-24.82,-0.67,-0.07,0.59,15.06,-21.4,16.55,2
-0.92,-0.43,-0.28,-30.34,-23.63,-4.79,-0.72,0.02,0.74,-12.65,10.88,20.18,2
-0.91,-0.68,-0.42,-4.27,-70.76,28.9,-0.69,-0.07,0.67,-18.41,56.52,-15.85,2
-0.95,-0.51,-0.21,-22.99,-120.09,51.37,-0.9,-0.04,0.52,-25.58,86.74,-17.71,2
-0.9,-0.35,0.33,46.86,-140.06,57.53,-1.1,-0.22,0.1,-95.4,254.79,-27.29,2
-1.05,0.72,0.6,-44.02,78.23,-15.12,-1.02,-0.14,0.18,78.66,-167.84,15.43,2
-1.1,-0.44,-0.01,18.75,-28.35,-18.08,-1.02,-0.11,0.37,-37.04,47.74,17.9,2
