0.14,-0.13,2.15,-50.79,51.01,270.61,-0.55,1.22,0.24,-71.31,241.86,-99.02,4
0.57,0.69,1.35,-120.0,166.1,194.09,-0.24,0.89,-0.25,-134.63,147.93,-162.44,4
0.58,1.12,0.77,-100.67,218.93,59.12,-0.24,0.16,-0.76,-151.77,-18.63,-176.25,4
0.36,0.98,0.27,-123.41,195.34,-56.77,-0.23,0.58,-0.74,-102.99,-125.7,-115.55,4
-0.25,0.36,-0.1,-59.91,120.24,-107.07,-0.49,0.1,-0.42,-80.95,-146.43,-37.2,4
-1.02,-0.31,-0.43,9.73,-38.29,-98.78,-0.82,0.37,0.19,2.53,-53.9,75.06,4
-0.89,-1.09,-0.02,-69.76,-216.28,13.41,-0.72,0.71,0.47,64.45,54.76,155.34,4
-0.53,-1.35,1.34,13.72,-227.99,186.16,-0.99,0.89,0.34,32.9,209.76,102.9,4
-0.02,-0.26,2.07,83.08,-89.54,293.41,-1.12,0.97,-0.12,-61.1,285.85,-33.05,4
0.05,0.89,1.66,15.03,95.43,253.41,-1.01,0.69,-0.33,-113.05,198.81,-163.35,4
0.37,1.09,1.02,-84.33,231.34,149.91,-0.44,0.47,-0.54,-188.93,39.02,-206.83,4
0.15,1.09,0.2,-143.84,224.39,68.78,-0.46,0.27,-0.66,-177.07,-36.95,-174.27,4
-0.33,0.9,-0.37,-30.43,52.74,-50.37,-0.49,0.16,-0.7,-44.63,-81.25,21.1,4
-0.66,0.04,-0.34,-10.46,-123.2,-107.53,-0.78,0.2,-0.09,30.18,-57.01,201.86,4
-0.78,-0.81,0.33,-118.93,-172.87,33.26,-0.6,0.62,0.61,-37.56,64.12,137.99,4
-0.76,-1.04,1.92,-40.98,-81.68,202.68,-1.23,1.32,0.58,-48.02,184.02,5.98,4
-0.31,-0.76,1.97,-69.88,-10.43,303.84,-0.99,1.08,0.34,-142.35,238.75,-61.71,4
0.07,-0.05,1.36,-206.92,47.29,339.42,-0.62,0.98,0.02,-182.23,210.55,-144.63,4
0.33,0.17,1.35,-157.47,65.34,304.18,-0.56,0.68,-0.22,-204.76,182.8,-167.65,4
0.24,0.82,0.97,-110.98,159.33,191.1,-0.52,0.41,-0.47,-174.6,7.74,-176.86,4
0.13,0.88,0.69,-3.14,208.2,59.12,-0.64,0.16,-0.72,-122.01,-102.07,-149.88,4
-0.17,0.64,0.02,66.16,186.07,-78.63,-0.41,0.19,-0.29,-93.57,-121.16,-65.03,4
-0.61,0.03,-0.35,92.16,67.77,-136.49,-0.55,0.14,-0.08,59.33,-147.56,6.59,4
-1.09,-0.74,-0.28,109.91,-101.25,-104.15,-0.88,0.37,0.53,52.2,-50.95,120.06,4
-0.91,-1.35,0.38,28.26,-269.85,65.49,-1.02,0.82,0.76,122.84,112.23,187.65,4
-0.58,-1.09,1.72,-74.88,-198.63,268.78,-1.23,1.16,0.41,-14.45,286.46,48.57,4
-0.12,-0.01,2.07,-14.88,-25.21,355.67,-1.37,0.77,0.03,-106.89,301.86,-133.38,4
0.45,0.56,1.65,-37.35,143.9,306.65,-0.71,0.53,-0.23,-198.17,213.32,-197.71,4
0.87,0.85,1.07,-78.75,248.6,214.54,-0.19,0.77,-0.76,-219.45,49.63,-241.65,4
0.44,1.44,0.62,-32.84,259.97,70.98,-0.53,0.47,-0.93,-182.41,-55.24,-183.57,4
-0.28,1.11,-0.13,53.69,148.96,-103.14,-0.7,0.24,-0.87,-64.7,-116.52,-54.6,4
-0.57,0.28,-0.63,196.8,-51.65,-171.25,-0.59,0.12,-0.29,110.27,-108.84,95.61,4
-0.66,-0.7,-0.06,31.31,-169.97,-20.34,-0.51,-0.05,0.34,29.85,-2.56,141.77,4
-0.88,-1.28,0.68,-136.95,-157.26,160.79,-0.89,0.33,0.9,-131.4,38.41,209.05,4
-0.9,-0.7,1.6,-143.96,-105.58,298.54,-1.46,1.25,0.49,-102.96,204.76,96.37,4
-0.26,-0.45,1.97,-90.24,-41.86,363.54,-1.11,1.05,0.32,-57.04,326.28,-54.88,4
0.45,0.45,1.93,-107.2,63.2,270.91,-0.64,1.39,-0.2,-129.76,211.8,-115.61,4
0.76,0.72,1.39,-45.85,179.63,145.15,-0.07,0.71,-0.57,-152.56,83.66,-161.8,4
0.95,1.48,0.76,-36.68,230.06,-19.12,-0.06,0.63,-1.01,-69.94,-95.91,-171.34,4
0.42,1.18,-0.08,75.95,194.94,-220.85,-0.23,-0.02,-0.91,10.37,-216.19,-71.95,4
-0.38,-0.3,-0.48,69.02,36.83,-218.05,-0.44,0.48,-0.37,107.23,-189.05,50.46,4
-1.52,-1.13,-0.5,-73.69,-86.01,-12.23,-1.1,0.24,0.75,-19.12,-14.7,83.48,4
-1.04,-1.49,0.46,-68.29,-181.68,221.52,-0.97,0.76,0.48,-7.71,210.7,91.95,4
-0.23,-0.91,1.58,-31.77,-176.16,407.71,-1.18,0.44,0.35,-139.3,376.28,69.97,4
0.37,0.27,2.31,-8.45,-44.6,441.34,-1.27,0.92,-0.14,-161.34,388.87,-102.13,4
0.69,0.66,2.08,-84.21,190.55,336.1,-0.79,1.05,-0.2,-192.68,185.46,-238.45,4
1.06,0.31,1.16,-137.44,302.9,260.67,-0.03,1.17,-0.44,-306.49,47.53,-247.84,4
0.76,0.79,0.72,-68.11,281.83,176.49,-0.22,0.64,-0.71,-279.73,7.29,-212.71,4
0.25,1.14,0.31,-34.85,240.64,32.41,-0.3,0.48,-0.62,-234.18,-54.36,-135.46,4
-0.39,0.8,-0.23,49.94,126.71,-117.8,-0.71,0.14,-0.27,-47.87,-159.24,-21.43,4
-1.03,-0.47,-0.47,-83.23,-41.46,-139.33,-0.9,-0.25,0.53,-64.54,-133.41,72.23,4
-1.5,-1.41,-0.2,-108.23,-189.39,-6.01,-1.18,0.34,0.96,41.07,29.54,166.62,4
-1.0,-1.37,1.08,-58.14,-228.2,191.55,-1.03,0.59,0.84,-8.11,195.91,160.09,4
-0.44,-0.86,1.66,-32.44,-158.48,301.86,-1.22,1.13,0.31,-47.44,295.82,45.95,4
0.17,0.06,1.94,-59.85,-8.38,286.07,-0.83,1.25,-0.14,-98.93,241.86,-104.91,4
0.52,0.32,1.49,-65.73,130.67,214.6,-0.32,0.93,-0.29,-94.18,125.52,-193.54,4
0.58,0.48,0.97,-56.28,226.28,157.01,-0.3,0.36,-0.49,-155.85,16.8,-223.9,4
0.43,0.81,0.33,13.11,270.7,74.02,-0.15,0.16,-0.9,-224.54,-42.1,-194.36,4
-0.05,0.79,0.09,9.79,218.05,20.06,-0.38,0.31,-0.4,-161.01,-60.3,-128.23,4
-0.61,0.76,0.13,9.09,114.94,-77.87,-0.86,0.27,-0.25,-32.35,-127.13,-54.12,4
-0.93,0.06,0.04,-51.52,38.78,-110.46,-1.07,0.12,0.14,-55.52,-109.97,-1.22,4
-0.98,-0.47,-0.41,-50.73,-89.66,-75.52,-0.8,0.21,0.24,81.74,-68.84,84.39,4
-0.8,-1.08,-0.23,-102.99,-224.94,85.3,-0.6,-0.05,0.6,-7.99,1.34,208.9,4
-1.34,-0.73,0.72,-85.0,-203.38,221.59,-1.6,0.18,0.7,-25.4,193.54,147.65,4
-0.91,-0.57,1.76,-108.05,-176.52,309.82,-1.72,0.69,0.43,-101.83,307.9,82.71,4
-0.27,-0.53,2.06,-121.4,-63.69,327.68,-1.2,1.12,0.37,-118.9,293.17,-63.08,4
0.59,-0.37,1.68,-25.24,73.99,292.84,-0.42,1.17,-0.12,-144.66,210.18,-179.66,4
0.84,0.36,1.09,70.73,186.83,197.1,-0.09,0.67,-0.41,-155.49,110.7,-226.95,4
0.6,1.03,0.67,2.2,259.05,77.99,-0.31,0.23,-0.66,-120.49,-49.54,-226.1,4
0.01,1.11,-0.23,-50.37,252.38,-8.81,-0.51,-0.11,-0.54,-166.86,-110.3,-170.15,4
-0.46,0.67,-0.42,-32.68,170.61,-60.27,-0.54,-0.1,-0.23,-122.07,-131.95,-80.21,4
-0.82,0.23,-0.4,-48.35,56.34,-92.2,-0.7,-0.21,0.14,-11.92,-131.62,18.75,4
-1.12,-0.37,-0.38,2.16,-49.48,-109.05,-0.88,0.1,0.49,29.48,-104.27,93.32,4
-1.08,-0.66,0.0,-0.88,-176.37,-46.49,-0.95,0.33,0.16,61.59,-20.27,151.71,4
-1.05,-0.94,0.74,-49.88,-227.35,112.2,-1.16,0.24,0.61,-39.42,114.15,210.52,4
-0.54,-1.16,1.34,-34.6,-189.12,262.2,-1.05,0.83,0.38,-78.51,244.24,123.54,4
-0.07,0.1,1.74,107.62,-47.2,365.88,-1.41,0.86,0.02,-67.84,344.85,-69.54,4
0.47,0.66,1.74,171.13,113.84,319.88,-0.86,0.73,-0.37,-138.78,278.02,-137.1,4
0.78,0.79,1.47,46.46,229.73,221.28,-0.29,1.02,-0.53,-144.94,165.15,-211.59,4
0.73,1.37,0.75,4.12,301.25,83.02,-0.42,0.62,-0.64,-135.3,129.66,-280.55,4
0.58,1.51,0.27,-70.27,289.51,-42.9,-0.3,0.43,-0.89,-146.28,-94.3,-217.07,4
0.26,1.2,-0.21,-182.77,232.93,-106.25,-0.38,0.14,-0.93,-128.69,-197.16,-132.68,4
-0.4,0.83,-0.57,-162.47,149.36,-115.43,-0.67,-0.07,-0.67,-94.18,-178.11,-43.75,4
-0.52,0.22,-0.48,-160.43,126.74,-150.03,-0.48,-0.63,0.32,-137.77,-206.74,-14.48,4
-0.68,-0.71,-0.78,-236.68,136.22,-112.56,-0.38,-0.26,0.71,-263.17,-191.37,4.05,4
-1.37,-1.21,-1.12,-127.74,-21.1,-43.05,-0.75,-0.17,0.94,-140.0,-79.39,96.71,4
-1.33,-1.29,-0.69,-91.43,-227.68,44.6,-0.76,0.23,0.87,27.1,115.79,202.41,4
-0.7,-1.28,0.33,-6.92,-301.92,195.67,-0.96,0.26,0.82,26.52,264.79,214.02,4
-0.1,-0.79,1.56,-35.79,-222.29,320.06,-0.89,0.85,0.44,-67.07,325.49,128.51,4
0.48,-0.43,1.95,-83.63,-100.37,366.92,-0.58,1.09,0.05,-96.1,325.82,-17.5,4
0.87,0.08,1.88,-4.54,20.43,325.4,-0.35,1.13,-0.35,-109.24,260.03,-128.87,4
2.68,0.72,1.57,-4.05,163.9,327.87,-0.43,1.09,-1.07,-111.25,207.87,-218.26,4
1.0,0.92,0.93,51.95,249.09,103.23,-0.08,0.51,-1.15,-151.37,51.25,-208.66,4
0.44,1.11,0.37,-37.13,239.36,21.92,-0.12,0.61,-1.22,-154.63,-64.63,-173.72,4
-0.42,0.94,-0.2,-15.34,186.04,-77.35,-0.77,-0.36,-0.42,-97.41,-127.59,-96.22,4
-0.81,0.26,-0.48,-13.9,138.57,-95.79,-0.74,-0.54,0.03,-122.44,-152.53,-42.32,4
-1.1,-0.27,-0.91,-74.85,34.05,-59.05,-0.87,-0.08,0.22,-70.03,-71.55,36.16,4
-1.23,-0.79,-1.03,-63.57,-200.52,40.12,-0.78,0.09,0.39,-1.04,107.35,198.14,4
-0.84,-0.61,0.39,-166.74,-337.9,184.85,-1.27,0.44,0.37,-51.01,193.02,282.38,4
-0.31,-0.88,2.22,-74.76,-222.23,301.34,-1.08,1.09,0.44,-20.06,277.44,153.9,4
0.34,-0.6,2.55,-37.62,-75.37,329.21,-0.65,1.55,0.06,-88.29,304.21,8.57,4
0.93,-0.22,2.21,2.59,119.7,297.59,-0.12,1.39,-0.15,-97.71,214.6,-189.73,4
0.92,0.3,1.42,-37.07,258.63,220.46,-0.23,1.1,-0.4,-179.21,100.91,-271.83,4
0.84,0.43,0.87,45.73,298.48,152.41,-0.17,0.78,-0.66,-182.16,40.85,-263.93,4
0.39,0.85,0.33,22.5,284.05,78.75,-0.43,0.27,-0.45,-118.2,-26.8,-242.71,4
-0.09,0.96,-0.35,-8.45,264.88,-4.27,-0.57,-0.39,-0.47,-177.87,-64.6,-184.48,4
-0.59,0.86,-0.93,-106.28,171.19,-58.23,-0.76,-0.24,-0.37,-236.89,-100.58,-63.29,4
-0.74,0.08,-0.82,-111.65,-14.54,-93.41,-0.7,0.07,0.17,-45.0,-129.79,110.09,4
-0.99,-0.62,0.05,7.59,-174.54,-48.96,-1.1,0.24,0.55,-2.5,-28.08,197.2,4
-1.23,-0.64,1.35,180.3,23.57,106.07,-0.29,1.45,0.51,108.96,114.88,-82.62,4
-1.18,0.47,0.23,32.93,-8.87,116.68,-1.53,-0.58,0.52,-219.54,79.3,115.46,4
-0.71,0.03,0.82,-25.82,17.26,164.51,-0.74,0.85,0.17,-0.09,129.54,72.07,4
-0.79,0.24,1.13,-305.88,29.24,219.97,-1.02,0.44,0.45,-165.58,217.87,62.23,4
-0.44,-0.16,0.97,-347.07,-31.71,295.4,-0.81,0.92,0.32,-130.82,207.5,37.59,4
0.29,0.56,1.88,-184.24,42.41,249.36,-0.36,1.32,-0.12,-22.96,210.58,-88.14,4
0.44,0.12,1.6,56.83,82.04,224.39,-0.53,0.6,-0.4,-60.3,230.24,-120.37,4
0.34,1.24,1.16,-70.12,173.38,144.21,-0.5,0.84,-0.88,-11.59,65.64,-245.61,4
0.42,0.99,0.58,23.96,235.4,50.37,-0.33,0.1,-0.85,-72.2,-11.22,-227.26,4
0.09,0.98,0.08,50.91,232.47,-49.3,-0.38,0.22,-0.58,-130.58,-98.32,-149.79,4
-0.25,1.14,-0.24,-52.8,185.06,-85.55,-0.69,0.03,-1.04,-101.16,-129.18,-122.68,4
-0.55,0.95,-0.12,13.48,106.86,-151.04,-0.8,-0.14,-0.51,-48.02,-197.35,-31.16,4
-0.67,0.34,-0.2,-70.09,81.95,-169.51,-0.8,-0.1,-0.03,-87.04,-156.65,-2.16,4
-0.85,-0.21,-0.51,-0.49,17.01,-155.64,-0.72,-0.17,0.01,0.79,-150.76,10.76,4
-0.77,-1.07,-0.39,42.9,-122.53,-41.28,-0.49,0.05,0.26,47.59,-43.48,107.87,4
-0.87,-1.39,0.12,-51.65,-204.85,156.01,-0.47,-0.31,0.49,-26.4,120.58,224.27,4
-1.0,-1.21,1.04,-116.95,-188.51,295.06,-1.1,0.79,0.67,-38.45,255.64,196.01,4
-0.42,-0.41,1.99,-82.29,-89.63,379.51,-1.18,1.12,0.44,-39.82,390.61,36.77,4
0.42,0.29,2.26,-48.14,11.95,415.52,-0.83,1.24,-0.15,-88.08,377.68,-61.13,4
1.16,0.85,1.98,-31.22,123.66,338.6,-0.19,0.73,-0.56,-107.26,276.92,-184.21,4
1.2,1.25,1.25,-91.62,257.74,203.45,-0.08,0.81,-0.92,-190.0,125.21,-267.56,4
0.71,1.43,0.48,-32.32,307.16,53.51,-0.38,0.37,-0.9,-137.53,-57.99,-256.68,4
0.19,1.11,-0.06,-56.77,262.62,-69.15,-0.47,0.17,-0.61,-106.4,-127.2,-171.13,4
-0.15,0.43,-0.47,-19.54,168.69,-147.41,-0.46,0.03,-0.31,-104.88,-190.85,-64.15,4
-0.48,0.04,-0.42,-36.28,99.7,-178.63,-0.61,-0.16,0.02,-93.35,-207.5,11.52,4
-0.72,-0.76,-0.57,-34.09,-25.7,-127.5,-0.38,-0.02,0.22,12.2,-107.9,54.42,4
-0.7,-1.19,-0.41,50.27,-169.51,-5.98,-0.44,0.2,0.55,51.95,22.35,132.35,4
-1.01,-1.2,0.41,-66.25,-283.54,182.44,-1.5,0.64,0.92,2.13,172.26,267.04,4
-0.48,-1.13,1.72,-128.96,-255.15,305.7,-1.23,1.33,0.3,-4.6,276.52,172.38,4
0.14,-0.2,2.26,31.86,-95.49,376.86,-1.17,1.21,0.01,-65.15,344.85,-14.82,4
0.37,0.64,2.03,51.83,80.7,326.71,-0.95,1.15,-0.32,-120.03,288.84,-131.01,4
0.9,0.64,0.95,137.87,253.54,218.75,0.04,0.78,-0.42,-127.59,125.73,-228.05,4
0.81,0.71,0.63,140.64,348.45,107.62,-0.11,0.64,-0.38,-180.64,71.89,-272.96,4
0.33,1.47,0.34,-4.73,302.29,15.7,-0.59,0.77,-0.86,-249.88,26.46,-174.66,4
0.04,1.19,0.07,-121.8,231.98,-89.57,-0.41,0.43,-0.54,-160.85,-84.51,-159.82,4
-0.32,0.48,-0.66,-135.79,176.07,-126.65,-0.51,-0.3,-0.27,-208.69,-92.62,-123.93,4
-0.89,-0.23,-1.08,-148.69,55.76,-62.8,-0.69,-0.18,-0.03,-183.05,-86.65,30.4,4
-1.14,-0.74,-0.58,-90.0,-100.82,29.21,-0.91,-0.16,0.69,-96.1,-9.36,145.0,4
-1.18,-0.95,0.23,-139.36,-248.75,162.04,-1.04,0.62,0.78,-40.27,37.44,306.59,4
-0.82,-0.71,1.9,-118.84,-225.43,289.54,-1.2,0.92,0.85,68.2,233.26,226.37,4
0.12,0.1,2.52,-47.13,-66.04,351.46,-0.78,1.47,0.25,5.79,351.07,39.09,4
0.48,0.67,1.83,-55.12,63.72,270.52,-0.39,1.24,-0.1,-10.27,268.05,-137.62,4
0.8,0.62,1.32,35.06,198.23,146.01,-0.05,0.8,-0.41,-65.79,128.57,-233.29,4
0.75,0.51,0.82,0.79,276.25,67.32,-0.12,0.71,-0.55,-110.79,22.8,-265.03,4
0.44,1.06,0.33,20.09,279.09,-9.6,-0.45,0.38,-0.8,-109.48,-57.5,-222.04,4
-0.26,1.25,-0.33,181.71,216.55,-99.7,-0.69,0.01,-0.68,-97.87,-69.45,-149.33,4
-0.46,0.62,-0.62,104.45,67.77,-190.0,-0.63,0.16,-0.39,-64.85,-161.1,-42.23,4
-0.48,-0.1,-0.28,9.09,-87.87,-121.89,-0.48,0.15,-0.22,-7.32,-147.65,87.74,4
-0.44,-0.47,0.57,-15.55,-69.15,-8.08,-0.39,0.1,0.16,-46.68,-15.76,81.1,4
-0.65,-0.32,0.6,-204.54,-48.75,93.11,-1.03,0.7,0.51,-192.23,-209.85,230.79,4
-1.26,-0.09,0.64,-234.3,-21.16,164.05,-0.55,-0.51,-0.98,-97.47,300.82,73.29,4
-1.44,-0.54,1.4,-260.21,-21.62,263.72,-1.44,0.32,0.96,-155.24,182.32,82.59,4
-1.01,-0.8,1.52,-424.18,-35.15,339.36,-1.26,1.25,0.6,-190.67,275.55,2.1,4
-0.27,-0.09,1.7,-111.22,8.54,310.37,-0.89,0.97,0.42,-112.32,243.69,-46.59,4
-0.12,-0.12,1.13,-79.27,25.34,265.4,-0.59,0.77,0.19,-140.4,224.6,-99.39,4
0.06,0.1,0.97,93.69,79.6,200.73,-0.55,0.62,-0.04,-58.41,166.34,-148.66,4
0.08,0.56,0.83,44.45,122.35,134.48,-0.5,0.64,-0.39,-82.53,118.75,-146.92,4
0.06,0.79,0.64,-4.36,130.0,89.94,-0.38,0.15,-0.92,-60.52,46.25,-144.33,4
-0.06,1.39,0.53,13.57,142.56,22.44,-0.8,0.5,-0.83,-138.99,3.29,-97.59,4
0.06,1.23,0.44,2.2,116.43,-127.65,-0.48,0.36,-0.84,-16.74,-141.43,-52.77,4
-0.15,0.83,-0.01,-18.45,79.54,-183.23,-0.59,-0.01,-0.65,-22.13,-160.21,-7.84,4
-0.28,0.36,-0.09,-46.98,47.47,-165.15,-0.5,-0.07,-0.49,11.04,-186.28,0.03,4
-0.6,-0.34,-0.22,60.91,-33.72,-100.43,-0.54,0.14,-0.11,12.01,-92.26,67.26,4
-0.74,-0.72,-0.01,181.89,-163.29,49.15,-0.66,-0.04,0.65,67.84,48.35,151.83,4
-0.96,-0.74,0.44,-57.84,-173.75,197.74,-1.12,0.44,0.41,-15.49,140.12,171.95,4
-0.76,-0.15,1.43,-36.77,-88.72,294.7,-1.3,0.54,0.27,-71.16,250.52,110.43,4
-0.39,0.44,1.83,-108.93,27.01,326.28,-1.19,0.82,0.04,-171.04,266.13,36.31,4
0.14,0.5,1.89,-132.47,152.07,304.36,-0.73,1.19,-0.06,-197.38,242.38,-102.68,4
0.19,0.56,1.59,-118.72,251.62,253.29,-0.74,1.23,-0.07,-237.99,201.52,-196.92,4
0.04,0.45,1.09,-49.73,270.34,188.17,-0.78,0.93,0.1,-209.24,143.29,-202.35,4
-0.03,0.38,0.72,-132.41,233.9,148.45,-0.39,0.88,0.03,-213.87,91.92,-162.23,4
-0.14,0.8,0.56,-47.1,148.69,73.35,-0.58,0.79,-0.44,-143.11,62.16,-126.71,4
-0.03,1.19,0.58,-0.7,70.27,-37.44,-0.54,0.67,-0.81,29.36,-30.7,-77.99,4
-0.06,0.94,0.31,-7.2,17.47,-128.26,-0.63,0.25,-0.61,40.03,-124.54,0.64,4
-0.24,0.6,0.1,2.44,1.16,-176.43,-0.54,0.23,-0.42,86.62,-143.32,11.86,4
-0.63,0.05,0.11,-13.45,35.73,-149.15,-0.84,-0.19,0.16,-1.8,-132.62,18.35,4
-0.74,-0.39,0.06,15.7,0.79,-89.42,-0.65,0.45,-0.06,-68.35,-69.63,47.26,4
-0.79,-0.61,0.02,-45.58,-84.21,43.87,-0.66,0.27,0.26,-66.1,28.35,82.13,4
-0.98,-0.79,0.53,-96.71,-127.1,159.66,-0.93,0.11,0.59,-72.32,105.91,139.36,4
-1.17,-0.78,1.14,-122.41,-102.38,243.26,-1.4,0.51,0.7,-137.2,182.07,137.8,4
-0.66,-0.73,1.7,-109.39,-24.85,328.51,-1.11,0.92,0.66,-141.95,270.03,39.33,4
0.02,-0.53,1.74,-49.18,72.26,376.04,-0.69,1.08,0.44,-187.9,315.76,-43.66,4
0.3,0.01,1.7,-93.87,124.79,380.52,-0.61,1.4,0.21,-211.77,309.82,-93.14,4
0.26,0.36,1.55,-0.79,140.85,297.07,-0.63,1.3,0.1,-122.71,245.73,-117.99,4
0.22,0.68,1.18,-19.91,171.59,179.54,-0.34,0.97,-0.11,-151.25,171.31,-140.98,4
0.4,0.98,0.86,-49.48,197.62,51.95,-0.24,0.71,-0.41,-95.61,31.62,-182.38,4
0.45,0.96,0.6,-190.7,191.62,-17.65,-0.18,0.72,-0.83,-122.71,-73.05,-113.08,4
0.38,0.64,0.35,-123.29,180.67,-77.65,-0.21,0.15,-0.68,-39.33,-129.33,-131.25,4
-0.27,0.37,-0.04,-69.7,172.93,-70.49,-0.47,-0.09,-0.39,-163.66,-107.1,-71.16,4
-0.91,0.3,-0.27,-51.68,137.9,-51.25,-0.92,-0.09,0.12,-64.27,-108.48,-85.3,4
-1.14,-0.19,-0.2,-21.37,88.96,-38.05,-1.07,-0.35,0.41,-143.75,-93.9,-14.21,4
-1.12,-0.44,-0.32,-11.46,8.93,5.12,-0.95,-0.0,0.47,-131.62,-28.72,58.23,4
-1.28,-0.5,-0.31,-40.18,-50.4,82.5,-0.95,-0.3,0.78,-87.41,22.41,93.75,4
-1.44,-0.55,-0.38,-134.82,-85.73,165.58,-1.15,-0.36,0.84,-100.61,-27.16,206.16,4
-1.13,-0.66,0.4,-231.31,-110.98,266.16,-1.01,0.0,0.64,-149.7,205.24,225.52,4
-1.06,-0.36,1.64,-248.41,-81.04,318.35,-1.11,0.63,1.09,-104.21,253.75,188.38,4
-0.63,-0.48,1.98,-209.51,-44.24,288.35,-0.85,1.4,0.8,-118.57,289.7,74.15,4
-0.11,-0.28,1.87,-38.87,69.15,253.41,-0.52,1.13,0.51,-83.93,263.02,-89.02,4
0.07,-0.13,1.16,-47.38,165.49,213.69,-0.45,0.73,0.32,-148.05,202.29,-167.16,4
0.3,0.16,0.94,-61.52,221.49,195.03,-0.38,0.77,-0.15,-164.21,135.18,-225.79,4
0.21,0.43,0.65,-13.96,227.62,169.6,-0.55,0.57,-0.31,-167.2,102.29,-202.65,4
-0.23,0.5,0.55,-44.85,225.4,140.61,-0.76,0.4,-0.26,-186.68,59.18,-172.68,4
-0.67,0.91,0.39,-32.04,191.07,116.46,-1.27,0.3,-0.22,-156.77,67.29,-143.29,4
-0.42,1.32,0.22,-75.79,144.6,48.57,-0.81,0.23,-0.55,-121.8,25.46,-99.82,4
-0.33,1.35,0.15,-106.31,109.12,-47.1,-0.8,-0.03,-0.64,-110.06,-67.5,-55.03,4
-0.28,0.96,-0.03,-115.09,96.83,-126.92,-0.68,-0.05,-0.53,-82.56,-138.78,-28.48,4
-0.33,0.42,-0.23,-113.54,67.74,-130.95,-0.57,-0.19,-0.55,-51.77,-157.47,-4.45,4
-0.66,-0.06,-0.39,-27.41,23.72,-100.46,-0.54,-0.25,0.02,-100.34,-109.66,51.74,4
-0.95,-0.54,-0.29,-125.06,-26.65,-6.65,-0.65,0.01,0.35,-136.74,-26.1,69.09,4
-1.08,-0.4,-0.12,-101.68,-81.77,65.15,-0.87,-0.11,0.72,-108.29,47.53,108.84,4
-0.96,-0.28,0.13,-84.76,-141.46,87.47,-0.91,0.28,0.48,-63.08,68.69,154.76,4
-0.59,-0.45,0.85,-123.99,-156.01,115.95,-0.73,0.46,0.34,-79.73,75.15,190.88,4
-0.33,-0.46,1.29,-77.07,-113.02,165.0,-0.61,0.95,0.19,-78.14,114.79,147.1,4
-0.31,-0.13,1.5,-105.79,-51.16,211.01,-0.7,1.02,0.11,-111.98,141.34,76.86,4
-0.45,0.03,1.54,-169.85,29.73,233.38,-0.99,0.99,0.21,-140.85,183.72,-33.35,4
-0.5,-0.2,1.2,-78.08,82.71,242.56,-0.95,0.76,0.18,-160.15,163.38,-88.11,4
-0.57,0.55,1.21,-93.93,117.1,270.15,-1.22,0.65,-0.1,-205.43,209.36,-90.98,4
-0.41,0.33,0.84,-68.11,101.89,238.51,-0.9,0.49,0.07,-149.27,152.93,-98.63,4
-0.27,0.2,0.85,-163.69,97.56,207.65,-0.59,0.71,0.09,-202.13,121.43,-44.36,4
-0.21,0.04,0.79,-70.15,90.3,166.83,-0.57,0.6,-0.02,-190.06,118.9,-55.0,4
-0.34,0.11,0.87,-109.36,65.95,142.53,-0.65,0.78,-0.07,-104.54,65.85,-47.53,4
-0.33,0.35,0.94,-81.95,53.23,107.5,-0.87,0.73,-0.21,-102.68,64.63,-28.72,4
-0.53,0.29,0.87,-57.56,56.83,79.57,-0.9,0.51,-0.17,-126.01,82.53,-19.79,4
-0.57,0.33,0.75,-93.66,88.23,65.64,-0.79,0.5,0.04,-112.04,18.78,-46.07,4
-0.67,0.11,0.56,-100.24,104.02,28.41,-0.78,0.3,0.18,-203.29,-4.12,-31.98,4
-0.64,-0.21,0.26,-156.92,82.99,31.4,-0.46,0.48,0.2,-170.49,-26.8,-1.98,4
-0.69,-0.22,0.44,-106.28,42.29,38.54,-0.76,0.45,0.23,-109.57,-14.21,-7.04,4
-0.74,-0.19,0.57,-78.87,10.73,45.98,-0.75,0.46,0.23,-123.57,33.66,32.9,4
-0.63,-0.05,0.58,-59.51,0.43,40.88,-0.65,0.53,0.14,-62.01,21.01,15.58,4
-0.38,0.0,0.56,72.77,-0.73,11.59,-0.5,0.38,0.02,-24.24,27.41,-4.33,4
-0.56,0.47,0.35,15.61,-9.18,-1.34,-0.63,0.59,-0.21,-96.28,23.96,39.91,4
-0.39,0.2,0.43,3.63,-62.32,14.54,-0.61,0.87,-0.47,68.75,-44.18,45.95,4
-0.54,-0.73,0.85,109.15,-121.89,99.66,-0.72,0.56,0.43,3.6,58.84,145.24,4
-1.45,-0.35,1.11,-144.82,-100.76,222.41,-1.5,0.55,0.79,-199.09,79.57,213.6,4
-1.44,-0.56,1.18,-229.94,-58.6,334.48,-1.79,0.35,0.5,-79.15,247.04,57.74,4
-0.68,0.08,1.81,-176.8,-0.73,340.91,-1.17,0.79,0.57,-109.54,318.17,-12.01,4
-0.15,-0.47,1.99,-53.78,81.55,328.26,-0.95,1.43,0.63,-106.52,273.26,-129.42,4
-0.11,-0.74,1.32,8.11,145.67,300.37,-0.67,1.01,0.56,-187.62,240.88,-191.77,4
0.05,-0.02,1.08,-18.38,228.6,267.23,-0.54,0.66,0.58,-199.21,172.74,-257.07,4
0.14,0.67,0.62,-30.46,303.51,135.03,-0.45,0.28,0.39,-229.54,40.64,-206.1,4
0.19,0.91,0.15,-234.09,294.09,-1.13,-0.41,0.53,-0.13,-249.94,-128.75,-153.93,4
-0.17,0.28,-0.4,-76.92,183.81,-98.05,-0.38,0.19,-0.27,-202.5,-129.12,-56.62,4
-0.49,0.04,-0.38,-119.12,23.05,-88.87,-0.35,0.35,-0.27,-89.09,-95.03,60.43,4
-1.12,-0.16,-0.42,-17.62,-101.62,-53.66,-1.05,-0.14,0.52,33.84,-96.28,118.02,4
-0.98,-0.73,0.13,-4.88,-191.04,-5.67,-0.92,0.37,0.59,55.34,68.75,155.82,4
-0.56,-1.21,0.74,-17.5,-215.21,118.02,-0.71,0.32,0.69,-72.5,66.4,244.27,4
-0.31,-0.67,1.48,-123.75,-138.6,263.23,-0.99,0.98,0.37,-94.82,241.89,103.51,4
-0.19,-0.36,1.76,-190.24,-57.71,358.29,-1.05,0.8,0.13,-158.57,302.53,-4.6,4
0.12,-0.33,1.83,-175.49,23.26,447.35,-1.06,0.56,0.07,-211.59,324.7,-98.72,4
0.18,0.11,1.91,-110.03,131.25,453.45,-1.32,0.59,0.02,-300.76,273.02,-237.56,4
-0.01,0.68,1.25,-55.27,214.48,377.99,-1.15,0.86,-0.01,-281.31,152.13,-273.78,4
-0.27,1.0,0.57,-8.26,239.85,185.95,-0.87,0.12,0.39,-156.52,38.08,-242.1,4
-0.28,0.79,0.07,31.59,174.73,-24.76,-0.68,0.47,-0.46,-171.49,-65.91,-114.42,4
-0.14,0.49,0.14,55.09,60.49,-155.4,-0.33,0.22,-0.1,-8.81,-131.92,65.58,4
-0.17,0.33,0.26,184.73,22.07,-233.84,-0.42,0.01,0.05,105.73,-200.0,33.02,4
-0.09,-0.43,0.2,-17.96,-21.83,-169.21,-0.27,0.46,-0.38,12.07,-123.35,80.21,4
-0.45,-0.7,-0.01,40.15,-90.21,13.32,-0.32,0.12,0.2,-25.12,0.64,89.6,4
-1.11,-0.33,0.51,-104.42,-120.37,105.24,-1.13,0.68,0.64,-79.15,56.07,146.83,4
-1.23,-0.42,1.08,-166.13,-61.49,153.45,-1.23,0.37,0.43,-151.4,62.56,117.5,4
-1.36,-0.15,1.31,-151.13,-14.33,212.26,-1.55,0.66,0.52,-176.55,127.01,84.63,4
-1.1,-0.39,1.03,-181.52,-26.04,294.42,-1.36,0.44,0.51,-160.82,240.55,47.9,4
-0.65,-0.21,1.08,-218.32,-31.34,323.87,-0.99,0.66,0.42,-149.33,255.52,17.93,4
-0.37,-0.14,1.24,-117.35,-5.79,302.29,-0.99,0.78,0.35,-134.09,233.11,-28.57,4
-0.11,0.01,1.46,-8.81,71.37,276.37,-0.79,0.72,0.22,-200.03,206.89,-96.07,4
-0.33,0.49,1.35,-100.12,120.49,228.81,-0.86,0.77,0.28,-141.52,149.42,-91.98,4
-0.07,0.26,0.88,-78.69,139.02,168.99,-0.5,0.76,-0.03,-141.22,74.82,-141.19,4
-0.11,0.1,0.61,-64.48,145.18,99.24,-0.56,0.47,-0.09,-156.34,32.41,-110.55,4
-0.14,0.74,0.52,-41.43,155.55,-6.8,-0.64,0.47,-0.23,-135.03,-38.51,-76.43,4
-0.12,0.48,0.44,-36.13,147.53,-64.54,-0.47,0.29,-0.45,-110.58,-116.59,-42.87,4
-0.42,0.23,0.26,73.38,105.52,-109.66,-0.62,0.23,-0.11,-29.63,-116.59,-34.02,4
-0.48,-0.16,0.19,28.38,82.5,-81.92,-0.5,0.14,-0.18,-77.84,-65.91,-31.65,4
-0.79,0.06,-0.1,81.65,81.37,-12.04,-0.69,-0.24,-0.05,-117.01,-9.94,-39.09,4
-1.17,0.24,0.04,120.46,53.54,-8.32,-1.19,-0.14,0.35,-55.34,-16.43,-17.38,4
-1.27,-0.22,-0.16,-41.62,-24.48,53.29,-1.23,0.2,0.18,-84.85,52.65,79.27,4
-1.12,-0.46,-0.35,-81.4,-152.44,234.05,-0.98,-0.0,0.33,-42.41,101.92,189.76,4
-0.86,0.41,1.21,-183.99,-92.74,379.94,-1.38,0.32,0.24,-58.2,248.72,210.24,4
-0.46,0.86,2.11,-169.82,13.87,374.33,-1.64,0.65,0.12,-113.6,321.28,93.29,4
-0.3,0.83,2.04,-166.89,144.39,310.4,-1.27,1.08,0.07,-147.53,298.08,-112.44,4
0.01,0.34,1.77,-159.33,232.29,259.36,-0.85,1.3,0.08,-145.37,202.41,-235.58,4
0.19,-0.02,1.05,42.35,251.65,193.11,-0.6,0.9,0.21,-177.32,150.76,-219.33,4
0.28,0.37,0.59,-12.5,234.48,125.24,-0.23,0.9,-0.18,-140.15,76.1,-211.55,4
0.32,0.92,0.54,-35.76,203.23,21.71,-0.32,0.61,-0.49,-123.14,13.38,-172.44,4
0.15,1.05,0.36,-88.6,153.08,-67.16,-0.36,0.6,-0.81,-100.85,-75.37,-99.94,4
-0.04,0.75,0.2,-34.51,116.62,-121.28,-0.55,0.1,-0.59,-49.33,-122.01,-67.71,4
-0.11,0.5,0.1,-26.43,90.4,-155.7,-0.42,0.13,-0.34,19.24,-155.76,-42.53,4
-0.07,0.01,-0.03,10.82,90.46,-186.98,-0.19,-0.07,-0.02,-7.74,-191.65,-37.65,4
-1.2,0.02,-0.54,-12.01,48.75,-69.51,-1.42,-0.13,0.11,-72.53,-55.43,-2.29,4
-1.39,-0.35,-0.39,-77.35,-40.27,-37.38,-1.11,-0.42,0.63,-109.88,-122.38,95.73,4
-1.3,-0.87,-0.24,-38.35,-143.48,67.07,-1.26,0.0,1.12,-94.63,-83.23,228.87,4
-0.91,-0.73,0.46,-164.24,-177.74,175.82,-0.55,0.32,0.34,-19.48,109.12,198.02,4
-0.77,-0.73,1.33,-127.47,-91.46,274.97,-0.48,-0.05,0.77,-35.58,237.01,125.67,4
-0.63,-0.62,1.52,-178.32,11.83,377.32,-0.84,0.64,0.66,-210.64,447.9,31.01,4
-0.5,0.17,1.6,-279.54,63.96,387.56,-1.13,1.31,0.64,-177.32,353.78,-73.08,4
-0.18,-0.23,1.52,-144.15,60.55,326.07,-0.86,1.16,0.44,-165.34,234.97,-67.56,4
0.11,-0.3,1.43,-92.59,79.57,261.16,-0.44,1.04,0.18,-196.34,202.38,-79.94,4
-0.06,0.63,0.94,35.24,142.65,155.61,-0.61,0.59,0.11,-117.2,138.48,-142.13,4
-0.16,1.1,0.67,63.48,168.72,9.57,-0.67,0.42,-0.34,-97.87,36.46,-124.63,4
0.05,1.11,0.51,-31.59,154.54,-104.15,-0.46,0.49,-0.64,-108.72,-101.49,-70.85,4
0.1,0.69,0.18,-115.49,119.15,-147.65,-0.34,0.34,-0.75,-83.45,-160.55,-37.16,4
0.07,0.13,0.09,-90.15,89.82,-113.99,-0.07,0.23,-0.43,-52.99,-145.24,-16.98,4
-0.49,-0.21,0.09,-129.88,100.73,-40.76,-0.55,-0.19,-0.41,-122.01,-89.97,-54.79,4
-1.2,-0.49,-0.11,-75.98,79.7,75.88,-1.0,-0.29,0.39,-285.43,8.72,13.93,4
-1.21,-0.65,-0.1,-47.8,-22.53,166.71,-1.04,0.12,0.54,-183.23,82.16,89.21,4
-1.14,-0.24,0.41,-76.8,-62.44,220.37,-1.24,0.07,0.56,-122.5,161.4,103.11,4
-1.16,0.2,0.65,-99.76,-32.62,251.34,-1.43,0.02,0.24,-187.41,241.68,88.05,4
-1.07,0.47,0.71,-116.62,7.2,228.11,-1.28,0.19,0.37,-232.96,225.0,78.54,4
-0.89,0.1,0.44,-291.71,9.63,233.63,-0.96,0.27,0.24,-255.46,97.96,75.52,4
-0.59,0.63,1.77,-8.2,104.6,141.43,-0.97,0.88,0.22,-183.11,98.63,59.33,4
-0.79,0.3,1.29,-226.86,117.84,150.61,-1.16,0.91,0.29,-156.01,119.48,-39.88,4
-0.46,0.43,1.23,-82.71,141.86,135.91,-0.76,1.03,-0.04,-130.91,136.86,-86.13,4
-0.46,-0.14,0.61,-63.17,128.23,151.19,-0.61,0.49,0.22,-153.51,169.73,-87.87,4
-0.27,0.47,0.54,60.85,145.06,61.49,-0.57,0.48,0.03,-40.79,91.49,-147.77,4
-0.16,0.63,0.28,142.23,131.65,-50.43,-0.39,0.54,-0.24,-38.45,-0.09,-84.63,4
-0.23,0.76,0.17,155.91,89.82,-120.61,-0.63,0.4,-0.61,-14.15,-47.65,-99.27,4
-0.7,0.65,-0.19,-35.49,60.76,-75.7,-1.06,0.4,-0.33,-48.08,-37.56,-28.02,4
-0.66,0.53,-0.06,-52.32,17.38,-71.22,-0.74,0.18,-0.22,-57.68,-60.09,-39.63,4
-0.81,-0.04,0.04,-2.38,22.87,-42.9,-0.75,-0.32,0.25,-65.85,-33.81,-11.01,4
-1.03,-0.02,-0.11,-92.8,46.19,-12.71,-0.94,0.03,0.18,-140.3,-15.3,7.29,4
-1.03,0.26,0.14,-84.09,1.65,29.66,-1.06,0.36,0.12,-18.84,-7.5,26.83,4
-0.84,0.03,0.04,-158.17,-27.13,53.99,-0.82,0.07,-0.02,-135.4,-4.02,75.06,4
-1.34,0.12,0.39,-212.44,-18.84,99.76,-1.23,0.16,0.48,-98.63,41.13,82.93,4
-1.52,-0.47,0.32,-246.19,-2.84,153.2,-1.45,-0.07,0.75,-224.24,87.07,111.28,4
-1.42,-0.99,0.68,-206.22,-23.26,253.6,-1.35,0.61,1.01,-136.1,199.7,107.29,4
-0.43,-0.91,1.38,-114.94,-51.89,323.08,-0.54,0.89,0.83,-58.48,282.01,144.39,4
0.22,-0.08,2.01,8.96,23.17,341.28,-0.44,1.23,0.63,-30.03,335.06,56.71,4
0.81,0.35,2.16,24.73,152.41,289.39,-0.01,1.76,0.02,-63.9,298.57,-112.93,4
1.0,1.12,1.58,2.5,238.45,198.11,-0.05,1.22,-0.45,-68.84,244.18,-213.84,4
1.15,0.93,0.81,-49.97,299.82,77.9,0.17,1.07,-0.53,-228.23,130.67,-284.54,4
0.8,1.09,0.34,-143.38,277.77,21.19,-0.07,0.78,-0.73,-108.02,39.94,-262.99,4
0.63,0.95,0.12,-72.38,234.66,-15.3,0.1,0.36,-0.97,-87.38,-82.13,-192.41,4
0.13,1.0,-0.08,-14.21,209.7,-31.37,-0.47,-0.0,-1.09,-67.53,-68.72,-181.98,4
-0.37,1.02,-0.02,-3.38,127.84,-58.84,-0.68,0.25,-0.7,-14.82,-108.38,-81.89,4
-0.74,0.94,-0.2,-44.91,96.25,-79.36,-0.97,-0.41,-0.43,-104.79,-87.77,-44.54,4
-0.82,0.52,-0.28,-170.98,131.4,-96.28,-0.89,-0.56,0.11,-143.99,-153.26,-61.16,4
-0.76,0.1,-0.54,-206.16,140.76,-73.51,-0.82,-0.26,-0.04,-206.52,-127.23,-43.51,4
-1.03,0.05,-0.67,-170.61,41.34,-58.26,-0.81,-0.2,0.4,-157.8,-122.9,53.66,4
-1.19,-0.21,-0.42,-135.95,-97.04,-48.02,-1.07,0.12,0.36,-55.15,-153.54,172.99,4
-1.18,-0.51,0.17,-62.62,-187.26,-1.86,-0.99,0.09,0.49,15.95,71.04,181.95,4
-1.07,-0.97,0.77,-8.08,-207.9,96.59,-0.94,0.34,0.66,20.67,149.97,197.53,4
-0.45,-0.97,1.33,-29.09,-123.54,188.99,-0.58,0.82,0.77,3.17,214.97,80.73,4
-0.02,-0.43,1.32,-39.82,-0.34,264.76,-0.4,0.8,0.21,-118.75,233.26,2.59,4
-0.17,0.07,1.0,-95.0,47.1,294.73,-0.69,0.71,0.13,-185.46,237.41,-20.64,4
-0.26,0.59,1.27,-204.3,51.25,286.68,-0.9,0.76,0.05,-153.9,202.32,-49.39,4
-0.14,0.56,1.32,2.68,69.39,212.53,-0.84,0.68,-0.14,-126.62,195.21,-54.63,4
-0.11,0.6,1.05,-74.7,117.74,161.19,-0.64,0.67,-0.23,-136.34,118.23,-117.29,4
-0.09,0.67,0.76,-4.51,154.57,64.27,-0.6,0.5,-0.26,-77.32,41.37,-136.68,4
-0.13,0.71,0.48,-17.44,163.54,-14.36,-0.51,0.23,-0.31,-63.11,-38.84,-115.46,4
-0.45,0.73,0.41,-62.5,164.51,2.96,-0.83,0.27,-0.57,-194.63,-19.97,-75.64,4
-0.79,0.7,0.45,-4.91,142.29,-33.48,-1.17,0.32,-0.1,-136.74,-64.85,-51.8,4
-0.87,0.26,0.18,-122.84,117.38,-41.59,-0.89,0.29,0.18,-200.61,-33.93,-21.34,4
-0.86,0.1,0.07,-79.45,84.63,-27.93,-0.78,0.14,0.14,-100.06,-63.05,-37.87,4
-0.8,-0.06,0.12,-128.69,54.51,-27.8,-0.81,0.18,0.26,-181.98,-34.05,20.73,4
-0.93,-0.47,0.01,-161.19,-9.3,10.58,-0.74,0.24,0.43,-150.76,8.9,62.87,4
-0.91,-0.6,0.01,-183.78,-88.11,130.49,-0.74,0.25,0.3,-87.71,85.43,94.27,4
-0.76,-0.58,0.69,-154.27,-110.0,224.27,-0.88,0.3,0.5,-111.1,164.85,137.56,4
-0.55,-0.48,1.13,-174.73,-80.91,284.3,-0.91,0.62,0.39,-165.7,207.2,128.29,4
-0.53,-0.1,1.29,-152.74,-36.04,284.94,-0.97,0.89,0.35,-133.9,216.92,35.82,4
-0.15,0.08,1.41,-169.6,35.52,270.95,-0.64,0.78,0.17,-191.28,201.77,-6.86,4
-0.27,0.11,1.1,21.83,115.98,218.26,-0.8,0.39,0.26,-187.32,178.45,-49.36,4
-0.44,0.44,1.06,-103.35,150.43,192.07,-0.87,0.9,0.13,-201.62,137.26,-108.9,4
-0.53,0.49,1.13,-35.0,121.52,144.33,-0.97,1.01,0.01,-111.13,102.29,-75.21,4
-0.38,0.31,1.0,20.0,87.01,90.67,-0.74,0.95,-0.04,-61.77,91.98,-67.04,4
-0.2,0.62,0.85,32.01,71.28,44.05,-0.59,0.79,-0.37,-36.77,51.83,-73.75,4
-0.41,0.79,0.66,70.24,48.66,10.24,-0.89,0.55,-0.28,35.06,59.09,-78.23,4
-0.15,0.76,0.52,-8.63,72.1,-3.99,-0.52,0.32,-0.59,-2.65,-0.64,-80.7,4
-0.12,0.85,0.33,5.4,154.97,-23.6,-0.55,-0.19,-0.53,-74.45,-23.26,-115.95,4
-0.27,1.0,-0.03,-136.62,216.16,-41.25,-0.74,-0.07,-0.51,-192.62,-75.82,-140.21,4
-0.4,0.77,-0.19,-150.85,234.45,-72.59,-0.78,-0.19,-0.21,-222.84,-120.46,-131.01,4
-0.67,0.5,-0.46,-224.88,189.57,-79.36,-0.84,-0.12,-0.1,-245.37,-132.87,-66.07,4
-0.94,0.09,-0.69,-189.66,117.47,-75.76,-0.89,-0.28,0.28,-190.88,-191.1,-10.61,4
-1.29,-0.26,-0.8,-149.02,20.58,-59.85,-1.07,-0.31,0.8,-68.26,-184.79,52.41,4
-1.31,-0.44,-0.65,-159.76,-93.45,-34.21,-0.56,-0.16,0.68,-34.3,-44.51,118.45,4
-0.99,-0.61,-0.28,-94.85,-187.8,4.02,-0.73,-0.13,0.64,18.84,18.63,181.13,4
-0.84,-0.6,0.15,-103.2,-240.4,52.32,-0.92,0.27,0.66,23.2,86.86,209.57,4
-0.55,-0.88,1.04,-135.64,-191.01,124.79,-0.68,0.66,0.46,31.77,158.54,122.99,4
-0.34,-0.69,1.54,16.04,-80.12,202.01,-0.79,0.76,0.28,-56.01,213.51,49.66,4
-0.43,-0.52,1.07,6.4,-12.07,271.4,-0.87,0.7,0.25,-112.29,235.85,-20.61,4
-0.1,0.15,1.12,-94.63,33.05,299.18,-0.69,0.81,0.09,-118.41,248.14,-77.53,4
0.26,-0.22,0.94,53.32,67.68,265.85,-0.39,0.65,-0.15,-102.23,190.24,-97.84,4
0.25,0.93,1.3,2.2,135.15,233.11,-0.85,1.06,-0.66,-119.09,212.5,-133.41,4
0.48,1.35,1.03,-62.29,183.72,115.52,-0.37,0.75,-0.9,-97.07,37.99,-156.52,4
0.27,0.98,0.71,-57.59,185.79,58.87,-0.47,0.44,-0.92,-136.95,11.86,-127.65,4
0.05,0.84,0.8,6.92,212.01,31.25,-0.48,0.29,-0.71,-116.46,-32.84,-142.07,4
-0.23,0.81,0.2,-4.7,199.76,11.95,-0.71,-0.11,-0.6,-142.07,-36.37,-142.47,4
-0.41,0.83,-0.16,-2.35,223.96,-32.26,-0.72,-0.3,-0.3,-193.02,-62.04,-122.26,4
-0.89,0.67,-0.62,-78.11,176.65,-60.7,-0.94,-0.26,-0.11,-151.22,-82.1,-115.52,4
-1.38,0.32,-0.75,-126.83,38.11,-44.7,-1.19,-0.17,0.07,-100.91,-95.79,30.82,4
-1.19,-0.11,-0.25,-130.06,-81.19,-13.17,-1.01,-0.2,0.48,-69.51,-29.54,134.33,4
-0.83,-0.15,0.41,-153.41,-94.57,13.63,-0.83,0.32,0.47,-55.76,24.63,118.57,4
-0.34,-0.88,0.6,-199.48,-58.02,69.7,-0.2,0.24,0.36,-195.06,49.63,130.09,4
-0.64,-0.58,0.64,-120.76,-17.5,127.99,-0.63,0.55,0.56,-161.31,78.48,81.62,4
-0.7,-0.46,0.9,-89.85,-33.96,204.48,-0.89,0.68,0.3,-146.95,152.1,85.18,4
-1.09,0.3,1.18,-149.94,-36.71,218.32,-1.35,0.84,0.54,-142.59,182.07,101.46,4
-0.62,0.17,1.36,-244.39,-51.1,165.55,-0.8,1.14,0.31,-134.12,149.79,45.27,4
-0.08,-0.41,1.21,-204.91,-37.1,100.58,-0.33,1.24,0.32,-49.97,70.12,-0.49,4
0.33,-0.21,1.61,45.46,40.34,154.39,-0.16,0.91,-0.71,-73.29,113.81,-47.71,4
0.13,-0.02,1.11,38.05,49.21,216.92,-0.42,0.97,-0.47,-165.88,177.77,-51.1,4
0.01,0.61,1.29,3.87,62.62,201.46,-0.77,1.15,-0.41,-45.24,168.54,-98.32,4
0.01,0.68,0.98,38.11,68.84,144.82,-0.54,0.71,-0.35,-41.71,138.57,-93.26,4
0.26,0.53,0.96,-1.68,99.24,117.65,-0.39,0.72,-0.72,-51.68,72.8,-128.96,4
0.18,0.45,0.84,37.35,137.65,106.89,-0.45,0.44,-0.6,-59.97,64.57,-136.89,4
0.1,0.8,0.64,-37.96,155.0,94.3,-0.51,0.34,-0.6,-50.61,28.2,-162.16,4
-0.07,1.26,0.54,1.1,170.18,25.12,-0.86,0.22,-0.77,-84.57,1.77,-138.81,4
-0.21,1.07,0.27,-65.34,190.06,-31.95,-0.7,-0.14,-0.75,-83.05,-75.12,-127.84,4
-0.57,0.7,-0.14,-96.31,203.48,-48.48,-0.88,-0.34,-0.19,-171.89,-91.89,-124.21,4
-0.67,0.4,-0.18,-208.48,186.62,17.62,-0.74,-0.22,-0.25,-253.45,-64.57,-91.65,4
-0.77,0.32,-0.26,-170.7,168.51,37.56,-0.88,-0.41,0.26,-203.99,-61.46,-89.39,4
-0.73,0.2,-0.51,-161.52,151.68,7.29,-0.89,-0.29,0.3,-265.09,-73.87,-47.35,4
-0.94,-0.17,-0.27,-156.25,53.41,-46.25,-0.77,0.01,0.46,-178.23,-91.34,49.36,4
-1.01,-0.27,-0.36,-85.37,-49.48,-28.48,-0.71,-0.06,0.53,-76.74,-32.93,84.97,4
-1.0,-0.33,-0.22,-120.24,-107.96,4.79,-0.81,-0.08,0.53,-70.27,-20.88,124.36,4
-0.64,-0.26,0.66,-127.87,-134.42,20.37,-0.71,0.42,0.25,-45.67,7.9,158.48,4
-0.67,-0.54,0.51,-55.7,-156.62,34.33,-0.85,0.29,0.41,-38.32,46.46,175.15,4
-0.48,-0.33,0.92,-23.29,-141.8,72.01,-0.68,0.78,0.04,22.26,58.51,124.12,4
-1.05,-0.25,1.01,-67.53,-96.65,141.92,-1.32,0.53,0.35,-94.15,136.1,112.35,4
-0.4,-0.26,1.34,-61.95,-91.07,175.88,-0.78,1.18,-0.0,-27.62,142.35,63.63,4
0.19,-0.23,1.52,-35.82,-21.19,243.78,-0.47,0.92,-0.23,-83.26,214.36,10.85,4
0.08,0.18,1.25,-32.07,53.69,284.39,-0.75,0.85,-0.36,-138.78,228.99,-61.25,4
-0.07,0.9,1.12,-100.24,101.71,236.86,-0.89,0.77,-0.34,-142.26,155.98,-99.05,4
-0.18,1.05,1.08,-103.96,137.13,175.24,-0.8,0.5,-0.23,-123.93,116.13,-90.91,4
0.18,0.63,0.85,-165.4,170.85,140.49,-0.26,0.44,-0.42,-181.1,27.71,-120.24,4
0.03,0.63,0.69,-169.21,184.6,89.24,-0.45,0.78,-0.5,-214.66,-25.67,-96.31,4
-0.49,0.32,0.55,-182.93,146.25,86.68,-0.88,0.62,-0.18,-237.07,-53.2,-20.95,4
-0.61,0.18,0.48,-133.69,130.85,88.45,-1.05,0.12,0.4,-139.63,-187.62,-13.2,4
-0.98,0.28,0.23,-49.7,156.49,28.38,-0.71,0.21,0.82,-189.02,-188.14,27.96,4
-1.15,0.05,-0.13,-185.79,102.29,-27.01,-0.39,0.53,0.38,-143.48,153.51,-5.88,4
-1.2,-0.34,-0.35,-68.81,-29.97,-72.04,-0.59,0.18,0.71,-38.78,46.04,67.1,4
-0.89,-0.72,-0.06,29.88,-131.55,-58.38,-0.51,0.31,0.77,2.93,147.84,100.52,4
-0.62,-0.69,0.15,88.99,-180.58,7.41,-0.59,0.4,0.47,80.73,119.63,106.25,4
-0.38,-0.44,0.85,-3.05,-147.62,87.44,-0.58,0.63,0.17,23.17,146.68,82.29,4
-0.37,-0.77,0.85,-94.21,-146.52,170.95,-0.66,0.28,0.34,-92.04,153.11,123.41,4
-0.16,-0.75,1.1,-154.6,-114.73,246.19,-0.54,1.14,0.16,-74.54,199.09,21.83,4
-0.22,-0.02,1.39,-43.29,-24.66,278.45,-1.1,0.65,-0.08,-169.18,213.32,-47.47,4
-0.3,0.46,1.65,-30.91,51.31,236.95,-1.15,0.99,-0.07,-151.86,148.99,-84.88,4
-0.05,0.31,1.26,-81.59,96.98,176.59,-0.65,0.84,-0.29,-141.13,82.32,-86.74,4
-0.23,0.8,0.95,-41.34,106.22,120.49,-0.84,0.37,-0.32,-45.0,39.09,-108.23,4
-0.18,0.35,0.58,-10.43,102.29,82.56,-0.54,0.31,-0.34,-139.57,41.77,-58.99,4
-0.55,0.45,0.33,-94.7,90.4,80.34,-0.76,0.12,-0.15,-161.86,31.1,-37.65,4
-0.68,0.33,0.25,-123.45,73.99,72.26,-0.78,0.23,0.03,-95.06,-5.27,-34.48,4
-0.82,0.13,0.4,-122.2,45.46,58.35,-0.97,0.25,0.07,-163.29,24.63,13.63,4
-0.89,0.03,0.38,-84.02,16.77,20.21,-0.77,0.24,0.32,-120.52,3.99,39.73,4
-0.95,0.15,0.45,-88.96,3.14,-1.68,-1.01,0.42,0.32,-110.4,14.6,39.33,4
-0.56,-0.05,0.53,-147.74,16.22,-24.42,-0.59,0.42,0.15,-63.93,-60.73,31.49,4
-0.56,-0.26,0.03,-95.24,-13.32,-44.27,-0.49,0.11,0.16,-135.15,-21.95,83.99,4
-0.54,-0.65,-0.11,-36.34,-114.57,0.49,-0.43,0.57,0.19,23.08,19.79,120.91,4
-0.37,-1.35,0.54,3.29,-130.7,151.22,-0.17,0.26,0.62,-71.13,128.6,107.23,4
-0.78,-0.71,1.25,-62.04,-45.61,245.64,-1.1,0.73,0.72,-192.87,157.74,83.54,4
-1.16,0.1,1.29,-112.93,-16.68,255.88,-1.62,1.12,0.45,-185.88,194.91,72.13,4
-0.57,-0.13,1.28,-119.45,-33.14,213.75,-0.64,0.91,0.32,-123.81,177.99,62.23,4
-0.21,-0.44,1.21,-127.5,-37.93,205.55,-0.38,1.02,0.27,-143.78,187.77,53.11,4
-0.29,-0.28,1.21,-61.52,-23.38,206.95,-0.66,0.95,0.19,-80.15,187.84,-7.68,4
-0.33,-0.13,1.11,-76.4,18.75,220.03,-0.65,0.67,0.28,-137.13,190.67,-23.54,4
-0.34,-0.03,0.89,-102.93,59.18,234.66,-0.66,0.66,0.2,-125.76,166.1,-79.57,4
-0.23,-0.23,1.01,-142.9,62.47,260.91,-0.68,0.6,0.1,-151.19,158.02,-83.87,4
-0.19,-0.09,1.17,21.71,111.71,254.94,-0.9,0.54,0.01,-183.84,164.09,-116.34,4
-0.37,0.77,0.82,-142.5,159.33,185.43,-0.8,0.51,0.15,-245.73,96.92,-102.01,4
-0.06,0.84,0.53,-191.28,205.88,47.1,-0.55,0.25,-0.19,-191.52,-58.57,-105.4,4
-0.18,0.23,-0.27,-194.24,156.55,-13.66,-0.17,0.52,-0.18,-187.29,-116.16,-27.16,4
-0.77,-0.04,-0.33,12.13,30.34,-70.76,-0.58,-0.01,0.21,-54.85,-60.0,30.95,4
-1.23,-0.37,-0.12,-68.41,-75.21,-43.87,-0.99,0.23,0.53,-111.28,-75.58,161.28,4
-1.08,-0.83,0.36,-53.17,-130.95,6.86,-0.61,0.31,0.77,-2.35,41.16,148.63,4
-0.79,-0.86,0.58,-79.36,-113.29,104.57,-0.64,0.53,0.76,-72.93,176.37,96.04,4
-0.59,-0.59,0.99,-46.65,-78.17,182.01,-0.78,0.7,0.39,-75.34,177.32,40.88,4
-0.53,-0.56,0.83,-72.23,-53.54,230.4,-0.7,0.45,0.5,-119.88,235.91,9.27,4
-0.25,0.21,1.05,-175.55,8.38,311.74,-1.01,0.55,-0.48,-239.39,151.71,-31.86,4
-0.41,0.81,1.1,-122.41,63.2,246.43,-0.87,0.4,0.3,-201.16,151.19,-54.73,4
-0.39,0.14,1.26,-79.94,56.16,206.04,-1.02,0.74,0.05,-273.32,156.77,-14.88,4
-0.38,0.22,0.98,-100.4,46.52,145.12,-0.81,0.84,-0.16,-94.39,80.24,-39.63,4
-0.37,0.24,0.59,60.3,91.31,114.88,-0.73,0.12,0.02,-135.37,84.91,-72.74,4
-0.47,0.47,0.6,-95.24,114.66,102.44,-0.72,0.28,-0.07,-174.27,44.15,-55.34,4
-0.51,0.61,0.35,-177.53,128.84,72.47,-0.77,0.14,-0.08,-188.75,-25.95,-52.96,4
-0.72,0.41,0.13,-130.7,93.08,30.06,-0.88,0.09,0.01,-137.77,-89.97,14.7,4
-0.93,0.09,-0.14,-150.0,34.91,22.44,-0.49,0.2,0.24,-87.74,-130.15,53.08,4
-1.2,-0.37,-0.12,-134.18,-42.65,58.69,-0.79,0.16,0.93,-100.03,-33.9,128.26,4
-1.22,-0.51,0.27,-159.76,-87.04,95.79,-0.71,0.32,0.85,-143.17,140.67,142.77,4
-0.95,-0.79,0.8,-157.96,-96.04,135.79,-0.84,0.58,0.79,-136.34,238.87,95.98,4
-0.75,-0.92,0.79,-188.9,-94.76,185.27,-0.77,0.68,0.6,-140.34,174.12,83.93,4
-0.33,-0.38,1.06,-62.96,-62.1,205.79,-0.64,0.85,0.24,-90.09,175.49,2.5,4
-0.27,-0.19,1.16,-80.24,-21.55,209.36,-0.68,0.65,0.15,-130.24,147.29,-14.18,4
-0.21,0.12,1.54,-129.12,37.26,160.64,-0.88,0.91,-0.13,-159.39,116.22,-43.45,4
-0.34,-0.02,0.95,-104.79,95.98,138.29,-0.75,0.41,0.04,-121.77,43.87,-107.01,4
-0.21,0.28,0.78,-70.09,132.56,138.63,-0.8,0.33,-0.39,-143.54,24.39,-132.87,4
-0.41,0.57,0.52,65.79,163.2,81.8,-0.84,0.03,-0.01,-164.18,-0.37,-112.16,4
-0.45,0.34,0.3,-77.1,140.76,34.12,-0.56,0.38,-0.2,-149.97,-65.43,-33.69,4
-0.77,0.38,-0.05,77.65,93.96,-34.7,-0.89,0.09,0.12,-17.26,-72.41,-43.38,4
-0.96,-0.17,-0.03,162.38,35.82,-70.64,-0.88,-0.06,0.26,-107.26,-35.09,42.16,4
-1.14,-0.24,-0.06,107.87,-25.98,-18.05,-0.79,0.06,0.46,-53.87,-0.91,63.6,4
-1.01,-0.45,-0.06,-150.76,-81.19,126.92,-0.82,-0.16,0.54,-148.17,47.68,140.0,4
-0.91,-0.58,0.67,-152.47,-52.87,241.92,-0.91,0.14,0.69,-121.98,145.3,138.2,4
-1.23,-0.06,1.1,-293.9,-24.09,298.45,-1.4,0.31,0.72,-253.38,200.4,146.01,4
-0.89,0.03,1.36,-216.55,-13.32,250.0,-1.21,0.82,0.66,-160.55,198.96,78.75,4
-0.58,-0.53,1.26,-156.83,4.42,201.43,-0.74,1.27,0.53,-109.7,168.6,1.74,4
-0.19,-0.16,1.3,22.47,33.87,187.9,-0.6,0.82,0.16,-57.68,192.23,-65.21,4
0.12,0.41,0.94,3.45,116.55,171.16,-0.45,0.42,-0.21,-105.91,165.55,-106.49,4
0.06,0.9,0.46,27.41,189.57,99.12,-0.56,0.06,-0.4,-122.38,101.95,-172.93,4
-0.05,0.98,0.13,-26.55,216.52,16.86,-0.54,0.09,-0.41,-141.77,-18.32,-161.16,4
-0.27,0.8,-0.03,-95.18,189.24,-36.16,-0.63,0.11,-0.32,-144.39,-86.68,-108.81,4
-0.6,0.53,-0.09,-71.16,133.02,-83.72,-0.75,0.13,-0.11,-105.3,-118.29,-55.76,4
-0.83,0.33,-0.22,-108.51,67.65,-83.45,-0.89,-0.08,-0.05,-114.6,-132.9,1.16,4
-1.17,0.05,-0.22,-66.22,-12.2,-49.02,-1.09,0.04,0.6,-49.09,-147.93,87.56,4
-1.12,-0.23,-0.02,-119.15,-91.46,-14.21,-0.79,0.19,0.22,-46.68,-92.96,155.76,4
-0.99,-0.27,0.21,-131.89,-156.37,68.2,-0.88,0.32,0.48,-45.73,-28.66,206.31,4
-0.91,-0.41,0.94,-115.91,-129.42,148.96,-0.97,0.44,0.76,-40.76,126.62,160.64,4
-0.78,-0.63,1.25,-143.54,-71.89,248.41,-0.93,0.54,0.76,-91.31,212.38,108.41,4
-0.47,-0.57,1.53,-236.52,-44.39,324.6,-0.91,0.98,0.49,-96.49,348.45,-14.57,4
0.01,-0.14,1.59,-52.13,38.26,334.6,-0.82,0.94,0.23,-129.42,281.07,-100.09,4
0.07,0.32,1.22,-28.81,119.3,274.42,-0.69,0.64,0.17,-200.7,236.86,-125.3,4
0.07,0.52,0.78,-55.03,181.31,205.7,-0.61,0.34,-0.14,-203.96,131.83,-165.91,4
-0.08,0.8,0.42,-51.28,212.38,112.68,-0.58,0.26,-0.12,-195.03,30.55,-148.35,4
-0.22,0.61,0.21,-87.77,194.12,36.62,-0.53,0.27,-0.19,-199.76,-49.3,-93.41,4
-0.64,0.43,0.01,-53.57,140.73,-23.78,-0.79,0.14,0.06,-159.45,-99.6,-22.99,4
-0.89,0.18,-0.07,-145.46,66.31,-26.16,-0.88,0.2,0.25,-98.57,-155.21,26.16,4
-1.01,-0.13,-0.0,-47.9,-25.4,-3.78,-0.81,0.05,0.45,-25.55,-145.7,92.04,4
-0.84,-0.27,0.24,-69.6,-96.55,44.88,-0.44,0.36,0.18,-51.28,144.48,104.02,4
-0.76,0.08,0.39,-115.91,-120.67,112.1,-0.99,0.2,0.05,-44.63,6.43,130.09,4
-1.08,0.02,1.15,-197.84,-103.05,182.13,-1.2,0.39,0.61,-118.87,154.42,125.61,4
-0.56,-0.79,1.55,-144.7,-56.8,226.77,-0.93,0.9,0.46,-119.82,214.3,52.56,4
-0.32,-0.64,1.46,-100.4,12.23,279.33,-0.93,1.06,0.24,-148.32,229.24,-53.48,4
-0.14,0.04,1.37,-31.37,88.66,272.74,-0.89,0.84,0.03,-182.1,210.88,-96.37,4
-0.02,0.41,1.07,-9.91,156.49,220.95,-0.57,0.55,0.05,-236.34,179.36,-135.64,4
-0.06,0.48,0.64,-83.08,187.41,175.15,-0.59,0.48,-0.1,-219.79,101.65,-141.34,4
-0.22,0.6,0.49,6.86,178.11,89.09,-0.67,0.47,-0.16,-203.05,46.43,-100.76,4
-0.6,0.64,0.29,-110.61,131.62,26.65,-0.74,0.38,-0.01,-170.98,-13.38,-39.45,4
-0.6,-0.49,-1.02,-7.56,-108.14,44.94,0.07,-0.05,0.8,-27.62,99.05,11.89,4
-0.44,-0.14,-0.19,-135.98,-135.18,93.75,-0.19,0.03,0.64,-68.72,113.38,-12.16,4
-1.07,-0.17,-0.79,-84.6,-151.07,53.9,-0.54,-0.24,0.89,-29.18,133.48,-20.82,4
-1.35,-0.27,0.02,-83.17,-226.95,71.95,-1.04,-0.18,0.44,31.65,227.5,-53.69,4
-0.37,2.81,1.58,187.59,186.43,-33.05,-1.95,-0.28,0.59,93.96,-181.04,-187.1,4
-1.65,-0.56,-1.02,-97.29,-9.36,-61.95,-0.93,-0.2,0.64,-45.76,-10.98,131.13,4
-0.98,-0.19,0.02,-123.2,10.18,-52.29,-0.82,-0.09,0.48,-60.98,-37.8,103.72,4
-0.8,-0.35,0.19,-54.05,-26.01,-25.21,-0.73,-0.0,0.37,-36.28,7.84,53.48,4
-0.95,-0.34,-0.05,-41.07,-5.79,-19.36,-0.78,0.04,0.51,-19.73,-3.93,35.3,4
-0.87,-0.32,-0.05,-61.92,-4.91,-24.02,-0.86,0.1,0.5,-30.0,-10.21,49.97,4
-0.85,-0.53,0.11,-20.58,-8.69,-11.86,-0.75,0.19,0.5,-12.96,2.56,32.2,4
-0.95,-0.5,-0.02,13.45,-8.9,-5.67,-0.85,0.17,0.51,10.46,15.27,0.03,4
-0.83,-0.44,0.07,32.35,-5.0,-5.12,-0.74,0.13,0.44,27.53,8.6,-6.49,4
-0.82,-0.39,0.05,40.7,8.99,3.38,-0.7,0.14,0.52,41.34,2.32,-16.1,4
-0.73,-0.4,0.35,109.76,39.91,14.6,-0.75,0.17,0.39,33.02,-32.44,-23.69,4
-0.82,-0.76,-0.06,187.74,81.92,30.58,-0.73,0.1,0.49,65.06,-70.52,-97.84,4
-1.09,-0.27,-0.09,168.48,82.84,25.55,-1.02,0.03,0.49,36.68,-63.9,-76.28,4
-0.92,0.73,0.44,113.54,108.69,18.96,-1.15,-0.02,0.56,45.91,-47.77,-72.04,4
-0.48,0.14,0.26,-42.84,193.54,60.91,-0.62,-0.19,0.62,0.21,-112.41,-130.15,4
-1.05,0.18,-1.6,49.48,78.32,-25.06,-0.2,-0.27,1.04,14.94,-70.37,-14.51,4
-0.92,-0.16,-0.63,21.37,-1.71,-59.15,-0.38,-0.2,0.89,39.82,-26.86,51.95,4
-0.85,-0.25,-0.38,-31.95,9.94,-38.6,-0.36,-0.19,0.84,4.97,-28.93,27.68,4
-0.84,-0.31,-0.73,-43.63,2.93,-17.96,-0.19,-0.07,0.91,-5.88,-11.59,20.88,4
-0.85,-0.28,-0.72,-31.55,-31.04,-7.53,-0.35,-0.17,0.85,-4.33,21.77,13.29,4
-0.79,-0.35,-0.79,-49.63,-79.57,21.71,-0.23,-0.07,0.85,-14.6,67.29,2.77,4
-0.82,0.08,-0.39,-120.76,-105.24,39.36,-0.44,-0.11,0.79,-35.73,76.22,-20.67,4
-1.17,-0.01,-0.74,-11.28,-157.99,21.01,-0.69,-0.42,0.73,26.04,170.09,-37.35,4
-1.38,-0.32,0.32,-64.85,-220.52,41.8,-0.81,-0.4,0.55,-1.4,283.84,-47.35,4
-1.38,1.01,-0.95,-105.88,158.2,5.49,-0.77,0.02,0.15,-40.21,-250.7,41.43,4
-0.9,-0.09,0.29,-95.3,-58.08,-44.36,-0.8,-0.35,0.58,-58.54,43.32,116.46,4
-1.11,-0.09,-0.56,-73.6,-28.41,-34.02,-0.58,-0.23,0.74,-48.99,9.97,68.45,4
-0.58,-0.22,0.05,-50.58,2.32,-13.17,-0.43,-0.25,0.69,19.42,-20.27,88.66,4
-1.02,-0.08,-0.66,7.38,45.67,8.02,-0.38,-0.04,0.73,-39.7,-59.79,6.8,4
-0.97,-0.43,-0.04,-56.34,39.79,12.26,-0.67,-0.05,0.54,-21.46,-40.21,-3.9,4
-0.77,0.22,-0.03,11.25,67.1,-18.99,-0.65,-0.19,1.05,-11.83,-75.67,29.7,4
-0.99,-0.34,-0.4,-30.73,-5.49,8.05,-0.59,-0.05,0.67,-3.99,10.46,-17.2,4
-1.5,-0.36,-0.28,-19.48,-63.05,20.82,-0.94,-0.05,0.62,21.71,57.84,-27.2,4
-0.48,-0.78,1.22,11.01,-49.94,19.27,-0.7,-0.13,0.22,18.45,102.71,-105.4,4
-1.25,0.59,-0.5,-45.24,46.19,-23.69,-0.85,0.03,0.11,-22.47,-92.96,50.61,4
-0.84,-0.23,0.49,-23.23,-42.59,-43.78,-0.93,-0.14,0.42,-6.55,37.56,63.78,4
-1.09,-0.17,-0.3,-13.35,-36.77,-26.89,-0.71,-0.16,0.52,-4.57,24.39,33.63,4
-0.9,-0.17,-0.03,-11.65,-35.49,-4.02,-0.73,-0.1,0.48,-13.99,29.97,13.87,4
-0.86,-0.07,0.03,-31.16,-20.3,-14.18,-0.75,-0.05,0.49,-17.68,6.98,30.37,4
-0.88,-0.36,0.07,-17.01,-10.12,0.73,-0.76,-0.0,0.45,-19.02,5.95,8.75,4
-0.99,-0.23,0.04,-16.52,-3.87,-0.34,-0.82,0.05,0.48,-12.04,-1.16,8.26,4
-0.95,-0.45,0.04,-4.45,-8.32,-7.23,-0.76,0.05,0.46,2.13,10.46,12.74,4
-0.87,-0.3,0.04,17.8,1.22,0.4,-0.75,0.0,0.45,44.45,-2.84,4.57,4
-0.68,-0.4,0.27,62.87,38.75,2.77,-0.65,-0.0,0.42,31.43,-41.43,10.03,4
-0.85,-0.28,-0.11,104.48,90.61,-7.93,-0.7,0.11,0.48,19.02,-94.66,-5.58,4
-1.15,-0.12,0.5,52.01,99.73,-27.16,-1.17,0.15,0.43,-1.95,-83.38,-20.61,4
-1.3,-0.05,-0.03,152.01,115.67,-60.82,-1.0,0.07,0.64,54.12,-57.47,-48.23,4
-0.51,-0.61,-0.5,-6.92,88.9,-22.47,0.04,-0.05,0.5,8.54,-129.3,16.31,4
-0.66,-0.35,-0.86,-41.01,-94.42,28.48,-0.25,-0.01,0.92,-35.76,103.38,5.06,4
-1.27,-0.15,-0.19,-129.48,-123.99,55.06,-1.03,-0.01,0.39,-17.2,107.16,-67.84,4
-1.53,-0.24,-0.17,-71.25,-190.06,64.18,-1.28,-0.25,0.82,-15.88,208.26,-32.47,4
-1.11,2.13,0.97,163.23,127.1,-3.11,-1.69,-0.58,1.14,50.61,-121.49,-148.87,4
-1.28,-0.26,-1.14,-118.96,-3.54,-61.74,-0.61,-0.29,0.7,-38.26,-23.84,114.7,4
-0.91,-0.24,0.26,-17.71,-7.96,-20.76,-0.77,-0.15,0.51,-21.8,7.2,60.55,4
-0.75,-0.36,0.06,98.08,39.21,3.99,-0.62,-0.01,0.57,-5.18,-64.6,22.13,4
-1.19,-0.52,-1.48,195.46,38.87,38.54,-0.45,-0.21,0.99,23.51,-8.48,-106.86,4
-0.71,0.86,0.35,117.56,92.07,-0.52,-0.72,-0.23,0.47,14.09,-45.27,-24.91,4
-0.51,0.08,-0.07,8.69,184.48,52.87,-0.48,-0.34,0.7,-16.13,-88.48,-137.84,4
-1.01,0.01,-1.56,74.12,98.41,-26.89,-0.12,-0.27,0.89,18.63,-103.93,-45.95,4
-0.98,-0.2,-0.8,8.08,-15.49,-56.89,-0.35,-0.26,0.85,12.13,-22.41,53.63,4
-1.02,-0.24,-0.33,-41.59,-36.07,-37.29,-0.62,-0.19,0.84,12.62,12.56,47.41,4
-0.96,-0.36,-0.35,-40.67,-18.48,-9.39,-0.54,-0.19,0.77,6.22,6.98,8.69,4
-0.97,-0.2,-0.58,52.93,-13.84,-12.32,-0.51,-0.29,0.87,22.5,13.29,-6.92,4
-0.91,-0.23,-0.6,-16.8,-36.37,13.9,-0.38,-0.2,0.83,-7.93,35.91,1.19,4
-0.87,-0.21,-0.6,-29.3,-65.52,26.4,-0.44,-0.2,0.76,-9.05,62.93,13.05,4
-0.89,-0.22,-0.58,-11.65,-88.38,36.98,-0.49,-0.24,0.71,-10.0,90.49,-2.77,4
-0.47,0.04,0.28,-130.67,-63.54,56.62,-0.39,-0.19,0.6,-38.35,55.73,-19.09,4
-1.22,0.15,-0.79,-205.46,-82.16,0.09,-0.68,-0.27,0.68,-16.07,43.6,9.82,4
-1.3,-0.52,-0.07,-73.78,-158.51,6.43,-0.8,-0.3,0.56,-12.9,195.49,-6.07,4
-1.2,1.32,0.38,-15.15,165.85,-21.86,-1.18,-0.13,0.41,44.85,-208.72,-27.9,4
-1.23,-0.4,-0.62,-10.67,-55.85,-35.52,-0.65,-0.41,0.68,-34.3,51.92,74.3,4
-0.96,-0.1,-0.26,-43.69,-22.26,-6.37,-0.56,-0.26,0.6,-31.4,10.21,26.71,4
-0.96,0.1,-0.03,-46.1,-12.65,-13.96,-0.92,-0.3,1.01,-25.49,16.55,25.34,4
-0.95,-0.48,0.07,-23.38,34.73,-19.79,-0.88,-0.05,0.47,-8.81,-46.98,14.48,4
-1.04,-0.24,0.18,-8.84,17.44,5.18,-0.98,0.04,0.31,-8.48,-16.46,-3.69,4
-1.09,-0.23,-0.02,-9.3,-1.01,3.38,-0.9,-0.05,0.44,-3.2,-3.84,-2.41,4
-0.97,-0.1,0.08,2.59,-18.14,-3.29,-0.86,0.01,0.36,3.14,15.34,7.96,4
-0.98,-0.33,0.05,-4.12,-24.7,-3.48,-0.82,-0.07,0.43,-6.01,22.32,8.02,4
-0.94,-0.13,0.07,6.83,-17.44,2.01,-0.85,-0.03,0.44,5.43,17.8,-3.38,4
-0.88,-0.22,0.14,-8.2,-12.56,-12.35,-0.81,-0.03,0.35,3.05,6.89,16.28,4
-0.93,-0.14,0.07,1.92,-9.36,-16.01,-0.81,-0.06,0.4,10.12,6.95,11.95,4
-0.99,-0.22,0.01,1.77,-9.82,-17.77,-0.81,-0.13,0.48,9.48,9.02,14.15,4
-0.92,-0.17,0.09,8.75,-13.66,-4.09,-0.81,-0.07,0.41,8.11,13.93,-1.34,4
-0.9,-0.18,0.15,-1.74,-5.79,-8.02,-0.84,-0.05,0.36,3.72,4.85,5.61,4
-0.93,-0.19,0.11,-12.16,-3.17,-11.98,-0.85,-0.01,0.38,-3.23,1.13,14.09,4
-0.9,-0.36,0.11,-2.01,-6.16,-5.24,-0.81,0.02,0.39,0.46,5.82,4.79,4
-0.91,-0.22,0.09,6.19,2.74,-1.8,-0.89,-0.01,0.42,8.08,0.67,-8.23,4
-0.89,-0.29,0.19,14.36,3.23,-0.37,-0.82,0.02,0.35,9.97,-0.85,-10.82,4
-0.94,-0.24,0.1,22.23,7.29,-0.82,-0.84,-0.02,0.4,20.03,-4.57,-14.39,4
-0.94,-0.18,0.09,14.27,11.92,-1.55,-0.85,-0.03,0.39,15.67,-9.54,-12.07,4
-0.91,-0.18,0.15,12.35,12.13,-5.4,-0.82,-0.01,0.34,13.87,-10.49,-4.42,4
-0.91,-0.16,0.19,-5.85,11.59,-8.38,-0.87,0.01,0.3,7.53,-11.55,5.46,4
-0.94,-0.2,0.28,-27.9,13.96,-21.59,-0.96,0.04,0.32,38.6,-23.38,48.63,4
-0.92,-0.56,0.34,46.49,16.04,-8.51,-0.86,0.05,0.31,-25.82,-38.6,53.23,4
-0.81,-0.59,0.11,150.24,42.35,15.09,-0.78,0.15,0.41,16.8,-32.77,-41.01,4
-0.88,0.0,0.32,95.58,93.38,5.82,-0.99,0.08,0.37,-11.68,-75.79,-58.45,4
-1.03,-0.07,-0.04,101.43,117.41,-12.74,-0.86,-0.07,0.58,5.34,-78.23,-59.63,4
-0.68,-0.3,-0.62,-76.19,113.69,7.74,-0.2,-0.14,0.98,-8.75,-110.58,6.34,4
-0.98,-0.37,-1.53,-61.46,-18.32,25.76,-0.06,-0.09,0.99,-28.78,23.05,-23.2,4
-0.84,-0.08,-0.17,-136.77,-86.31,52.62,-0.53,-0.2,0.68,-19.97,73.14,-38.93,4
-1.4,-0.04,-0.6,-21.13,-141.43,34.12,-0.68,-0.32,0.81,51.01,177.68,-36.13,4
-0.81,0.1,3.54,-77.35,-19.45,7.26,-0.53,-0.2,-0.07,-2.65,151.25,-86.13,4
-1.14,0.67,-0.43,-91.22,91.55,-43.81,-0.78,-0.04,0.36,-49.24,-132.93,84.33,4
-1.08,-0.22,-0.24,-9.63,-27.07,-60.82,-0.73,-0.25,0.66,-21.37,29.3,86.89,4
-0.99,-0.33,-0.04,-29.63,0.43,-42.8,-0.71,-0.15,0.57,-8.26,-0.67,51.25,4
-0.7,-0.48,0.09,119.97,39.3,1.65,-0.58,-0.2,0.59,36.86,-58.63,17.99,4
-0.81,-0.07,-0.35,121.77,101.07,11.19,-0.53,-0.11,0.69,15.09,-93.05,-58.6,4
-1.14,-0.17,-0.33,72.87,84.7,14.12,-0.67,-0.2,0.71,-9.15,-61.37,-50.06,4
-1.02,-0.05,-0.25,55.18,105.03,14.36,-0.6,-0.26,0.77,16.71,-75.76,-53.29,4
-0.28,-0.16,-0.21,-5.15,148.23,35.37,-0.1,-0.23,0.62,11.77,-153.78,-61.55,4
-0.95,-0.07,-1.34,34.51,12.5,-22.26,-0.32,-0.19,1.13,11.28,3.26,20.3,4
-1.07,-0.21,-0.59,29.21,-43.11,-26.1,-0.58,-0.24,0.85,14.12,44.15,26.68,4
-0.97,-0.19,-0.24,-28.23,-32.1,-1.52,-0.62,-0.22,0.76,-11.62,23.57,13.9,4
-1.0,-0.2,-0.49,17.44,-33.69,-6.22,-0.57,-0.17,0.81,3.66,26.86,10.61,4
-0.95,-0.25,-0.52,6.71,-45.64,5.82,-0.49,-0.21,0.79,-0.09,38.96,6.34,4
-0.88,-0.14,-0.39,-17.68,-51.37,12.32,-0.5,-0.16,0.76,-9.24,45.15,17.59,4
-0.82,-0.21,-0.39,-34.6,-60.76,15.24,-0.46,-0.2,0.75,-14.18,61.31,13.54,4
-0.72,-0.03,-0.24,-146.31,-44.45,35.06,-0.39,-0.08,0.66,-28.2,9.12,-1.98,4
-0.92,-0.11,-0.61,-123.69,-52.77,1.71,-0.47,-0.24,0.74,-5.58,30.12,-4.42,4
-1.16,-0.12,-0.53,-60.37,-134.3,-4.54,-0.66,-0.33,0.73,18.72,140.85,13.69,4
0.09,-1.63,1.76,40.98,5.09,11.89,0.03,0.26,0.29,-72.26,41.1,-86.43,4
-1.44,0.19,-0.97,-78.26,46.13,-19.42,-0.61,-0.23,0.47,-47.01,-75.7,46.16,4
-0.95,0.24,0.19,-32.5,-42.99,-22.99,-0.78,-0.31,0.65,-32.84,37.96,53.26,4
-1.08,-0.03,-0.42,-41.62,-14.91,-25.21,-0.64,-0.2,0.76,-23.05,3.23,45.82,4
-0.96,-0.29,0.2,-31.59,15.91,-25.64,-0.79,-0.02,0.74,-7.13,-7.8,61.07,4
-0.91,-0.48,-0.0,50.95,51.83,-26.59,-0.84,0.17,0.48,-16.19,-78.29,64.21,4
-1.21,-0.33,-0.18,10.61,9.66,-8.14,-1.07,0.17,0.58,8.23,-11.4,-7.16,4
-1.06,-0.51,-0.17,-48.84,-27.13,40.4,-0.72,0.0,0.46,-16.28,61.74,-32.04,4
-0.51,-0.35,-0.14,60.0,8.38,34.27,-0.26,0.0,0.26,28.45,-38.32,-32.77,4
-0.64,0.01,0.13,-66.34,-37.99,50.82,-0.63,-0.11,0.53,2.29,39.09,-66.22,4
-1.24,-0.1,-0.22,16.83,-115.09,22.93,-0.96,-0.1,0.46,33.14,131.28,-61.25,4
-1.14,0.38,2.12,196.16,83.72,-24.12,-1.27,-0.24,0.46,-24.39,-72.29,-111.22,4
-1.48,-0.42,-1.0,-76.95,19.97,-75.18,-0.87,-0.05,0.5,-9.48,-30.58,92.68,4
-0.96,-0.33,0.48,-10.12,-13.29,-26.49,-0.93,-0.15,0.38,11.34,13.63,17.99,4
-1.06,0.01,-0.13,12.77,-40.21,-1.74,-0.85,-0.22,0.51,-2.71,44.33,-1.19,4
-0.96,-0.03,-0.01,-6.43,-30.95,-14.66,-0.77,-0.13,0.46,-1.86,25.27,23.57,4
-0.84,-0.18,0.16,-3.75,-24.45,-11.71,-0.77,-0.12,0.34,-5.76,17.93,15.12,4
-0.88,-0.09,0.13,-14.73,-11.22,-2.59,-0.81,-0.1,0.37,-12.01,4.76,9.91,4
-0.92,-0.23,0.12,-15.55,-0.03,-0.91,-0.84,-0.06,0.38,-9.7,-6.77,7.8,4
-0.92,-0.26,0.17,-6.19,0.85,4.09,-0.88,-0.03,0.33,-6.13,-2.44,-4.21,4
-0.93,-0.15,0.12,-11.31,2.38,-3.93,-0.89,-0.04,0.36,-3.81,-6.1,5.79,4
-0.89,-0.23,0.17,-4.18,4.27,-3.54,-0.84,-0.03,0.35,0.24,-5.27,-0.03,4
-0.94,-0.27,0.08,2.56,8.02,-1.95,-0.82,-0.04,0.41,8.72,-10.58,-4.42,4
-0.93,-0.16,0.09,6.37,10.98,-3.63,-0.82,-0.02,0.37,12.01,-12.5,-5.4,4
-0.9,-0.22,0.18,-5.34,18.9,-10.27,-0.84,-0.02,0.35,9.54,-17.71,3.41,4
-0.97,-0.36,0.18,32.74,7.01,-2.68,-0.9,0.0,0.19,39.73,-26.95,32.71,4
-1.18,-0.43,-0.02,93.54,30.09,7.01,-1.0,0.07,0.41,-12.9,-40.34,5.21,4
-0.96,-0.35,0.38,-31.49,21.89,24.18,-1.04,-0.01,0.22,-30.43,-14.09,-23.63,4
-0.59,0.16,-0.45,10.88,44.45,13.51,-0.43,-0.06,0.6,-7.41,-78.72,6.46,4
-0.64,-0.09,-0.2,-75.98,-32.47,41.37,-0.51,-0.06,0.5,-3.32,29.97,-58.2,4
-1.37,-0.33,-0.15,-7.32,-122.32,43.93,-0.93,-0.11,0.64,23.32,152.32,-77.65,4
-1.16,2.76,1.15,155.61,156.77,-62.8,-1.93,-0.42,0.78,65.46,-140.58,-98.17,4
-1.48,-0.47,-0.67,-111.55,27.38,-109.7,-1.04,-0.19,0.58,-36.04,-48.6,146.25,4
-1.06,-0.71,0.4,65.27,-13.05,-73.32,-1.0,-0.11,0.49,36.65,-4.39,114.12,4
-0.75,-0.17,0.08,169.36,76.95,-30.09,-0.63,-0.16,0.61,28.05,-89.15,-9.3,4
-0.95,-0.45,-0.91,137.16,109.97,32.35,-0.27,-0.43,0.73,-11.65,-84.18,-88.99,4
-0.55,-0.02,0.1,-134.85,184.91,87.07,-0.85,-0.2,0.57,-37.74,-136.77,-63.69,4
-0.18,0.25,-0.98,-29.33,220.03,98.96,-0.05,0.01,0.55,-56.83,-154.42,-146.34,4
-0.83,0.12,-1.42,89.82,-7.1,-54.27,-0.08,-0.28,0.97,21.43,-0.76,45.95,4
-0.96,-0.29,-0.38,-44.09,-53.66,-36.28,-0.5,-0.08,0.94,22.93,15.03,54.85,4
-1.04,-0.19,-0.3,-30.58,-3.87,-24.12,-0.64,-0.43,0.84,1.98,-10.91,12.26,4
-0.9,-0.22,-0.61,-31.59,1.71,-3.75,-0.38,-0.24,0.83,-0.58,-9.21,-2.13,4
-0.89,-0.17,-0.65,30.73,-14.51,-11.55,-0.41,-0.29,0.85,21.43,7.23,0.43,4
-0.86,-0.38,-0.89,-38.2,-50.76,16.65,-0.22,-0.11,0.88,-3.05,37.53,5.03,4
-0.84,-0.2,-0.72,-4.76,-109.05,27.77,-0.31,-0.24,0.83,-10.49,110.55,15.46,4
-0.65,-0.17,-0.05,-81.34,-117.44,67.29,-0.46,-0.25,0.64,-26.16,130.46,-17.2,4
-1.11,0.27,-0.14,-140.61,-68.11,32.32,-0.86,-0.29,0.58,0.18,39.76,-52.65,4
-1.24,0.03,-0.76,-84.88,-163.02,1.1,-0.76,-0.35,0.69,38.72,173.99,22.71,4
0.48,-1.35,2.42,218.45,50.18,72.53,-0.5,-0.01,0.34,-25.21,33.84,-156.1,4
-1.51,0.08,-1.34,-143.2,32.2,-52.16,-0.57,-0.43,0.53,-69.85,-62.77,101.46,4
-0.84,0.12,0.25,-65.43,-26.01,-13.32,-0.74,-0.35,0.53,-56.34,13.63,60.06,4
-1.0,0.05,-0.37,-71.86,-11.65,-23.69,-0.58,-0.23,0.68,-47.29,-5.15,60.03,4
-0.7,-0.27,-0.12,29.57,13.14,-12.47,-0.43,-0.24,0.51,5.12,-54.3,70.58,4
-1.21,0.09,-0.68,4.63,10.09,8.87,-0.75,-0.14,0.74,6.62,-15.7,-12.44,4
-1.13,-0.51,-0.12,-29.85,3.05,35.0,-0.75,-0.18,0.58,-45.7,2.68,-20.98,4
-0.58,0.06,-0.13,17.87,44.45,-20.61,-0.39,-0.14,0.86,13.17,-65.15,42.8,4
-1.02,-0.02,-0.17,-61.37,-16.25,11.1,-0.83,-0.06,0.73,11.55,13.35,-34.94,4
-1.58,-0.4,-0.26,19.91,-67.59,18.45,-1.07,-0.02,0.54,23.35,65.55,-66.31,4
2.71,-1.25,1.88,27.71,-47.01,143.11,-0.13,0.5,-0.32,-103.57,21.1,-66.22,4
-1.44,-0.12,-1.29,-73.75,2.62,-49.27,-0.63,-0.12,0.04,-54.63,-25.46,84.73,4
-0.75,-0.29,0.69,-33.17,-15.24,-13.87,-0.93,-0.16,0.24,-23.35,12.56,31.1,4
-0.95,-0.02,-0.03,-36.4,-39.05,-24.05,-0.8,-0.2,0.48,-28.51,29.57,47.01,4
-0.8,-0.2,0.04,-30.98,-20.21,-13.38,-0.78,-0.03,0.39,-21.37,11.19,30.52,4
-0.76,-0.32,0.22,-17.41,2.84,-7.35,-0.83,0.01,0.37,-10.61,-8.32,7.77,4
-0.92,-0.22,0.13,2.99,13.38,-5.09,-0.86,-0.01,0.35,6.16,-8.29,-2.26,4
-0.93,-0.22,0.15,2.56,6.34,-6.49,-0.84,-0.05,0.4,7.38,-3.35,-1.95,4
-0.99,-0.23,0.1,-10.82,7.44,-9.63,-0.86,-0.06,0.43,0.06,-10.61,7.16,4
-1.03,-0.27,0.09,2.77,14.42,-7.65,-0.87,-0.01,0.44,8.05,-11.01,1.59,4
-0.84,-0.34,0.14,30.15,16.46,2.71,-0.75,-0.04,0.55,66.83,-19.76,31.46,4
-0.77,-0.32,0.18,117.9,73.57,-2.32,-0.71,0.08,0.42,-0.79,-75.24,0.06,4
-0.99,-0.33,0.07,92.84,92.8,-23.57,-0.95,0.11,0.51,33.96,-90.24,-44.05,4
-1.19,-0.12,-0.06,78.69,82.04,-15.06,-0.98,-0.02,0.5,25.85,-50.91,-50.85,4
-0.46,-0.13,0.33,-28.41,67.68,18.87,-0.46,-0.07,0.56,-12.65,-52.56,32.53,4
-0.92,-0.24,-0.75,21.98,-39.57,65.67,-0.51,0.11,0.7,2.1,86.07,-74.94,4
-0.96,0.05,0.02,-62.87,-56.13,58.6,-0.87,-0.1,0.53,18.26,64.18,-70.18,4
-1.26,0.02,-0.23,1.8,-110.49,22.32,-0.87,-0.08,0.52,47.62,135.61,-37.16,4
-1.28,0.59,2.9,-68.32,-16.46,-68.38,-0.8,-0.27,0.16,1.19,131.8,-1.62,4
-1.01,0.5,-0.12,-44.7,132.13,-41.77,-0.79,-0.1,0.21,-6.13,-167.93,45.76,4
-1.31,-0.1,-0.34,-62.87,-1.04,-56.34,-0.91,-0.36,0.72,-36.95,-19.36,98.38,4
-0.92,-0.7,0.47,22.01,43.51,-32.32,-0.97,-0.11,0.54,5.21,-47.96,64.79,4
-0.82,-0.32,-0.17,142.71,88.02,-20.06,-0.62,-0.03,0.6,10.21,-99.02,-7.41,4
-0.96,-0.42,-0.89,145.67,79.27,14.82,-0.34,-0.14,0.85,23.75,-44.39,-95.52,4
-0.86,-0.02,-0.26,64.36,83.14,45.21,-0.62,-0.33,0.73,5.46,-27.13,-71.01,4
-0.4,0.26,0.07,83.57,145.09,44.33,-0.56,-0.3,0.51,1.28,-94.12,-88.51,4
-0.87,-0.23,-1.49,117.29,106.31,0.06,0.02,0.12,1.1,55.76,-80.85,-81.74,4
-0.88,-0.31,-0.98,33.48,-2.04,-24.02,-0.07,-0.29,0.91,17.71,-1.95,-11.62,4
-0.96,-0.26,-0.46,1.92,-41.8,-20.27,-0.5,-0.24,0.88,14.7,19.3,35.85,4
-1.03,-0.32,-0.46,-16.55,-29.09,-4.27,-0.53,-0.2,0.88,-0.27,14.94,15.03,4
-0.93,-0.39,-0.41,-16.22,-27.2,11.04,-0.42,-0.14,0.86,-9.91,27.8,6.13,4
-0.91,-0.37,-0.45,37.04,-37.23,18.48,-0.42,-0.17,0.83,-0.03,46.22,-2.77,4
-0.93,-0.45,-0.45,46.46,-39.57,29.39,-0.48,-0.14,0.84,-6.92,53.87,-9.73,4
-0.88,-0.22,-0.41,-12.62,-50.98,53.99,-0.49,-0.17,0.75,-15.52,79.45,-14.57,4
-0.83,-0.05,-0.27,-46.77,-63.11,61.62,-0.49,-0.2,0.64,-24.24,78.63,-4.76,4
-0.96,0.03,-0.21,-32.9,-73.48,31.65,-0.7,-0.26,0.61,-15.27,77.56,26.37,4
-0.76,0.24,0.42,-30.4,-0.61,-14.94,-0.93,-0.24,0.45,-19.18,-29.18,9.48,4
-0.89,0.09,-0.42,-214.76,4.7,-25.55,-0.41,-0.07,0.63,-52.59,-64.18,78.29,4
-1.06,-0.09,-0.68,-174.79,-46.98,-17.38,-0.45,-0.36,0.85,-24.94,28.99,55.61,4
-1.11,-0.36,-0.53,-149.73,-100.55,6.77,-0.51,-0.32,0.7,-36.16,113.6,25.0,4
-0.84,-1.73,0.93,-43.51,-17.53,27.65,-0.42,0.0,0.31,-118.66,10.73,-23.72,4
-1.32,0.18,-0.51,-95.7,58.84,-13.78,-0.74,-0.08,0.26,-73.45,-97.29,34.15,4
-1.21,-0.1,-0.18,-45.46,-53.66,-32.07,-0.84,-0.25,0.53,-11.71,33.72,78.02,4
-0.92,-0.19,-0.06,-34.85,-39.36,-15.82,-0.75,-0.24,0.65,11.04,16.49,77.35,4
-0.95,-0.09,-0.31,22.53,-23.84,9.36,-0.61,-0.22,0.54,-13.05,16.19,5.21,4
-1.0,0.09,0.05,-36.46,-29.82,20.98,-0.9,-0.27,0.76,-23.6,44.36,0.12,4
-0.75,-0.54,0.25,-64.42,22.5,34.24,-0.69,0.08,0.27,-48.11,-32.32,-6.43,4
-0.97,-0.19,-0.24,-53.69,-8.78,11.37,-0.69,0.05,0.67,-47.47,3.9,11.83,4
-0.95,-0.39,-0.04,-0.03,-25.12,-7.53,-0.8,0.18,0.51,22.13,26.25,-32.32,4
2.31,-0.76,-0.46,-53.23,-95.91,72.77,-0.79,-0.19,0.19,14.12,32.74,-44.6,4
-1.17,0.2,-0.03,-58.6,53.99,-46.25,-0.99,-0.01,-0.13,-21.04,-96.52,63.38,4
-0.94,-0.27,0.27,-6.74,-45.91,-23.72,-0.9,-0.12,0.39,-6.92,40.0,43.63,4
-0.93,-0.17,-0.08,-12.56,-16.98,-0.98,-0.69,-0.0,0.44,-18.6,7.8,12.93,4
-0.8,-0.19,0.19,-10.06,-10.3,3.23,-0.74,0.01,0.45,-11.49,0.12,6.43,4
-0.95,-0.11,0.08,-5.98,-0.09,-15.7,-0.81,0.01,0.36,0.7,-6.77,17.16,4
-0.9,-0.33,0.14,-6.86,-5.95,-2.07,-0.77,-0.0,0.36,-8.6,1.68,6.49,4
-0.93,-0.16,0.05,-9.09,4.36,10.15,-0.82,-0.01,0.49,-8.29,-2.84,-7.35,4
-0.92,-0.26,0.16,-6.19,13.93,6.62,-0.85,0.05,0.39,-7.32,-15.09,-6.98,4
-0.98,-0.24,0.11,-1.04,15.3,-4.15,-0.85,0.0,0.44,-1.95,-13.32,2.04,4
-0.97,-0.28,0.04,12.2,15.82,-5.49,-0.82,-0.01,0.45,10.76,-12.77,-4.85,4
-0.96,-0.24,0.09,21.28,18.57,3.2,-0.8,-0.03,0.45,15.73,-11.62,-7.84,4
-0.9,-0.28,0.16,49.85,30.06,3.35,-0.81,0.01,0.47,32.26,-31.34,2.93,4
-0.94,-0.33,-0.04,97.07,48.66,12.9,-0.73,-0.0,0.47,13.35,-52.1,-13.38,4
-1.17,-0.17,0.05,64.94,36.74,8.23,-1.17,0.01,0.51,15.76,-13.75,-59.63,4
-1.09,-0.25,-0.15,93.29,37.8,2.71,-0.85,-0.03,0.48,42.74,-15.27,-69.02,4
-0.38,-0.06,0.08,58.51,36.46,-3.02,-0.43,-0.2,0.33,16.89,-46.31,-2.77,4
-0.8,-0.09,-0.2,-23.02,-50.3,38.26,-0.62,-0.13,0.61,-10.67,71.25,-16.74,4
-0.83,0.02,0.37,-166.68,-27.9,34.54,-0.86,-0.06,0.38,-1.01,5.82,-29.85,4
-1.66,-0.17,-0.6,-92.01,-109.82,-2.68,-0.88,-0.16,0.58,9.7,107.53,40.82,4
-0.65,0.64,1.83,294.21,70.12,10.34,-1.43,-0.38,0.68,41.43,-5.64,-138.35,4
-1.47,-0.21,-1.21,-76.86,24.63,-55.61,-0.64,-0.27,0.68,-34.91,-31.01,73.35,4
-1.04,-0.12,0.25,-87.35,-9.7,-35.64,-0.84,-0.17,0.48,-46.86,-16.43,87.5,4
-1.08,-0.49,0.04,-29.15,-1.16,-35.0,-0.92,-0.05,0.56,12.65,3.08,62.53,4
-0.73,-0.57,0.08,158.66,25.7,25.76,-0.69,-0.09,0.45,-0.15,-29.15,-21.92,4
-0.94,-0.0,-0.22,109.39,51.59,40.27,-0.63,-0.25,0.62,-18.93,-23.17,-56.86,4
-0.91,0.51,-0.34,230.64,92.5,14.79,-0.61,-0.36,0.69,10.88,-34.24,-90.73,4
-0.35,-0.23,0.18,17.96,178.05,31.28,-0.57,-0.3,0.54,-57.35,-111.52,-77.8,4
-0.7,-0.01,-1.19,0.76,165.67,-4.54,-0.01,0.1,0.75,-29.91,-155.55,-77.29,4
-0.95,-0.29,-1.1,-22.84,6.4,-60.49,-0.22,-0.17,0.96,9.76,-42.2,60.61,4
-1.01,-0.3,-0.33,-36.43,-26.71,-43.11,-0.66,-0.28,0.88,-0.58,-0.64,52.38,4
-1.02,-0.36,-0.41,-20.76,-16.74,-10.73,-0.56,-0.24,0.82,-1.37,-2.47,15.4,4
-0.94,-0.22,-0.56,0.49,-28.78,3.93,-0.45,-0.34,0.81,-2.5,29.79,6.4,4
-0.95,-0.13,-0.5,-5.49,-45.46,4.27,-0.5,-0.24,0.73,-5.85,39.94,16.52,4
-1.0,-0.11,-0.4,-31.01,-56.13,3.63,-0.62,-0.23,0.75,-0.95,39.73,28.48,4
-1.01,-0.15,-0.29,-5.58,-52.04,-5.0,-0.67,-0.28,0.77,-2.2,36.83,34.97,4
-0.96,-0.18,-0.29,-15.58,-49.09,-4.39,-0.59,-0.17,0.71,-5.61,31.92,36.83,4
-0.76,-0.31,-0.42,-36.92,-55.34,1.83,-0.35,-0.14,0.72,-2.96,27.74,35.52,4
-0.59,-0.31,-0.28,-56.92,-57.99,22.84,-0.28,-0.12,0.66,-16.31,53.48,9.88,4
-0.73,-0.02,-0.3,-267.32,-30.34,61.25,-0.4,-0.15,0.63,-19.73,7.07,-62.26,4
-0.98,-0.03,-0.69,-32.29,-56.49,16.07,-0.5,-0.34,0.73,58.6,72.13,-33.69,4
-0.81,-0.14,1.18,-56.68,-18.41,29.33,-0.73,-0.42,0.09,51.92,90.52,-87.13,4
-1.45,1.03,0.11,-26.1,124.05,-46.37,-1.16,-0.12,0.16,12.29,-147.74,37.9,4
-1.41,-0.39,-0.54,-18.6,-22.47,-46.86,-0.84,-0.38,0.75,-15.21,14.27,82.65,4
-0.96,-0.36,0.1,-15.64,-18.57,-7.71,-0.76,-0.24,0.57,19.94,4.88,58.17,4
-1.1,-0.01,-0.31,40.34,-2.56,9.09,-0.62,-0.12,0.63,-24.45,-8.32,9.6,4
-1.06,-0.17,-0.39,-11.4,-24.48,1.1,-0.66,-0.11,0.63,-14.6,16.68,15.7,4
-0.53,-0.03,0.48,-24.85,0.0,6.92,-0.6,-0.09,0.58,-26.46,-8.51,45.06,4
-0.91,-0.21,-0.49,-39.76,-53.96,18.57,-0.54,-0.07,0.71,0.34,71.98,-25.09,4
-1.01,-0.32,-0.14,-6.77,-90.52,27.13,-0.66,-0.06,0.53,23.51,99.97,-46.01,4
0.81,-1.12,0.79,-17.87,-18.05,78.75,-0.51,0.24,0.15,-62.56,-15.85,-61.74,4
-1.3,0.22,-0.28,-45.76,66.1,-34.45,-0.9,-0.14,0.21,-31.77,-92.41,52.23,4
-0.99,-0.21,0.25,-10.46,-23.41,-25.06,-0.93,-0.17,0.51,-11.4,26.19,38.6,4
-1.01,-0.06,-0.12,6.13,-13.75,-5.4,-0.71,-0.13,0.42,1.59,8.23,2.93,4
-0.96,-0.08,0.04,-6.77,-12.9,-6.43,-0.75,-0.14,0.45,-4.54,8.23,10.37,4
-0.9,-0.07,0.07,-14.36,-5.46,-13.35,-0.82,-0.13,0.43,-7.44,-2.8,18.2,4
-0.98,-0.19,0.02,-11.89,-3.29,0.76,-0.82,-0.1,0.45,-9.6,-1.28,2.01,4
-1.02,-0.22,0.06,-7.68,-3.99,-1.68,-0.83,-0.08,0.44,-2.01,1.46,3.78,4
-0.93,-0.1,0.06,-9.36,-4.02,-1.19,-0.81,-0.09,0.44,-8.41,-2.13,11.49,4
-0.81,-0.14,0.07,9.09,18.63,6.74,-0.65,-0.07,0.48,-6.4,-17.04,-3.57,4
-0.93,-0.09,-0.04,-2.29,40.52,-11.16,-0.79,-0.07,0.48,14.15,-40.18,10.0,4
-0.93,-0.43,0.16,51.86,32.74,-6.31,-0.77,0.04,0.38,3.93,-36.68,26.71,4
-0.95,-0.3,0.07,85.64,59.66,-1.65,-0.86,0.05,0.44,-4.6,-64.05,-11.16,4
-1.07,-0.04,0.16,61.4,63.02,-28.9,-0.98,-0.03,0.56,-3.02,-52.41,-6.19,4
-1.09,-0.21,-0.19,203.32,80.4,-71.92,-0.49,-0.17,0.56,21.86,-60.09,-5.03,4
-0.84,0.23,0.23,200.49,91.04,-157.29,-0.95,-0.13,0.6,36.83,-128.51,51.59,4
-0.64,-0.37,-0.29,-66.49,109.39,-153.51,-0.31,0.27,0.64,86.59,-225.46,49.91,4
0.02,-1.28,-1.37,-244.79,9.02,-23.84,0.88,0.2,0.74,-10.55,-53.08,53.26,4
-0.75,-0.98,-0.59,-36.49,-91.28,51.07,-0.3,-0.1,1.06,-35.82,88.32,16.04,4
-1.02,-0.51,-0.29,-102.93,-69.33,76.59,-0.6,0.1,0.85,-100.55,70.73,-24.73,4
-0.98,-0.3,-0.68,-86.98,-114.94,72.1,-0.31,-0.2,1.0,-34.63,131.43,10.43,4
-0.82,-0.22,-0.51,-79.63,-149.85,86.22,-0.38,-0.23,0.75,-39.85,168.66,-8.32,4
-0.77,-0.29,-0.17,-92.35,-143.96,73.23,-0.65,-0.19,0.58,-21.77,175.73,-22.87,4
-1.05,1.22,0.8,159.12,73.84,-2.77,-1.46,-0.4,0.81,144.54,-31.31,-142.32,4
-1.15,-0.49,-0.16,10.76,75.06,-45.7,-0.86,-0.24,0.77,0.21,-86.89,46.4,4
-1.12,-0.06,-0.25,160.64,64.48,-39.05,-0.79,-0.05,0.65,64.82,-56.37,-18.69,4
-0.98,-0.43,-0.65,58.45,43.51,-3.84,-0.42,-0.28,0.7,18.93,-60.09,-30.4,4
-0.84,0.06,-0.34,112.99,60.15,2.13,-0.59,-0.24,0.8,7.99,-28.26,-41.8,4
-0.82,-0.08,-0.5,67.84,70.52,1.13,-0.26,-0.28,0.78,3.11,-31.43,-24.85,4
-0.55,-0.42,-0.54,-27.1,101.65,15.98,-0.08,-0.07,0.61,40.73,-149.02,-1.8,4
-0.75,-0.35,-0.98,-2.9,65.06,8.02,0.01,0.04,0.87,-18.96,-53.05,-35.88,4
-0.92,-0.28,-0.68,75.55,-5.18,-38.9,-0.3,-0.13,0.94,29.73,-21.55,18.63,4
-0.96,-0.35,-0.42,-32.38,-19.36,-21.8,-0.49,-0.15,0.88,-14.91,5.91,31.01,4
-0.94,-0.4,-0.48,7.5,-18.9,-11.22,-0.43,-0.09,0.92,25.82,7.68,7.23,4
-0.89,-0.36,-0.49,-15.82,-15.34,13.02,-0.39,-0.19,0.93,-3.38,23.99,-3.96,4
-0.85,-0.25,-0.5,34.42,-5.85,10.91,-0.36,-0.21,0.93,2.77,17.56,-10.52,4
-0.91,-0.31,-0.66,-17.96,-15.7,10.49,-0.33,-0.06,0.89,-5.27,12.44,-1.52,4
-0.84,-0.33,-0.53,7.87,-34.54,-8.51,-0.29,-0.13,0.8,16.74,16.65,15.7,4
-0.82,-0.32,-0.46,-10.76,-31.86,-7.59,-0.35,-0.17,0.88,0.34,18.9,21.71,4
-0.83,-0.42,-0.54,-69.76,-42.93,20.49,-0.26,-0.1,0.82,-19.82,39.27,14.39,4
-0.81,-0.46,-0.94,-117.77,-77.53,59.51,-0.21,-0.12,0.91,-45.18,78.99,14.73,4
-0.72,-0.15,-0.41,-182.04,-137.26,68.72,-0.42,-0.23,0.64,-76.95,143.66,18.78,4
-0.81,0.11,0.19,-105.85,-110.4,30.61,-0.72,-0.12,0.69,-0.09,104.66,11.31,4
-1.05,-0.1,-0.19,-66.89,-85.98,-2.8,-0.75,-0.25,0.57,45.4,88.51,-16.8,4
-1.17,-0.29,0.14,-54.73,-82.32,7.1,-0.9,-0.26,0.47,16.43,110.27,-67.26,4
-1.31,1.15,0.43,20.82,101.86,-34.42,-1.25,-0.17,0.44,64.27,-111.16,-29.27,4
-1.17,-0.54,-0.41,-15.15,19.18,-37.1,-0.74,-0.31,0.69,34.97,-33.54,93.08,4
-1.05,0.23,-0.14,64.94,5.09,-15.52,-1.01,-0.1,0.55,1.4,-6.95,0.82,4
-0.96,-0.51,-0.23,-60.3,-16.46,11.46,-0.71,-0.1,0.52,-33.87,4.7,5.06,4
-0.8,0.01,0.15,-59.54,7.9,22.8,-0.75,-0.04,0.51,-48.78,-23.63,14.76,4
-0.97,-0.28,-0.42,-62.74,6.65,15.49,-0.58,0.09,0.56,0.4,-22.99,-10.88,4
-1.03,-0.35,-0.14,9.94,-33.9,-0.98,-0.77,-0.0,0.55,46.98,24.85,-28.54,4
-1.27,-0.35,-0.19,74.97,-70.76,-23.02,-0.83,-0.1,0.61,82.2,113.72,-65.67,4
-1.06,0.53,0.46,8.14,72.53,-50.3,-0.98,-0.05,0.26,58.48,-90.49,22.07,4
-1.17,-0.32,-0.5,17.68,-18.48,-40.09,-0.73,-0.17,0.5,12.35,18.08,39.85,4
-0.92,-0.17,0.16,-1.74,-11.04,-19.09,-0.81,-0.1,0.43,6.07,6.74,15.12,4
-0.93,-0.19,0.04,3.2,-24.73,-13.26,-0.75,-0.07,0.39,2.84,19.97,15.73,4
-0.88,-0.14,0.11,-4.94,-17.53,-3.78,-0.75,-0.07,0.35,-8.51,13.84,10.09,4
-0.92,-0.18,0.01,-14.79,-11.01,1.49,-0.75,-0.05,0.49,-14.15,6.52,9.15,4
-0.9,-0.32,0.1,-11.4,-4.39,7.29,-0.75,0.02,0.45,-15.12,0.76,0.73,4
-0.98,-0.29,0.01,1.55,0.37,5.37,-0.8,0.03,0.5,1.31,-0.91,-8.29,4
-0.97,-0.21,0.1,8.69,2.2,-1.71,-0.83,-0.0,0.44,5.24,-0.79,-4.91,4
-0.93,-0.22,0.14,4.39,6.71,-4.6,-0.79,-0.08,0.42,2.29,-4.27,4.76,4
-0.89,-0.11,0.11,25.82,25.0,-0.85,-0.77,-0.05,0.4,13.57,-27.26,12.96,4
-0.94,-0.25,0.05,16.1,36.13,7.13,-0.79,-0.08,0.47,-27.44,-44.94,19.05,4
-1.09,-0.23,-0.34,9.79,37.47,-0.15,-0.82,0.0,0.54,-9.97,-45.03,-16.13,4
-1.05,-0.41,-0.18,65.61,10.52,-11.68,-0.7,0.07,0.59,-10.67,-1.37,-3.14,4
-0.81,-0.1,0.2,29.3,25.0,-28.48,-0.8,0.01,0.55,6.4,-16.19,-4.15,4
-0.89,-0.22,-0.02,5.64,6.49,-22.41,-0.77,-0.02,0.43,-19.63,-7.8,16.95,4
-1.06,-0.34,-0.15,-39.6,-13.48,29.7,-0.77,0.01,0.54,9.57,6.8,-9.73,4
-0.94,-0.2,-0.08,-89.63,-22.04,64.82,-0.75,-0.09,0.48,-0.58,12.99,-48.45,4
-1.1,-0.09,-0.22,-121.62,-61.92,64.21,-0.79,-0.17,0.52,-20.09,49.85,-31.46,4
-0.77,-0.75,1.97,-104.63,-25.82,40.79,-0.7,-0.03,0.16,-17.44,97.87,-71.89,4
-1.09,0.88,0.16,-2.8,71.07,-11.68,-0.95,0.12,0.11,-8.38,-98.6,19.21,4
-1.08,-0.16,-0.1,-34.48,-22.41,-52.01,-0.85,-0.28,0.56,-38.17,15.49,79.63,4
-1.01,-0.05,0.13,-65.82,13.66,-54.85,-0.76,-0.14,0.5,-55.06,-27.84,98.93,4
-0.95,-0.75,0.11,85.61,57.74,-58.02,-0.85,-0.27,0.42,19.91,-100.58,84.82,4
-1.16,-0.16,-0.43,170.15,62.29,1.16,-0.56,-0.18,0.73,34.09,-39.21,-54.76,4
-1.08,-0.31,-0.38,135.15,43.75,65.91,-0.43,-0.46,0.74,-25.95,20.24,-81.01,4
-0.35,0.25,-0.1,31.19,168.75,81.34,-0.53,-0.28,0.54,-51.1,-94.12,-129.48,4
-0.52,-0.09,-1.12,60.46,164.48,19.33,0.07,-0.07,0.71,-4.51,-164.15,-94.57,4
-0.92,-0.04,-1.1,10.15,-8.05,-51.92,-0.28,-0.22,0.96,1.31,-8.75,51.98,4
-1.08,-0.26,-0.35,-8.02,-45.18,-49.42,-0.67,-0.22,0.9,19.82,15.88,63.08,4
-1.11,-0.29,-0.33,-15.43,-10.73,-22.16,-0.65,-0.3,0.82,2.87,-11.07,15.7,4
-0.93,-0.26,-0.44,12.87,-7.13,-2.59,-0.51,-0.22,0.83,3.38,7.41,-0.34,4
-0.93,-0.26,-0.64,8.93,-32.32,11.8,-0.39,-0.25,0.81,2.77,37.07,-2.77,4
-0.78,-0.31,-0.69,-58.72,-59.63,42.04,-0.24,-0.18,0.8,-23.9,52.74,-6.19,4
-0.7,0.04,-0.32,-208.54,-83.26,62.2,-0.42,-0.27,0.75,-14.18,59.57,-26.52,4
-1.26,0.07,-0.73,-75.27,-119.33,-7.96,-0.59,-0.35,0.61,52.23,97.32,-5.88,4
-1.19,-0.26,0.1,-58.08,-164.24,-0.91,-0.85,-0.36,0.65,25.52,196.89,-20.7,4
-1.11,1.21,0.57,44.18,152.5,-33.75,-1.13,-0.1,0.49,75.98,-175.52,-46.83,4
-1.43,-0.25,-1.01,-59.36,-28.23,-55.91,-0.64,-0.43,0.78,-24.54,16.46,105.76,4
-0.83,-0.26,0.12,-19.79,-31.92,-28.45,-0.62,-0.26,0.57,16.49,14.42,87.53,4
-1.05,-0.39,-0.48,66.25,0.27,30.61,-0.5,-0.15,0.63,-15.37,-14.18,-22.41,4
-1.09,0.01,-0.25,-43.23,-51.62,48.63,-0.67,-0.33,0.64,-52.29,60.64,-8.05,4
-0.32,0.35,0.04,14.27,47.59,21.28,-0.3,-0.06,0.42,-0.37,-63.78,-18.6,4
-0.98,0.07,-0.52,-91.62,-3.69,4.51,-0.51,-0.24,0.83,25.61,-14.18,-36.71,4
-1.4,-0.51,-0.01,66.46,-54.02,2.32,-0.97,-0.25,0.59,58.66,82.71,-58.35,4
-1.6,1.23,0.93,112.56,116.34,-19.76,-1.66,-0.21,0.68,79.73,-128.51,-67.1,4
-1.43,-0.55,-0.66,-21.43,-13.54,-45.06,-0.94,-0.09,0.49,6.86,7.68,60.7,4
-0.79,-0.11,0.36,-33.32,-27.35,-38.35,-0.78,-0.15,0.32,-4.6,8.26,50.85,4
-0.9,-0.09,-0.09,-3.78,-29.15,-13.57,-0.65,-0.19,0.42,-6.83,26.89,20.24,4
-0.89,-0.02,0.08,-22.9,-6.16,-7.47,-0.73,-0.19,0.44,-16.55,-0.49,18.63,4
-0.98,-0.16,0.01,-31.95,-9.21,-6.83,-0.8,-0.12,0.44,-18.72,-3.63,23.35,4
-0.99,-0.27,0.04,-19.33,-4.88,3.75,-0.83,-0.06,0.46,-16.1,-0.95,5.91,4
-1.0,-0.22,0.06,-7.59,-14.36,9.73,-0.86,-0.07,0.45,-14.94,12.32,-1.37,4
-0.94,-0.13,0.06,-5.3,-17.96,9.94,-0.8,-0.08,0.42,-12.84,17.93,-3.05,4
-0.89,-0.12,0.12,-15.49,-6.74,-4.94,-0.76,-0.1,0.46,-13.26,4.85,18.9,4
-0.83,-0.3,0.04,27.53,15.24,-8.45,-0.67,-0.08,0.43,29.51,-21.1,25.67,4
-0.96,-0.15,-0.03,51.04,31.34,7.53,-0.92,-0.07,0.47,8.87,-38.2,-16.98,4
-1.2,-0.4,-0.07,36.98,1.16,16.34,-0.95,-0.08,0.47,12.16,8.23,-36.89,4
-1.09,0.1,0.11,118.54,-7.62,3.93,-0.93,-0.12,0.37,24.36,26.95,-45.4,4
-0.86,0.2,0.34,92.68,12.04,-22.65,-0.85,-0.19,0.39,-8.75,12.29,-4.02,4
-0.86,-0.18,-0.21,13.87,13.99,-10.03,-0.57,-0.05,0.43,-11.28,-22.87,8.93,4
-0.75,0.0,0.22,-150.09,15.49,26.98,-0.67,-0.04,0.46,-19.24,-40.58,-5.27,4
-1.28,-0.05,-0.3,-155.09,-26.59,-1.68,-0.94,-0.15,0.53,3.45,4.73,31.86,4
-1.39,-0.43,-0.24,-118.26,-90.7,-7.26,-0.86,-0.16,0.57,-15.12,99.39,14.54,4
-1.16,0.82,0.57,62.99,68.54,-32.47,-1.15,-0.06,0.51,58.6,-93.54,-29.18,4
-1.19,-0.35,-0.54,-14.15,-6.77,-28.26,-0.69,-0.24,0.6,-6.52,2.13,41.04,4
-1.0,-0.07,0.23,-45.95,19.82,-11.46,-0.8,-0.19,0.44,-31.49,-22.93,40.79,4
-0.91,-0.18,0.08,4.33,51.49,-16.59,-0.83,-0.16,0.51,-12.32,-78.93,52.2,4
-1.03,-0.26,-0.37,71.65,56.65,3.41,-0.62,-0.13,0.55,-12.47,-70.82,-8.99,4
-1.06,-0.23,-0.3,90.3,29.63,9.33,-0.67,-0.24,0.69,-8.75,-8.63,-25.46,4
-0.76,0.32,-0.09,163.48,76.19,-7.38,-0.47,-0.25,0.63,20.67,-42.9,-38.11,4
-0.37,-0.18,-0.29,-178.93,153.45,50.95,-0.22,-0.29,0.72,-47.59,-171.89,-9.51,4
-0.72,0.06,-1.3,-15.3,98.38,3.48,0.02,-0.14,0.94,-10.4,-85.3,-35.24,4
-1.01,-0.1,-0.78,34.6,14.54,-50.76,-0.42,-0.22,0.92,22.87,-33.84,30.24,4
-1.09,-0.28,-0.46,-15.34,-3.66,-29.39,-0.59,-0.2,0.93,-1.13,-12.74,26.37,4
-1.05,-0.35,-0.49,5.06,-5.49,-2.38,-0.49,-0.17,0.9,-5.67,2.13,0.67,4
-0.94,-0.27,-0.55,21.13,-10.61,14.54,-0.4,-0.17,0.9,-0.79,16.07,-18.02,4
-0.86,-0.16,-0.54,23.32,-20.73,15.21,-0.37,-0.23,0.83,0.06,28.84,-13.66,4
-0.83,-0.13,-0.57,17.07,-31.77,13.26,-0.36,-0.19,0.83,4.85,32.68,-8.41,4
-0.83,-0.11,-0.64,-81.37,-37.01,28.08,-0.32,-0.26,0.84,-9.76,28.84,-19.21,4
-0.71,0.09,-0.4,-198.54,-63.66,38.05,-0.35,-0.25,0.83,-35.98,55.79,-10.76,4
-1.3,0.11,-1.13,-66.55,-183.05,-2.41,-0.54,-0.31,0.83,54.42,198.29,-5.49,4
-0.5,-0.43,1.24,10.4,-163.38,44.82,-0.82,-0.33,0.23,16.62,227.38,-72.38,4
-0.94,0.65,-0.31,4.73,132.29,-9.36,-0.74,-0.04,0.37,6.74,-149.27,-21.25,4
-1.22,-0.16,-0.71,-55.12,-32.29,-48.57,-0.6,-0.35,0.69,-17.84,22.38,90.61,4
-0.9,0.16,0.07,-2.47,-11.62,-31.22,-0.66,-0.23,0.61,0.21,10.64,31.59,4
-1.03,-0.09,-0.22,-8.29,15.06,-23.41,-0.63,-0.3,0.68,-2.56,-17.65,24.82,4
-0.9,-0.08,-0.22,60.0,7.53,-12.62,-0.67,-0.24,0.5,9.18,-21.04,31.74,4
-1.15,-0.03,-0.36,1.1,-6.62,-4.51,-0.72,-0.15,0.66,-9.63,-0.7,10.46,4
-0.91,-0.11,0.19,-31.52,-9.94,-1.68,-0.83,-0.14,0.54,-24.73,11.07,14.18,4
-0.93,-0.11,-0.33,-26.74,7.8,0.18,-0.56,-0.04,0.63,-10.52,-17.38,13.6,4
-0.83,-0.23,-0.21,-35.76,-4.21,1.65,-0.55,-0.07,0.59,-3.75,-6.07,0.73,4
-1.06,-0.17,-0.21,-29.36,-27.87,-15.34,-0.74,-0.06,0.64,16.46,28.84,12.56,4
-0.95,-0.51,0.03,13.54,-26.8,-16.19,-0.67,0.05,0.43,21.34,38.96,-9.48,4
-0.99,0.27,0.37,25.27,83.9,-44.39,-1.04,0.11,0.41,53.08,-94.91,3.08,4
-1.16,-0.46,-0.38,12.38,47.44,-57.44,-0.76,0.04,0.62,37.74,-48.08,32.68,4
-1.03,-0.23,-0.02,22.65,15.21,-59.73,-0.8,0.03,0.6,36.74,-13.29,44.88,4
-0.89,-0.43,-0.03,32.2,37.84,-60.0,-0.7,-0.0,0.58,34.42,-40.43,32.68,4
-0.76,-0.34,-0.02,79.12,62.32,-54.88,-0.7,0.01,0.61,38.17,-66.16,14.05,4
-0.82,-0.37,-0.22,65.09,74.82,-49.39,-0.5,0.09,0.65,26.46,-83.29,11.16,4
-0.77,-0.44,-0.19,71.01,90.7,-55.06,-0.6,0.17,0.75,39.42,-110.03,-2.5,4
-0.77,-0.73,-0.23,86.92,90.21,-63.87,-0.44,0.17,0.77,40.67,-91.16,-3.87,4
-0.67,-0.73,-0.25,163.51,97.84,-67.59,-0.36,0.29,0.8,65.76,-87.74,-36.49,4
-0.68,-0.49,-0.22,258.05,105.95,-111.62,-0.5,0.11,0.82,73.72,-88.84,-44.97,4
-0.57,-0.49,-0.39,79.12,48.93,-134.76,-0.07,0.42,0.73,53.17,-101.37,40.09,4
-0.14,-1.16,-0.22,-25.09,36.8,-97.01,0.17,0.39,0.74,66.86,-105.18,25.21,4
-0.23,-1.16,-0.26,-33.72,19.94,-48.38,0.18,0.47,0.88,-29.12,-37.2,31.55,4
-0.31,-0.88,-0.25,-63.26,3.05,-30.09,0.07,0.52,0.82,-20.55,-33.26,29.48,4
-0.24,-1.02,-0.21,-47.01,-3.2,-32.38,0.08,0.4,0.83,-15.03,-32.13,38.54,4
-0.16,-0.94,-0.23,-22.29,-4.15,-23.81,0.19,0.46,0.79,0.85,-20.12,24.27,4
-0.19,-0.95,-0.26,-47.41,-5.0,-17.29,0.16,0.39,0.86,-12.87,-24.12,27.62,4
-0.2,-1.04,-0.39,-33.41,-0.27,-17.93,0.27,0.39,0.88,-11.77,-20.43,19.76,4
-0.24,-0.94,-0.3,-4.36,2.13,-5.91,0.14,0.32,0.85,-17.74,-9.7,8.48,4
-0.23,-0.98,-0.38,-2.2,-0.73,-0.09,0.24,0.24,0.81,-21.71,2.26,5.3,4
-0.19,-0.86,-0.31,5.15,7.59,-2.16,0.19,0.36,0.9,-1.22,-9.39,-0.67,4
-0.15,-0.97,-0.38,-31.37,3.05,-0.58,0.3,0.33,0.89,-26.37,-8.6,12.8,4
-0.16,-0.92,-0.42,-21.25,-0.34,-0.15,0.29,0.27,0.87,-8.84,-5.7,5.21,4
-0.13,-0.85,-0.44,-16.16,1.55,0.76,0.32,0.21,0.88,-15.12,-6.86,3.99,4
-0.1,-0.91,-0.46,-28.02,4.27,2.32,0.37,0.24,0.88,-9.33,-9.12,2.62,4
-0.17,-0.97,-0.49,-9.39,10.85,1.07,0.35,0.22,0.95,-15.46,-9.18,-3.81,4
-0.27,-0.9,-0.44,-11.55,16.98,4.63,0.21,0.15,0.95,-22.44,-4.36,-8.78,4
-0.31,-0.86,-0.62,-31.71,35.82,23.23,0.21,0.05,0.95,-31.28,-11.43,-27.96,4
-0.21,-0.94,-0.65,-13.32,26.62,27.77,0.31,0.14,1.03,-26.74,0.67,-19.24,4
-0.14,-0.9,-0.67,10.43,4.63,18.29,0.4,0.17,0.93,-17.44,17.84,-7.9,4
-0.09,-0.84,-0.59,26.86,-9.33,16.52,0.39,0.13,0.84,9.36,26.68,-10.98,4
-0.11,-0.83,-0.52,16.98,-18.32,21.55,0.33,0.15,0.85,1.59,32.41,-0.37,4
-0.09,-0.82,-0.45,30.91,-13.6,18.96,0.33,0.2,0.86,10.21,30.46,-11.77,4
-0.16,-0.85,-0.45,16.13,-13.78,7.53,0.26,0.2,0.88,17.93,15.0,-2.26,4
-0.26,-0.71,-0.38,4.82,-15.76,0.43,0.13,0.21,0.86,21.65,9.05,0.91,4
-0.27,-0.91,-0.45,-73.57,-18.14,-2.16,0.17,0.19,0.91,7.38,0.46,17.26,4
-0.24,-0.91,-0.48,21.77,-3.6,-3.05,0.17,0.18,0.85,33.99,5.55,-11.34,4
-0.23,-0.82,-0.47,3.96,12.68,12.93,0.19,0.24,0.91,-15.46,-2.59,-19.33,4
-0.31,-0.88,-0.41,14.66,21.77,13.99,0.1,0.22,0.93,-18.96,-5.4,-24.42,4
-0.32,-0.85,-0.36,39.73,21.59,-0.09,0.08,0.3,0.92,-1.34,-9.12,-20.85,4
-0.26,-0.87,-0.31,7.84,22.65,-6.52,0.13,0.31,0.88,8.41,-18.72,-17.65,4
-0.24,-0.97,-0.31,28.51,28.9,-10.24,0.16,0.3,0.9,11.65,-20.37,-23.08,4
-0.2,-0.91,-0.28,5.21,32.2,-6.46,0.18,0.37,0.84,4.85,-21.8,-23.57,4
-0.17,-0.91,-0.35,8.05,35.88,-2.87,0.22,0.32,0.85,2.44,-22.99,-31.19,4
-0.14,-0.89,-0.34,13.57,32.29,-4.94,0.23,0.3,0.81,-3.51,-19.97,-23.23,4
-0.1,-0.82,-0.38,0.3,23.99,-5.82,0.26,0.33,0.76,2.59,-19.91,-18.17,4
-0.12,-0.87,-0.35,2.26,16.22,-9.36,0.25,0.26,0.84,-8.66,-18.38,-5.98,4
-0.18,-0.89,-0.34,-15.21,13.45,-14.91,0.2,0.33,0.86,-3.38,-23.84,-1.28,4
-0.2,-0.96,-0.34,-4.39,15.0,-16.89,0.2,0.31,0.9,1.95,-23.93,-3.75,4
-0.11,-0.99,-0.35,-3.75,12.04,-18.45,0.29,0.37,0.86,5.12,-23.63,-1.49,4
-0.11,-0.97,-0.35,-1.59,9.18,-12.96,0.28,0.34,0.87,3.17,-17.77,-2.29,4
-0.13,-0.98,-0.39,-7.87,2.53,-8.66,0.28,0.36,0.86,-3.2,-12.44,2.99,4
-0.15,-0.98,-0.39,-8.38,-2.8,-1.31,0.26,0.34,0.88,-4.12,-1.74,2.35,4
-0.13,-1.0,-0.39,-6.55,-5.95,5.82,0.28,0.32,0.86,-8.38,3.69,2.04,4
-0.12,-0.93,-0.33,-1.31,-8.96,8.96,0.26,0.34,0.85,-6.22,8.11,1.55,4
-0.09,-0.94,-0.36,-4.88,-7.47,9.51,0.32,0.33,0.84,-6.28,6.83,1.31,4
-0.08,-0.91,-0.34,-8.54,-7.44,10.85,0.3,0.32,0.84,-11.37,8.14,2.04,4
-0.06,-0.94,-0.35,-6.37,-10.64,10.7,0.34,0.36,0.81,-0.88,9.18,1.22,4
0.1,-1.19,-0.3,-7.9,-15.88,29.88,0.47,0.45,0.74,-1.74,20.88,-9.45,4
0.09,-1.41,-0.18,-40.76,0.61,102.2,0.47,0.59,0.84,-63.93,47.53,-54.85,4
-0.32,-1.36,-0.42,-63.84,-8.32,176.31,0.11,0.35,1.06,-108.57,83.2,-87.65,4
-0.56,-0.83,-0.55,-7.71,-38.32,205.34,-0.18,0.05,1.04,-79.79,135.49,-111.65,4
-0.55,-0.31,-0.51,-69.15,-70.43,210.0,-0.39,-0.11,0.72,-66.86,170.21,-100.0,4
-0.69,0.13,-0.41,-141.74,-112.9,161.77,-0.35,-0.07,0.73,-66.83,169.36,-35.46,4
-0.77,-0.04,-0.3,-153.81,-124.54,90.12,-0.42,-0.19,0.7,-56.98,143.48,6.1,4
-0.93,0.25,-0.33,-164.85,-96.86,38.26,-0.52,-0.36,0.72,-72.68,92.65,30.12,4
-0.68,0.07,-0.01,-74.79,-61.62,3.11,-0.43,-0.33,0.62,-44.54,68.41,30.18,4
-0.88,0.08,-0.11,-134.57,10.09,-32.16,-0.64,-0.15,0.55,-75.58,-70.3,89.3,4
-0.94,-0.22,-0.53,-61.52,14.05,-33.41,-0.44,-0.25,0.76,-47.96,-39.63,66.8,4
-1.0,-0.17,-0.47,-74.24,7.04,-12.68,-0.59,-0.26,0.8,-37.5,-36.65,56.8,4
-1.07,-0.29,-0.48,-55.4,-7.47,11.22,-0.55,-0.17,0.89,-48.9,-6.74,33.48,4
-0.98,-0.21,-0.56,-39.33,-21.46,17.2,-0.43,-0.15,0.81,-36.92,12.26,13.81,4
-0.8,-0.02,-0.26,-44.12,-23.17,6.74,-0.44,-0.16,0.71,-36.68,18.14,25.55,4
-0.73,0.03,-0.06,-19.79,32.96,-31.98,-0.46,-0.17,0.7,-14.97,-39.94,54.63,4
-0.71,-0.1,-0.24,89.7,94.57,-90.4,-0.65,-0.23,0.77,23.14,-116.8,27.93,4
-0.91,-0.18,-0.48,156.89,106.31,-124.79,-0.58,-0.25,0.82,55.37,-134.94,1.37,4
-0.89,-0.39,-0.62,137.93,58.48,-137.9,-0.32,-0.22,0.95,46.13,-108.72,60.95,4
-0.6,-1.0,-1.0,-2.38,22.1,-101.28,-0.08,0.21,0.81,61.46,-89.27,28.9,4
-0.58,-0.76,-0.79,162.74,-55.95,-106.28,-0.02,0.05,1.04,93.32,9.51,67.35,4
-0.41,-0.71,-0.22,69.42,-73.81,-88.2,-0.11,0.28,0.77,38.14,-3.72,90.79,4
-0.3,-0.59,0.07,16.28,-57.16,-82.2,-0.15,0.32,0.73,62.41,-23.96,81.19,4
-0.2,-0.78,0.14,-46.52,-20.06,-93.96,-0.03,0.38,0.76,29.18,-59.09,73.9,4
-0.12,-1.17,-0.07,-23.57,25.3,-83.26,0.14,0.44,0.83,26.25,-85.49,21.25,4
-0.17,-1.21,-0.14,22.77,48.02,-55.49,0.15,0.53,0.88,21.74,-67.07,-15.67,4
-0.26,-1.03,-0.07,-17.62,54.7,-24.18,0.04,0.7,0.94,-28.02,-51.4,-30.21,4
-0.35,-1.07,-0.21,-50.06,53.57,-2.5,0.02,0.54,0.93,-26.34,-51.95,-32.9,4
-0.41,-0.98,-0.23,-6.46,43.87,-3.23,-0.04,0.4,0.92,1.8,-35.55,-35.67,4
-0.38,-0.88,-0.23,16.25,29.39,-15.85,0.02,0.37,0.86,9.66,-34.76,-12.16,4
-0.33,-0.92,-0.27,9.7,23.87,-16.37,0.06,0.37,0.85,15.73,-30.3,-13.66,4
-0.3,-0.94,-0.31,-6.62,11.59,-3.75,0.13,0.37,0.86,0.21,-12.07,-5.88,4
-0.25,-0.98,-0.27,-1.83,3.75,6.92,0.14,0.4,0.83,-7.56,0.55,-5.12,4
-0.24,-0.89,-0.27,-11.31,0.85,8.29,0.15,0.41,0.88,-15.88,0.88,2.35,4
-0.2,-0.97,-0.24,-19.57,-3.51,3.84,0.17,0.42,0.81,-19.09,-1.55,12.23,4
-0.15,-1.02,-0.21,5.27,-5.06,4.45,0.23,0.46,0.84,-11.55,2.35,5.98,4
-0.14,-0.98,-0.11,7.77,-4.88,-1.68,0.2,0.51,0.84,-3.99,-1.68,7.35,4
-0.13,-1.03,-0.1,7.93,2.13,-5.18,0.24,0.51,0.83,4.66,-4.57,-2.26,4
-0.12,-1.07,-0.19,15.3,10.55,-1.01,0.28,0.46,0.82,15.37,-7.71,-18.05,4
-0.15,-0.95,-0.19,25.18,17.99,10.21,0.21,0.37,0.82,2.32,2.32,-29.3,4
-0.15,-0.8,-0.23,27.53,26.07,4.6,0.2,0.32,0.77,0.73,-7.87,-29.42,4
-0.08,-0.84,-0.26,15.76,29.82,-3.93,0.28,0.3,0.74,1.52,-19.51,-25.67,4
-0.06,-0.8,-0.27,-10.91,32.53,-4.63,0.31,0.33,0.77,-8.35,-23.69,-22.38,4
-0.09,-0.91,-0.3,-44.51,36.98,-10.0,0.32,0.35,0.88,-22.59,-37.01,-13.51,4
-0.15,-1.06,-0.3,-21.01,40.09,-9.57,0.27,0.38,0.86,-21.49,-36.86,-19.85,4
-0.21,-1.07,-0.24,-14.39,31.77,5.82,0.21,0.41,0.89,-26.92,-20.55,-21.62,4
-0.21,-1.01,-0.26,-6.74,30.98,17.32,0.22,0.39,0.88,-24.02,-14.85,-28.2,4
-0.21,-0.9,-0.28,-1.04,31.62,16.22,0.2,0.29,0.89,-18.9,-14.33,-28.78,4
-0.17,-0.91,-0.38,-3.57,27.01,12.93,0.3,0.3,0.84,-14.51,-8.69,-23.6,4
-0.14,-0.89,-0.36,-6.04,23.54,18.35,0.31,0.24,0.82,-18.69,-5.15,-23.99,4
-0.16,-0.87,-0.38,-16.43,23.32,16.49,0.29,0.26,0.85,-25.18,-7.93,-18.45,4
-0.19,-0.91,-0.37,-20.3,19.76,6.95,0.28,0.3,0.9,-20.52,-12.5,-11.62,4
-0.23,-0.96,-0.34,-16.34,10.4,1.71,0.24,0.31,0.88,-15.12,-8.35,-3.69,4
-0.21,-0.97,-0.33,-6.01,2.65,0.95,0.25,0.34,0.89,-4.3,-1.83,-1.65,4
-0.17,-0.96,-0.33,2.9,2.53,3.6,0.28,0.28,0.87,-5.3,-0.4,-4.39,4
-0.16,-0.87,-0.36,-3.99,5.67,4.02,0.3,0.28,0.86,-5.61,-4.7,-4.97,4
-0.17,-0.87,-0.37,-6.98,5.24,1.65,0.29,0.22,0.86,-6.1,-7.38,-3.2,4
-0.2,-0.84,-0.41,-13.08,3.2,-2.53,0.29,0.24,0.87,-6.34,-8.63,1.49,4
-0.21,-0.88,-0.44,-18.14,-1.95,-9.73,0.3,0.22,0.9,-1.86,-12.65,10.37,4
-0.21,-0.87,-0.48,-10.58,-10.4,-16.86,0.3,0.21,0.9,3.84,-10.12,19.54,4
-0.18,-0.88,-0.46,-12.84,-23.84,-23.48,0.33,0.23,0.88,7.26,-6.46,34.66,4
-0.16,-0.8,-0.42,0.82,-33.54,-37.9,0.31,0.21,0.85,20.06,-6.13,46.46,4
-0.12,-0.6,-0.34,13.57,-35.43,-75.09,0.26,0.21,0.79,39.36,-28.96,63.99,4
0.1,-0.91,-0.4,10.7,-34.12,-100.91,0.49,0.22,0.7,70.37,-46.89,64.51,4
0.22,-0.95,-0.41,27.93,-33.08,-93.69,0.61,0.3,0.72,68.87,-39.76,55.76,4
0.25,-0.93,-0.34,-22.53,-37.68,-71.07,0.6,0.22,0.69,27.93,-31.34,69.76,4
0.16,-0.83,-0.32,4.48,-39.66,-93.57,0.46,0.37,0.76,66.98,-40.76,66.46,4
0.24,-0.69,-0.28,42.74,-50.43,-139.6,0.45,0.41,0.64,123.81,-59.63,84.24,4
0.48,-0.85,-0.24,52.2,-51.92,-160.82,0.87,0.32,0.52,124.02,-51.74,98.96,4
0.57,-0.68,-0.27,57.47,-46.07,-158.05,0.74,0.33,0.4,168.05,-65.82,71.49,4
