-0.12,-0.03,0.89,-35.43,21.1,23.23,-1.02,-0.32,-0.24,2.56,-15.85,-32.44,3
-0.1,-0.01,0.94,-18.35,13.05,14.63,-0.84,-0.39,-0.32,-9.7,-19.15,-15.64,3
-0.15,0.01,0.87,-29.94,7.47,8.81,-0.88,-0.4,-0.22,6.19,-14.05,-9.63,3
-0.18,-0.02,0.87,-24.6,3.6,-4.02,-0.8,-0.44,-0.24,8.81,-14.94,-1.65,3
-0.16,-0.03,0.94,-6.55,6.31,-19.94,-0.85,-0.44,-0.28,20.95,-4.21,1.8,3
-0.15,-0.02,0.96,-7.9,6.46,-26.31,-0.92,-0.43,-0.26,27.74,-3.69,5.58,3
-0.14,-0.03,0.99,-10.34,8.11,-20.27,-0.88,-0.44,-0.32,20.91,-6.65,-0.64,3
-0.18,-0.04,0.94,-18.11,4.85,-12.62,-0.9,-0.45,-0.28,17.53,-7.38,-0.82,3
-0.2,-0.08,0.94,-19.73,5.12,-7.9,-0.88,-0.46,-0.23,12.35,-15.58,-0.3,3
-0.18,-0.15,0.9,-22.1,0.61,-1.46,-0.86,-0.44,-0.19,7.16,-14.88,1.89,3
-0.17,-0.12,0.91,-24.48,0.37,-1.62,-0.9,-0.43,-0.13,5.91,-20.73,2.41,3
-0.14,-0.17,0.85,-30.09,1.98,-6.65,-0.88,-0.38,-0.06,13.84,-26.43,5.46,3
-0.17,-0.19,0.96,-27.87,-0.43,-8.75,-0.92,-0.44,-0.17,12.29,-27.44,8.26,3
-0.2,-0.18,0.95,-24.54,-5.24,-7.65,-0.97,-0.45,-0.12,12.44,-14.66,8.81,3
-0.17,-0.19,0.97,-14.88,-7.99,-11.16,-0.9,-0.45,-0.17,7.99,-5.06,9.82,3
-0.19,-0.17,0.92,-4.94,-11.31,-20.73,-0.96,-0.43,-0.09,18.81,12.07,15.82,3
-0.12,-0.18,0.92,-3.08,-12.77,-33.14,-0.91,-0.4,-0.07,28.35,16.07,19.7,3
-0.11,-0.22,0.94,-6.77,-13.57,-45.46,-0.97,-0.39,-0.07,37.74,13.66,26.89,3
-0.07,-0.17,1.03,3.57,-11.07,-50.18,-1.03,-0.37,-0.22,40.27,18.38,21.92,3
0.04,0.0,1.13,9.45,-16.59,-53.48,-1.05,-0.3,-0.47,41.25,46.95,26.31,3
0.19,0.03,1.42,64.7,-1.49,-76.86,-1.15,-0.32,-0.55,63.75,104.18,16.62,3
0.22,0.29,1.44,73.05,27.68,-122.41,-1.17,-0.36,-0.68,102.71,151.4,-11.92,3
0.25,0.24,1.42,65.34,68.05,-183.72,-1.08,-0.38,-0.78,162.16,191.13,-12.99,3
0.06,0.13,1.31,140.37,106.01,-228.02,-0.89,-0.51,-0.77,187.01,202.13,-31.49,3
-0.11,0.2,0.93,126.95,88.84,-256.52,-0.81,-0.53,-0.65,197.74,192.07,12.29,3
-0.22,0.35,0.8,107.65,45.4,-271.74,-0.64,-0.65,-0.57,185.95,155.95,52.38,3
-0.2,0.28,0.62,125.98,-6.31,-282.44,-0.55,-0.5,-0.43,176.86,151.37,105.24,3
-0.16,0.26,0.48,38.78,-72.87,-258.35,-0.54,-0.52,-0.29,147.65,57.04,156.16,3
0.31,0.1,0.53,22.71,-87.53,-251.71,-0.68,-0.22,-0.12,180.0,39.7,158.41,3
0.23,-0.34,0.52,-85.09,-98.11,-157.26,-0.59,-0.24,-0.16,134.09,-80.88,135.61,3
0.02,-0.59,0.77,-122.65,-53.84,-39.97,-0.43,-0.35,-0.16,55.49,-92.62,56.89,3
-0.16,-0.52,0.67,-7.23,-2.96,9.24,-0.46,-0.44,0.0,-11.86,16.37,-7.23,3
-0.16,-0.37,0.82,54.21,14.42,23.54,-0.82,-0.51,-0.02,-38.63,46.43,-20.88,3
-0.07,-0.34,0.93,12.44,28.05,75.85,-0.74,-0.46,-0.16,-67.56,-7.59,-49.12,3
-0.04,-0.31,0.75,2.9,44.7,124.48,-0.7,-0.42,-0.15,-93.81,1.16,-83.57,3
0.05,-0.21,0.76,49.54,51.92,158.63,-0.61,-0.43,-0.32,-140.03,29.12,-99.12,3
-0.08,-0.11,0.64,36.89,47.32,197.1,-0.71,-0.46,-0.22,-151.52,14.91,-112.32,3
0.03,0.1,0.71,28.41,40.09,216.86,-0.65,-0.47,-0.36,-171.71,-4.73,-112.26,3
-0.25,0.18,0.73,-29.85,14.48,248.54,-0.56,-0.58,-0.59,-180.55,-68.26,-108.81,3
-0.08,0.52,0.74,-25.64,-1.77,254.45,-0.41,-0.5,-0.56,-202.77,-132.96,-84.18,3
0.09,0.35,0.8,-49.09,-13.32,258.57,-0.59,-0.37,-0.75,-187.53,-140.55,-79.54,3
0.07,0.89,1.13,-43.66,12.84,238.93,-0.85,-0.44,-0.95,-194.6,-156.34,-88.2,3
0.15,0.59,0.95,-121.46,-35.73,233.14,-0.77,-0.2,-0.87,-168.99,-191.71,1.34,3
0.31,0.43,1.12,-110.06,-35.95,181.31,-0.88,-0.2,-0.78,-127.53,-145.91,-13.26,3
0.24,0.33,1.18,-45.61,-26.22,123.45,-1.13,-0.17,-0.6,-126.49,-89.09,-9.18,3
0.27,0.38,1.16,-9.79,-12.07,73.6,-0.94,-0.08,-0.67,-80.7,-49.15,-0.98,3
0.28,0.2,1.23,-6.28,13.9,61.8,-1.1,-0.16,-0.4,-40.76,-28.41,-27.74,3
0.16,0.17,1.0,-12.65,22.01,37.29,-1.0,-0.11,-0.44,-37.01,-20.58,-29.82,3
0.11,0.1,0.98,-10.21,23.11,26.49,-0.94,-0.17,-0.31,-7.56,-6.74,-29.66,3
0.1,0.06,0.93,-6.95,19.15,11.04,-0.94,-0.15,-0.32,-3.99,-7.1,-18.75,3
0.08,0.05,0.92,-3.26,11.71,3.02,-0.96,-0.16,-0.28,2.41,0.49,-12.56,3
0.04,0.06,0.93,-13.23,7.04,-6.43,-0.9,-0.23,-0.29,10.55,-5.88,-5.61,3
0.01,0.07,0.91,-7.41,5.79,-14.7,-0.89,-0.25,-0.29,17.62,4.97,-4.21,3
-0.0,0.01,0.96,-9.51,7.8,-21.25,-0.91,-0.29,-0.28,25.85,0.79,-0.82,3
-0.05,-0.01,0.98,-9.12,9.51,-22.32,-0.97,-0.32,-0.25,26.25,-0.82,-3.54,3
-0.05,-0.03,0.98,-11.22,8.99,-15.95,-0.95,-0.32,-0.29,19.45,-5.61,-4.45,3
-0.03,-0.01,0.98,-8.02,6.28,-6.65,-0.94,-0.29,-0.29,11.46,-1.04,-5.79,3
-0.03,-0.03,0.95,-12.23,6.01,-4.66,-0.93,-0.3,-0.24,11.25,-4.57,-6.59,3
-0.03,-0.02,0.95,-4.7,5.95,-8.57,-0.93,-0.29,-0.26,11.04,-0.98,-2.87,3
-0.04,-0.02,0.96,-9.88,4.73,-7.38,-0.94,-0.31,-0.27,12.59,-2.1,-2.77,3
-0.05,-0.01,0.98,-4.21,3.14,-8.63,-0.96,-0.32,-0.28,9.66,1.16,-1.25,3
-0.04,-0.03,0.97,-5.3,3.38,-9.85,-0.96,-0.31,-0.25,13.51,3.87,-0.67,3
-0.04,-0.02,0.96,-2.74,4.91,-10.91,-0.9,-0.3,-0.27,11.19,2.35,-2.59,3
-0.03,0.02,0.99,-8.63,4.85,-14.94,-1.0,-0.29,-0.28,20.85,8.54,-0.34,3
-0.01,-0.03,0.97,-5.4,3.66,-24.39,-0.92,-0.31,-0.27,29.15,14.33,4.12,3
-0.03,0.02,0.99,-8.23,1.71,-25.7,-0.95,-0.31,-0.33,28.63,11.77,1.89,3
-0.0,0.09,0.99,-8.14,-1.92,-35.15,-0.96,-0.28,-0.41,41.92,29.12,6.34,3
0.07,0.15,1.21,35.37,-11.71,-54.63,-1.07,-0.34,-0.62,39.91,75.4,16.52,3
0.15,0.22,1.44,76.8,2.93,-86.89,-1.11,-0.37,-0.68,66.98,129.21,1.71,3
0.08,0.56,1.38,129.66,48.14,-163.96,-0.96,-0.47,-0.82,126.37,182.99,-19.33,3
0.02,0.42,1.19,147.1,61.52,-220.49,-0.8,-0.47,-0.94,162.93,207.87,-5.82,3
-0.12,0.46,0.82,132.07,35.3,-246.22,-0.74,-0.41,-0.74,173.02,195.58,33.66,3
-0.11,0.44,0.84,133.87,-4.45,-257.71,-0.43,-0.51,-0.74,153.69,178.35,82.65,3
-0.03,0.34,0.82,106.19,-16.34,-241.71,-0.7,-0.35,-0.52,161.04,145.0,82.41,3
-0.19,0.22,0.6,91.01,-40.95,-219.42,-0.37,-0.48,-0.51,136.28,102.32,101.68,3
-0.33,0.21,0.54,42.26,-73.57,-192.68,-0.53,-0.62,-0.29,121.13,63.9,117.07,3
-0.25,0.12,0.52,-0.4,-101.92,-178.23,-0.52,-0.6,-0.25,122.16,26.8,139.7,3
-0.05,-0.02,0.5,-17.41,-113.72,-164.05,-0.56,-0.46,-0.12,118.17,-1.74,142.8,3
0.02,-0.21,0.61,-47.44,-118.35,-123.63,-0.61,-0.37,-0.22,96.68,-43.48,138.96,3
0.05,-0.45,1.08,-86.43,-79.85,-26.52,-0.57,-0.46,-0.23,29.39,-85.52,77.74,3
-0.08,-0.5,0.89,-23.69,4.09,46.28,-0.44,-0.47,-0.12,-36.68,-3.69,-22.87,3
0.03,-0.39,0.95,46.34,70.24,95.0,-0.67,-0.44,-0.25,-84.05,27.68,-92.29,3
0.09,-0.2,0.74,11.4,90.46,186.25,-0.71,-0.39,-0.24,-138.63,6.07,-137.68,3
0.05,0.06,0.83,25.73,92.29,221.77,-0.71,-0.58,-0.37,-164.45,28.17,-159.57,3
-0.06,0.06,0.57,52.07,76.92,239.27,-0.47,-0.52,-0.45,-179.63,33.26,-155.73,3
-0.03,0.3,0.58,60.64,68.96,245.49,-0.46,-0.57,-0.53,-178.38,10.52,-157.84,3
-0.13,0.82,0.54,26.59,84.94,225.15,-0.28,-0.52,-0.75,-161.37,-57.56,-159.51,3
-0.09,0.79,0.49,-71.77,56.74,232.35,-0.28,-0.39,-0.7,-140.4,-143.29,-127.99,3
-0.14,0.85,0.56,-91.77,38.81,200.18,-0.41,-0.38,-0.96,-140.79,-173.26,-88.35,3
-0.03,0.6,0.58,-96.46,-1.55,177.74,-0.5,-0.21,-0.78,-140.09,-246.68,-12.77,3
0.08,0.57,0.81,-73.17,-21.04,162.87,-0.7,-0.15,-0.72,-141.43,-189.15,-1.71,3
0.26,0.7,0.9,-80.79,-47.26,133.78,-0.98,-0.01,-1.03,-123.17,-118.14,39.6,3
0.44,0.69,1.31,-79.48,-44.33,99.6,-1.07,0.05,-0.71,-79.6,-103.81,38.57,3
0.42,0.52,1.4,-67.62,-0.27,60.27,-1.15,-0.06,-0.66,-44.15,-73.99,-2.59,3
0.32,0.41,1.08,-61.07,21.25,36.95,-1.11,0.04,-0.62,-20.64,-48.41,-29.91,3
0.26,0.25,1.05,-24.51,19.79,29.42,-0.98,0.0,-0.48,-16.55,-15.58,-27.74,3
0.2,0.16,0.94,-21.62,25.82,30.4,-0.96,-0.05,-0.33,-13.54,-4.82,-33.84,3
0.15,0.13,0.9,-3.69,22.65,16.74,-0.91,-0.09,-0.3,-10.98,1.31,-27.77,3
0.14,0.12,0.91,-5.67,24.24,3.38,-0.94,-0.09,-0.23,5.46,1.16,-26.65,3
0.16,0.08,0.88,-11.98,24.45,-7.74,-0.91,-0.08,-0.25,15.15,-6.13,-21.92,3
0.09,0.12,0.91,-17.56,21.46,-15.21,-0.95,-0.14,-0.26,24.97,-9.54,-18.02,3
0.07,0.09,0.93,-29.05,17.8,-17.1,-0.96,-0.16,-0.28,27.96,-15.49,-15.27,3
0.04,0.06,0.94,-19.7,11.04,-18.17,-0.94,-0.2,-0.32,25.09,-9.12,-7.99,3
-0.0,0.08,1.0,-15.21,6.55,-16.31,-1.01,-0.25,-0.28,21.86,-4.36,-3.63,3
0.0,0.03,1.02,-8.96,4.18,-9.21,-0.97,-0.26,-0.31,12.44,-3.26,-2.77,3
-0.0,0.09,1.0,-5.46,5.49,-2.1,-0.97,-0.26,-0.31,5.55,2.1,-7.56,3
0.0,0.05,0.99,-11.22,5.03,-0.79,-0.98,-0.24,-0.27,6.55,0.46,-4.88,3
-0.0,0.04,0.98,-1.31,5.58,-2.1,-0.97,-0.26,-0.26,4.54,5.0,-6.1,3
0.01,0.0,0.92,-4.02,2.47,-1.68,-0.92,-0.22,-0.22,4.21,5.21,-4.15,3
0.04,0.03,0.97,-1.31,1.92,-4.39,-0.97,-0.2,-0.27,3.66,1.19,0.06,3
0.03,0.03,0.93,-2.16,-2.41,-6.07,-0.97,-0.21,-0.22,8.96,6.37,2.47,3
0.05,0.04,0.98,-3.05,-3.08,-6.71,-0.96,-0.2,-0.3,7.47,2.87,1.4,3
0.03,0.05,0.96,0.46,-8.66,-9.6,-0.95,-0.22,-0.31,9.12,7.47,10.06,3
0.06,0.11,1.04,3.08,-3.6,-12.9,-0.99,-0.22,-0.32,17.84,15.52,2.74,3
0.11,0.1,1.01,-4.73,-4.18,-17.93,-1.03,-0.15,-0.36,24.3,26.74,5.15,3
0.12,0.16,1.15,15.4,-18.93,-28.6,-1.06,-0.22,-0.56,22.01,51.71,14.57,3
0.2,0.38,1.19,58.08,-17.16,-61.34,-1.07,-0.18,-0.65,42.71,100.98,16.04,3
0.21,0.41,1.33,80.73,0.0,-111.89,-1.05,-0.26,-0.73,80.12,136.83,14.97,3
0.14,0.68,1.34,144.63,44.02,-182.9,-0.87,-0.42,-0.92,142.44,193.72,-10.76,3
0.11,0.64,1.24,90.34,53.32,-211.55,-0.91,-0.36,-0.91,186.34,185.61,-5.0,3
-0.07,0.55,0.95,82.35,60.73,-241.98,-0.61,-0.51,-0.84,190.12,175.91,10.03,3
-0.17,0.51,0.91,118.11,53.66,-269.36,-0.48,-0.6,-0.8,221.13,175.95,23.32,3
-0.3,0.33,0.54,128.6,16.07,-279.33,-0.47,-0.52,-0.51,188.78,156.98,76.16,3
-0.26,0.2,0.45,65.58,-52.56,-249.02,-0.34,-0.54,-0.39,171.01,82.62,119.88,3
-0.18,0.13,0.3,-8.96,-88.54,-213.69,-0.49,-0.45,-0.17,148.81,21.77,138.84,3
-0.1,-0.01,0.36,-13.63,-123.96,-199.36,-0.42,-0.46,-0.13,139.82,21.01,160.91,3
-0.05,-0.32,0.45,-53.81,-128.45,-142.26,-0.5,-0.43,-0.07,108.84,-43.41,147.93,3
0.0,-0.58,0.83,-117.16,-91.22,-51.92,-0.44,-0.47,-0.06,59.6,-104.73,97.8,3
-0.18,-0.66,0.76,-61.77,-8.38,40.55,-0.38,-0.49,0.04,-26.55,-36.77,-8.69,3
-0.22,-0.52,0.81,48.05,33.72,63.23,-0.77,-0.57,0.06,-65.88,44.27,-50.73,3
-0.17,-0.39,0.76,35.49,48.08,113.87,-0.69,-0.52,-0.02,-99.36,17.26,-78.75,3
-0.13,-0.26,0.7,34.97,54.33,149.94,-0.62,-0.53,-0.11,-124.94,6.8,-96.68,3
-0.25,-0.17,0.55,62.5,48.57,176.62,-0.52,-0.64,-0.21,-155.7,41.07,-101.71,3
-0.08,0.09,0.61,3.38,56.62,200.88,-0.78,-0.41,-0.13,-152.07,-63.23,-102.16,3
-0.18,0.07,0.73,-28.69,25.61,233.45,-0.48,-0.66,-0.42,-181.74,-52.99,-94.36,3
-0.18,0.31,0.61,-9.85,13.57,236.89,-0.5,-0.44,-0.62,-191.55,-61.16,-87.1,3
-0.07,0.52,0.64,-27.84,-11.04,242.59,-0.56,-0.44,-0.65,-207.68,-144.42,-61.74,3
0.19,0.6,0.64,-9.09,-49.66,239.09,-0.5,-0.11,-1.02,-239.7,-103.84,-14.66,3
0.36,0.83,1.02,-43.2,-46.46,217.29,-0.88,-0.12,-0.94,-183.93,-167.99,20.73,3
0.54,0.79,1.13,-92.13,-63.75,200.18,-0.92,0.07,-0.86,-192.84,-175.21,33.32,3
0.46,0.73,1.21,-119.27,-22.59,148.96,-1.07,0.03,-0.78,-88.23,-115.37,-2.41,3
0.42,0.45,1.14,-82.01,-15.61,97.04,-1.0,0.08,-0.71,-96.07,-115.88,3.99,3
0.44,0.6,1.2,-37.74,6.31,57.77,-1.07,0.06,-0.74,-42.62,-60.67,-6.52,3
0.36,0.36,1.05,-23.14,8.9,29.02,-1.06,0.06,-0.5,-23.45,-31.31,-8.48,3
0.33,0.23,1.04,7.1,19.54,3.6,-1.01,0.05,-0.4,-7.38,-5.43,-19.36,3
0.24,0.2,0.91,-0.55,18.2,2.5,-0.96,0.03,-0.3,-1.92,-0.43,-18.9,3
0.21,0.13,0.85,-8.6,13.35,-2.23,-0.92,-0.0,-0.26,6.07,0.06,-15.27,3
0.19,0.13,0.89,1.4,13.57,-15.3,-0.98,0.06,-0.22,17.59,-2.38,-5.4,3
0.25,0.13,0.92,-10.88,7.23,-18.11,-0.96,0.03,-0.27,24.76,-7.65,-2.56,3
0.24,0.11,0.94,-11.8,9.05,-20.34,-1.0,0.01,-0.26,20.58,-10.24,-6.52,3
0.17,0.15,0.93,-17.8,9.48,-14.05,-0.95,-0.04,-0.3,20.18,-9.05,-10.27,3
0.15,0.11,0.95,-11.52,9.94,-9.12,-0.97,-0.07,-0.31,12.04,-6.89,-9.57,3
0.12,0.13,0.95,-9.88,6.98,-2.9,-0.99,-0.09,-0.29,7.38,-1.83,-8.48,3
0.15,0.1,0.96,0.21,5.03,-3.41,-1.0,-0.07,-0.24,4.39,4.15,-5.43,3
0.15,0.09,0.95,-3.48,4.51,0.24,-0.99,-0.05,-0.24,1.22,1.8,-5.61,3
0.14,0.13,0.93,-4.3,6.68,2.96,-0.93,-0.08,-0.27,-1.86,2.13,-8.35,3
0.09,0.11,0.91,-13.02,4.94,3.69,-0.96,-0.11,-0.26,2.41,-3.66,-7.23,3
0.1,0.08,0.96,-6.52,0.88,9.79,-0.97,-0.11,-0.26,-7.16,0.21,-6.1,3
0.16,0.07,0.98,-0.06,-3.78,11.74,-1.01,-0.06,-0.25,-12.44,6.59,1.04,3
0.18,0.09,0.97,1.52,-1.52,15.15,-1.01,-0.05,-0.23,-11.71,8.75,-5.43,3
0.21,0.11,1.0,4.63,4.42,9.66,-0.97,-0.04,-0.3,-9.57,5.82,-8.87,3
0.18,0.14,0.99,-8.38,7.5,4.24,-1.03,-0.07,-0.3,4.6,7.77,-9.33,3
0.14,0.17,0.94,-8.05,6.28,-4.54,-0.96,-0.1,-0.34,15.06,8.6,-12.29,3
0.2,0.17,1.05,-3.35,3.17,-9.85,-1.01,-0.08,-0.43,19.48,24.63,-8.41,3
0.22,0.35,1.19,2.04,3.6,-18.51,-1.13,-0.15,-0.59,33.48,46.46,-15.09,3
0.36,0.47,1.39,19.85,13.45,-51.65,-1.18,-0.08,-0.8,61.92,91.98,-22.13,3
0.34,0.61,1.59,111.49,76.16,-151.28,-1.07,-0.37,-0.94,144.12,162.62,-48.38,3
0.12,0.6,1.21,148.38,100.46,-232.35,-0.94,-0.36,-0.87,202.29,224.21,-51.01,3
-0.01,0.12,0.81,70.49,74.18,-237.01,-0.78,-0.29,-0.75,210.34,206.55,-18.96,3
-0.24,0.69,0.72,186.31,66.77,-306.74,-0.36,-0.73,-0.92,225.46,204.91,25.06,3
-0.27,0.42,0.5,122.68,-0.34,-297.29,-0.65,-0.49,-0.41,220.0,161.98,77.44,3
-0.18,0.12,0.44,66.49,-60.24,-262.32,-0.47,-0.43,-0.33,189.36,74.09,128.23,3
-0.06,0.05,0.48,43.99,-111.22,-215.21,-0.59,-0.4,-0.26,145.34,34.73,153.78,3
-0.16,-0.04,0.5,-6.98,-147.41,-162.41,-0.47,-0.51,-0.25,111.89,54.94,152.13,3
0.17,-0.01,0.75,22.47,-129.36,-152.44,-0.58,-0.36,-0.02,95.76,69.91,140.27,3
0.03,-0.3,0.73,-35.73,-93.9,-111.19,-0.65,-0.39,-0.05,90.49,-14.82,114.12,3
-0.02,-0.47,0.92,-127.1,-29.76,1.92,-0.56,-0.38,-0.11,24.27,-124.48,24.45,3
-0.11,-0.57,0.8,2.93,18.23,23.9,-0.63,-0.41,0.06,-22.41,10.43,-21.74,3
-0.03,-0.55,0.82,31.71,49.7,80.64,-0.68,-0.38,0.03,-73.45,13.32,-65.7,3
-0.03,-0.34,0.72,63.57,66.8,133.84,-0.7,-0.41,-0.14,-123.23,46.43,-96.65,3
-0.1,-0.14,0.59,104.24,63.81,156.04,-0.64,-0.52,-0.16,-148.69,77.77,-101.37,3
-0.05,-0.02,0.54,84.39,53.05,187.56,-0.64,-0.39,-0.38,-181.16,58.14,-98.05,3
-0.04,0.3,0.54,61.34,35.09,217.74,-0.62,-0.4,-0.39,-199.66,-7.84,-86.62,3
0.08,0.54,0.7,14.36,36.19,232.68,-0.54,-0.41,-0.57,-197.84,-48.2,-87.35,3
0.0,0.61,0.67,-17.1,20.3,226.74,-0.59,-0.3,-0.92,-196.83,-62.77,-71.16,3
-0.01,0.92,0.82,-73.05,5.58,210.43,-0.72,-0.31,-0.67,-178.08,-191.13,-36.49,3
0.22,0.7,0.75,-97.74,-26.16,192.2,-0.8,0.04,-0.95,-159.05,-145.09,-1.8,3
0.37,0.83,1.23,-74.66,-29.05,154.05,-0.95,-0.01,-1.14,-138.08,-133.08,20.7,3
0.37,0.61,1.0,-87.23,-31.74,154.21,-1.1,0.12,-0.58,-108.72,-130.91,24.33,3
0.59,0.49,1.06,-70.24,-45.0,128.93,-0.98,0.25,-0.91,-117.26,-77.65,33.99,3
0.61,0.46,1.27,-38.78,-19.02,83.29,-1.19,0.04,-0.67,-68.99,-49.24,15.49,3
0.47,0.39,1.03,-8.08,3.63,27.32,-1.05,0.16,-0.52,-35.03,-33.69,-1.49,3
0.43,0.1,0.98,-6.1,5.88,18.6,-1.0,0.21,-0.38,-13.81,-19.21,-4.39,3
0.34,0.17,0.91,-3.26,4.48,25.43,-0.97,0.12,-0.29,-22.16,-1.04,-8.81,3
0.33,0.21,0.87,11.43,11.43,9.91,-0.94,0.1,-0.23,-14.15,1.49,-10.79,3
0.33,0.22,0.84,-9.12,6.28,-0.91,-0.92,0.15,-0.25,4.42,-8.08,-7.23,3
0.34,0.15,0.9,-9.36,7.13,-14.39,-0.98,0.14,-0.21,14.15,-9.82,-4.88,3
0.33,0.13,0.92,-13.48,2.65,-13.66,-0.99,0.13,-0.25,14.21,-8.48,-2.9,3
0.29,0.15,0.89,-12.84,1.83,-13.02,-0.96,0.1,-0.25,15.03,-4.18,-3.96,3
0.28,0.15,0.88,-13.14,2.29,-15.61,-0.94,0.08,-0.24,17.01,-2.16,-1.37,3
0.29,0.1,0.9,-12.68,3.63,-13.17,-0.99,0.08,-0.23,16.25,-4.39,-3.32,3
0.28,0.1,0.93,-12.16,4.7,-6.95,-0.98,0.08,-0.25,10.03,-6.8,-5.21,3
0.26,0.1,0.92,-3.9,2.65,0.34,-0.99,0.07,-0.29,-1.22,0.21,-2.5,3
0.26,0.1,0.92,2.1,0.82,7.26,-0.98,0.06,-0.24,-8.08,5.49,-2.32,3
0.26,0.08,0.92,0.55,0.85,9.79,-1.0,0.06,-0.19,-10.61,2.41,-3.66,3
0.28,0.11,0.91,2.71,0.82,11.59,-0.98,0.08,-0.23,-12.53,3.05,-3.05,3
0.27,0.12,0.91,5.88,0.27,14.33,-0.97,0.08,-0.27,-15.52,3.29,-3.93,3
0.32,0.11,0.94,11.92,1.37,13.66,-1.0,0.1,-0.21,-15.43,8.78,-2.84,3
0.3,0.14,0.9,14.12,8.26,12.2,-0.97,0.1,-0.22,-15.21,8.45,-11.59,3
0.29,0.19,0.87,9.24,7.44,4.09,-0.93,0.09,-0.24,-6.01,5.52,-9.12,3
0.29,0.19,0.9,3.96,8.05,-3.14,-1.0,0.1,-0.23,4.82,5.21,-7.53,3
0.34,0.17,0.98,0.67,4.42,-8.54,-1.0,0.12,-0.3,15.03,5.46,-1.95,3
0.33,0.24,1.0,2.96,5.18,-11.25,-1.07,0.1,-0.37,11.16,13.45,-7.59,3
0.3,0.29,1.01,7.2,2.04,-15.21,-1.08,0.06,-0.39,21.28,29.18,-6.31,3
0.3,0.35,1.04,12.32,4.54,-25.76,-1.02,0.05,-0.46,35.88,34.42,-11.71,3
0.52,0.59,1.2,-1.49,2.47,-40.24,-1.12,0.13,-0.76,55.85,58.14,-4.79,3
0.54,0.6,1.38,50.73,29.09,-119.51,-1.15,-0.0,-0.84,108.87,97.16,-22.04,3
0.29,0.84,1.25,119.45,47.35,-206.83,-0.93,-0.21,-0.99,179.94,191.71,-19.45,3
0.21,0.78,1.13,130.06,48.78,-264.6,-0.94,-0.26,-1.03,233.96,222.1,-8.99,3
0.14,0.68,0.87,40.52,17.77,-264.51,-0.79,-0.28,-0.77,230.09,170.73,37.84,3
0.17,0.17,0.95,1.8,18.96,-237.29,-0.63,-0.3,-0.72,217.38,117.16,40.95,3
-0.06,0.18,0.56,58.81,27.53,-260.88,-0.53,-0.44,-0.47,209.94,127.2,49.12,3
-0.31,0.12,0.33,19.94,-32.1,-242.68,-0.39,-0.55,-0.34,188.51,85.88,98.81,3
-0.12,0.14,0.39,-13.26,-80.76,-227.87,-0.58,-0.45,-0.22,160.98,18.23,141.1,3
0.1,-0.08,0.37,-0.12,-121.55,-225.27,-0.4,-0.39,-0.16,159.85,0.76,180.15,3
0.15,-0.33,0.52,-16.74,-118.45,-166.83,-0.59,-0.28,-0.13,119.88,-7.47,150.18,3
-0.02,-0.63,1.02,-129.45,-48.35,-6.62,-0.39,-0.48,-0.2,29.79,-140.18,47.47,3
-0.25,-0.56,0.71,20.4,14.21,16.34,-0.48,-0.54,0.05,-18.45,50.21,-21.25,3
-0.23,-0.36,0.87,52.62,22.84,39.79,-0.82,-0.57,-0.01,-52.01,27.68,-31.01,3
-0.19,-0.35,0.85,45.15,37.87,79.97,-0.61,-0.55,-0.14,-77.9,23.69,-57.32,3
-0.09,-0.16,0.77,30.4,62.13,140.43,-0.69,-0.48,-0.26,-118.23,8.63,-98.96,3
-0.02,-0.1,0.69,77.47,75.43,165.82,-0.5,-0.48,-0.32,-146.37,51.28,-117.07,3
-0.16,0.17,0.71,75.76,81.95,192.62,-0.6,-0.64,-0.48,-166.55,52.1,-131.34,3
-0.1,0.41,0.57,48.35,84.6,206.13,-0.5,-0.5,-0.41,-163.93,-12.23,-128.51,3
-0.18,0.53,0.49,-2.68,74.82,217.8,-0.36,-0.52,-0.6,-160.3,-41.25,-133.08,3
-0.1,0.57,0.4,-14.45,51.86,212.96,-0.23,-0.33,-0.73,-166.65,-73.48,-104.97,3
-0.13,0.75,0.42,-77.2,21.59,213.87,-0.5,-0.31,-0.69,-159.85,-183.72,-61.43,3
0.1,0.53,0.4,-94.36,-42.56,198.26,-0.46,-0.02,-0.7,-174.63,-186.43,9.02,3
0.3,0.58,0.74,-53.57,-79.02,176.52,-0.72,0.03,-1.09,-185.4,-136.95,61.22,3
0.55,0.88,1.11,-61.4,-85.27,157.74,-0.97,0.09,-0.83,-157.74,-149.88,73.48,3
0.82,0.77,1.34,-43.29,-41.43,119.05,-1.17,0.41,-0.82,-114.45,-95.85,38.02,3
0.62,0.73,1.25,-79.42,1.83,92.84,-1.09,0.23,-0.86,-73.41,-93.84,-5.95,3
0.5,0.66,0.98,-43.17,19.7,54.63,-1.04,0.24,-0.65,-41.46,-75.82,-16.01,3
0.42,0.57,0.94,-8.17,18.14,47.5,-1.0,0.24,-0.63,-46.01,-31.31,-18.38,3
0.39,0.57,0.93,4.66,13.45,20.37,-1.01,0.17,-0.45,-20.67,-7.41,-12.8,3
0.43,0.26,0.88,3.08,18.41,2.71,-0.94,0.16,-0.35,-0.85,2.44,-20.52,3
0.38,0.2,0.78,-6.77,12.93,7.04,-0.92,0.24,-0.21,-3.45,-3.23,-13.69,3
0.35,0.23,0.79,-2.1,4.7,0.09,-0.91,0.19,-0.22,0.3,6.16,-4.24,3
0.37,0.23,0.84,-15.03,0.58,-6.52,-0.93,0.2,-0.24,8.75,-5.85,-3.08,3
0.37,0.23,0.93,-17.04,5.18,-15.0,-0.99,0.18,-0.26,17.59,-9.82,-5.61,3
0.34,0.23,0.88,-17.44,4.05,-13.54,-0.98,0.17,-0.31,15.49,-9.97,-5.18,3
0.31,0.24,0.88,-9.63,1.25,-6.86,-0.96,0.14,-0.33,8.84,-4.57,-1.8,3
0.29,0.23,0.86,-7.77,-0.09,-1.89,-0.92,0.13,-0.32,1.65,-3.29,-1.68,3
0.3,0.22,0.91,-7.01,-0.61,2.23,-1.0,0.13,-0.3,-1.52,-1.65,-0.64,3
0.3,0.23,0.91,4.54,0.12,8.72,-0.96,0.13,-0.33,-9.66,7.38,-0.64,3
0.33,0.23,0.89,9.21,-0.06,14.12,-0.95,0.15,-0.29,-15.76,10.34,-3.14,3
0.35,0.22,0.87,11.43,-0.43,14.51,-0.98,0.18,-0.27,-16.74,11.34,-1.31,3
0.35,0.25,0.85,12.35,-3.26,16.31,-0.94,0.17,-0.28,-17.38,12.99,0.0,3
0.34,0.24,0.83,11.37,-4.85,16.07,-0.9,0.16,-0.32,-18.05,11.22,0.37,3
0.37,0.25,0.87,11.86,-5.61,11.83,-0.97,0.19,-0.26,-13.69,12.44,3.29,3
0.38,0.27,0.8,8.69,-5.18,8.54,-0.9,0.21,-0.31,-9.15,10.18,1.83,3
0.42,0.26,0.89,10.95,-4.91,6.98,-0.94,0.24,-0.32,-9.51,12.23,3.54,3
0.4,0.33,0.83,15.37,-9.6,0.49,-0.96,0.22,-0.33,-3.45,12.01,9.88,3
0.45,0.32,0.86,34.91,-3.9,-9.91,-0.9,0.27,-0.44,11.37,29.54,10.15,3
0.46,0.51,0.94,14.18,-9.94,-12.84,-0.92,0.24,-0.6,8.17,21.22,10.85,3
0.56,0.72,1.06,33.05,-3.29,-17.41,-1.12,0.32,-0.69,14.85,57.71,3.72,3
0.67,0.96,1.07,48.38,24.27,-62.41,-1.02,0.35,-1.02,70.27,86.74,-20.7,3
0.42,1.57,1.18,8.96,43.17,-155.03,-1.17,-0.04,-1.16,170.43,91.74,-50.06,3
0.48,1.2,1.08,74.33,58.02,-261.55,-0.92,-0.04,-1.13,261.19,176.43,-44.63,3
0.45,0.71,0.96,88.41,60.49,-314.73,-0.85,-0.01,-1.06,287.29,171.74,-20.24,3
-0.02,0.67,0.4,29.54,2.2,-294.24,-0.55,-0.23,-0.71,251.95,140.46,37.04,3
0.03,0.44,0.25,-34.51,-50.55,-275.12,-0.33,-0.23,-0.51,246.07,97.62,92.44,3
0.09,0.3,0.18,-93.2,-103.45,-256.37,-0.47,-0.24,-0.43,220.06,22.16,158.2,3
0.13,0.04,0.24,-55.43,-129.48,-246.83,-0.45,-0.29,-0.19,182.32,-1.07,179.15,3
0.46,-0.16,0.47,-10.46,-158.05,-238.35,-0.66,-0.15,-0.11,167.93,-12.16,212.65,3
0.35,-0.57,0.81,-36.65,-131.4,-148.81,-0.52,-0.23,-0.13,113.05,-31.01,154.21,3
0.15,-0.75,1.09,-32.32,-21.37,-18.02,-0.58,-0.28,-0.1,10.95,-34.63,17.32,3
-0.05,-0.49,0.92,84.3,19.91,1.98,-0.8,-0.37,0.01,-30.12,76.65,-18.02,3
-0.0,-0.26,1.03,55.98,46.8,53.32,-0.94,-0.42,-0.08,-60.98,23.81,-52.8,3
0.02,-0.24,0.9,53.6,77.29,98.9,-0.75,-0.37,-0.22,-94.85,27.56,-90.12,3
0.14,-0.1,0.8,65.73,106.43,142.5,-0.72,-0.32,-0.26,-130.55,35.4,-125.79,3
0.07,0.04,0.72,94.05,123.72,177.23,-0.64,-0.47,-0.42,-166.98,69.66,-148.6,3
0.03,0.41,0.61,56.16,135.64,205.18,-0.73,-0.39,-0.44,-173.96,21.95,-160.88,3
-0.04,0.42,0.43,50.64,106.95,237.56,-0.38,-0.48,-0.61,-205.18,1.31,-144.66,3
-0.06,0.65,0.37,7.68,93.35,226.4,-0.39,-0.32,-0.79,-183.81,-34.24,-125.82,3
0.0,0.88,0.31,-20.37,53.48,226.04,-0.42,-0.18,-0.67,-201.04,-116.89,-86.25,3
0.19,0.66,0.29,-33.11,11.37,217.77,-0.4,0.06,-0.9,-195.55,-110.64,-35.03,3
0.37,1.06,0.65,-53.38,-26.55,197.59,-0.6,0.1,-1.13,-202.44,-121.04,5.85,3
0.51,0.66,0.69,-50.24,-53.69,176.65,-0.81,0.32,-0.64,-164.76,-134.24,44.24,3
0.84,1.0,1.05,-45.03,-18.35,145.43,-0.95,0.48,-0.95,-131.86,-69.18,11.89,3
0.77,0.84,0.99,-68.66,-6.16,121.95,-0.95,0.51,-0.82,-110.4,-96.43,6.37,3
0.61,1.12,0.94,-48.14,23.29,52.62,-0.97,0.36,-0.74,-43.35,-69.48,-17.35,3
0.52,0.81,0.73,-56.59,16.04,-34.3,-0.86,0.39,-0.91,67.56,-46.4,-9.82,3
0.59,0.23,0.8,-32.68,1.07,-17.84,-0.77,0.45,-0.61,28.26,-25.06,-4.39,3
0.47,0.21,0.79,3.48,1.13,22.77,-0.95,0.35,-0.35,-23.63,11.34,-6.34,3
0.42,0.42,0.78,2.32,2.93,19.24,-0.84,0.21,-0.34,-17.32,11.31,-9.24,3
0.43,0.35,0.77,-11.28,7.47,-0.67,-0.89,0.25,-0.29,4.39,-6.16,-10.58,3
0.43,0.28,0.76,-21.28,5.61,-10.98,-0.87,0.27,-0.28,15.03,-15.24,-7.04,3
0.46,0.28,0.75,-25.85,2.99,-14.18,-0.88,0.3,-0.31,18.26,-18.84,-4.85,3
0.45,0.34,0.84,-26.59,3.45,-16.52,-0.92,0.26,-0.38,19.51,-20.49,-3.96,3
0.4,0.34,0.83,-26.04,3.57,-17.9,-0.92,0.21,-0.38,22.53,-17.26,-5.43,3
0.39,0.28,0.86,-19.82,0.09,-14.66,-0.95,0.21,-0.35,18.84,-11.55,-1.31,3
0.4,0.28,0.86,-12.5,4.73,-8.75,-0.91,0.21,-0.35,11.13,-8.23,-6.31,3
0.38,0.27,0.84,-12.96,5.73,-2.8,-0.94,0.21,-0.35,4.88,-8.66,-6.71,3
0.35,0.27,0.84,-4.85,1.62,4.42,-0.93,0.18,-0.38,-2.8,-1.04,-3.17,3
0.38,0.27,0.85,1.46,1.07,10.55,-0.93,0.19,-0.36,-10.24,3.41,-3.75,3
0.39,0.26,0.86,5.91,5.43,12.26,-0.95,0.21,-0.3,-12.71,8.26,-7.96,3
0.41,0.26,0.84,6.01,3.66,11.46,-0.95,0.24,-0.3,-12.07,6.83,-5.3,3
0.4,0.28,0.81,5.61,-1.71,12.93,-0.92,0.23,-0.34,-13.63,6.04,-0.58,3
0.4,0.29,0.82,9.09,-4.02,11.89,-0.91,0.22,-0.36,-14.12,8.45,0.43,3
0.42,0.27,0.84,11.8,-3.23,10.55,-0.93,0.24,-0.31,-12.56,11.77,0.55,3
0.42,0.3,0.79,6.59,-2.41,7.56,-0.9,0.24,-0.31,-9.57,6.62,-0.12,3
0.45,0.32,0.81,5.43,-3.96,0.76,-0.92,0.27,-0.31,-1.86,7.65,2.93,3
0.44,0.33,0.78,2.2,-6.8,-4.97,-0.91,0.26,-0.36,5.09,5.7,5.49,3
0.4,0.36,0.74,4.42,-12.56,-10.09,-0.9,0.26,-0.43,7.84,9.91,9.54,3
0.44,0.46,0.81,12.07,-17.99,-14.57,-0.9,0.26,-0.56,13.57,25.0,16.89,3
0.52,0.54,0.89,33.51,-15.43,-22.29,-0.97,0.31,-0.56,13.93,47.04,16.4,3
0.62,0.83,0.92,60.37,-4.36,-48.9,-0.9,0.35,-0.91,40.73,77.56,9.24,3
0.6,1.23,0.94,56.25,-0.4,-106.8,-1.04,0.34,-1.02,95.79,98.29,3.32,3
0.69,1.22,0.99,61.37,6.62,-181.62,-0.93,0.33,-1.14,174.85,123.93,2.71,3
0.69,1.11,0.92,61.8,-5.43,-234.54,-0.88,0.35,-1.12,215.98,135.15,25.67,3
0.41,1.04,0.62,54.91,-25.7,-278.87,-0.6,0.08,-1.02,243.57,149.45,54.73,3
0.28,0.82,0.47,12.47,-64.21,-306.16,-0.44,-0.13,-0.79,272.01,113.45,98.81,3
0.21,0.58,0.32,-30.18,-98.81,-309.12,-0.5,-0.21,-0.54,273.9,57.5,137.59,3
0.24,0.22,0.27,-96.71,-138.54,-269.48,-0.55,-0.28,-0.44,243.72,-46.01,177.84,3
0.35,0.0,0.2,-98.84,-179.21,-237.16,-0.65,-0.17,-0.26,212.59,-69.18,206.43,3
0.45,-0.41,0.47,-86.95,-183.05,-148.45,-0.43,-0.1,-0.22,131.46,-63.99,186.49,3
0.23,-0.65,1.13,-85.85,-61.83,-32.84,-0.29,-0.26,-0.21,42.93,-88.72,57.93,3
-0.09,-0.32,0.86,58.14,8.66,-9.76,-0.63,-0.39,-0.14,-11.71,80.91,-8.02,3
-0.03,-0.18,1.09,79.02,23.05,19.21,-1.1,-0.41,-0.08,-44.48,51.98,-20.91,3
-0.03,-0.05,1.1,25.46,50.85,65.34,-0.8,-0.44,-0.27,-64.12,4.42,-55.76,3
-0.0,0.0,0.96,45.95,91.16,90.49,-0.75,-0.41,-0.37,-85.43,30.03,-97.93,3
0.06,0.07,0.78,51.25,120.0,132.9,-0.65,-0.35,-0.45,-122.35,37.26,-133.29,3
0.04,0.31,0.72,66.49,131.16,163.14,-0.64,-0.45,-0.54,-149.21,60.82,-151.71,3
-0.06,0.38,0.49,55.18,130.95,185.7,-0.49,-0.43,-0.59,-161.65,43.63,-155.7,3
-0.04,0.68,0.48,37.8,127.16,190.43,-0.48,-0.42,-0.62,-153.57,-4.91,-147.56,3
-0.04,0.59,0.34,14.73,112.87,194.42,-0.27,-0.33,-0.73,-154.09,-22.84,-139.76,3
-0.02,0.83,0.34,-21.25,90.09,188.2,-0.34,-0.19,-0.89,-158.84,-66.46,-111.62,3
0.01,0.83,0.31,-37.04,59.57,189.18,-0.42,-0.1,-0.67,-160.27,-141.83,-74.3,3
0.16,0.81,0.32,-69.51,17.07,179.63,-0.42,0.05,-0.92,-151.49,-112.8,-34.94,3
0.26,0.73,0.54,-68.57,-29.51,167.47,-0.57,0.1,-0.91,-157.16,-135.34,20.91,3
0.63,0.84,0.91,-36.74,-29.63,158.2,-0.9,0.35,-0.84,-142.77,-109.88,29.51,3
0.82,1.02,1.06,-48.99,10.43,139.48,-1.02,0.47,-0.93,-120.12,-82.44,-10.58,3
0.63,1.06,0.87,-57.04,26.95,90.61,-0.85,0.36,-0.92,-75.09,-80.24,-23.32,3
0.51,0.95,0.78,-49.48,24.09,30.95,-0.92,0.29,-0.78,-14.63,-66.46,-20.49,3
0.43,0.66,0.77,-36.28,12.29,-11.68,-0.83,0.28,-0.73,29.3,-38.2,-11.43,3
0.47,0.3,0.79,-12.62,14.51,9.21,-0.91,0.35,-0.44,-6.16,-12.62,-16.37,3
0.36,0.44,0.74,0.73,13.66,20.24,-0.84,0.2,-0.41,-21.07,1.8,-14.88,3
0.35,0.49,0.72,-19.76,3.75,0.61,-0.84,0.19,-0.38,3.41,-11.4,-5.85,3
0.41,0.36,0.79,-22.9,2.04,-11.25,-0.89,0.25,-0.34,15.64,-12.47,-5.34,3
0.42,0.37,0.81,-25.12,6.86,-16.34,-0.91,0.23,-0.36,20.09,-18.41,-7.8,3
0.39,0.38,0.83,-29.54,6.07,-19.97,-0.94,0.21,-0.39,25.64,-20.61,-7.53,3
0.34,0.37,0.82,-25.49,2.56,-17.59,-0.92,0.18,-0.42,20.7,-17.99,-4.54,3
0.34,0.35,0.87,-16.01,-0.58,-11.68,-0.94,0.17,-0.42,14.94,-6.59,-0.7,3
0.33,0.37,0.85,-11.04,4.97,-7.77,-0.92,0.16,-0.39,9.79,-5.24,-6.92,3
0.3,0.3,0.82,-11.46,2.07,-2.71,-0.93,0.14,-0.37,4.94,-8.2,-3.08,3
0.3,0.35,0.85,-0.52,-0.18,5.46,-0.92,0.14,-0.4,-5.61,4.18,-1.1,3
0.33,0.33,0.89,-0.09,-0.12,9.21,-0.94,0.14,-0.35,-8.99,2.77,-2.77,3
0.34,0.31,0.85,4.21,3.05,10.79,-0.96,0.17,-0.33,-10.43,7.2,-5.15,3
0.35,0.35,0.83,6.4,-1.71,11.37,-0.93,0.18,-0.38,-13.26,7.04,-0.34,3
0.35,0.35,0.81,2.96,-4.97,11.49,-0.91,0.19,-0.37,-10.91,7.44,2.35,3
0.36,0.32,0.84,5.98,-7.44,11.07,-0.92,0.18,-0.36,-12.5,6.89,4.09,3
0.37,0.34,0.82,3.69,-5.98,10.24,-0.9,0.19,-0.37,-10.91,6.59,3.26,3
0.39,0.34,0.82,2.04,-4.88,6.49,-0.91,0.21,-0.34,-7.29,3.45,2.2,3
0.4,0.36,0.8,-0.34,-2.84,0.95,-0.91,0.23,-0.35,0.34,2.87,0.82,3
0.41,0.38,0.78,-3.87,-6.83,-5.15,-0.89,0.24,-0.4,5.95,-1.07,3.32,3
0.41,0.38,0.79,-6.34,-11.68,-8.57,-0.91,0.24,-0.4,10.06,-1.01,8.96,3
0.41,0.38,0.8,-4.18,-16.92,-10.06,-0.9,0.22,-0.42,12.13,5.82,13.11,3
0.44,0.42,0.89,4.02,-16.65,-7.74,-0.95,0.24,-0.52,6.28,14.05,13.93,3
0.55,0.71,0.94,21.77,-12.16,-11.71,-0.96,0.3,-0.75,8.93,46.83,11.49,3
0.71,1.13,0.9,46.77,-0.34,-56.43,-1.05,0.46,-0.92,54.36,75.58,5.91,3
0.85,1.32,1.12,78.72,5.24,-145.3,-0.93,0.42,-1.16,135.7,111.68,2.13,3
0.78,1.29,1.36,58.87,9.85,-252.56,-1.13,0.15,-1.27,266.31,157.23,-0.91,3
0.6,0.93,1.15,131.07,33.2,-345.12,-0.92,-0.05,-1.28,315.61,219.91,-1.43,3
0.22,0.72,0.67,84.91,-1.43,-342.56,-0.72,-0.15,-0.81,284.12,177.13,32.35,3
0.12,0.41,0.38,88.93,-36.83,-333.26,-0.24,-0.23,-0.58,280.61,151.13,74.85,3
