0.82,-0.4,0.46,-28.35,2.65,-4.42,0.37,0.86,0.39,2.26,-11.86,1.34,0
0.11,-0.8,0.58,-3.63,0.98,-10.98,0.39,0.86,0.4,1.95,-10.21,2.23,0
0.11,-0.79,0.59,-1.59,0.73,-9.66,0.37,0.85,0.39,2.16,-8.29,2.99,0
0.12,-0.78,0.59,-3.35,0.0,-7.71,0.39,0.86,0.38,3.08,-7.29,4.82,0
0.12,-0.78,0.6,-5.76,-0.49,-4.97,0.37,0.85,0.37,0.4,-5.0,2.26,0
0.11,-0.78,0.58,-6.04,-1.01,-3.2,0.37,0.84,0.37,1.34,-3.54,1.83,0
0.11,-0.77,0.59,-3.81,-1.31,-2.47,0.37,0.84,0.37,1.74,-2.62,2.13,0
0.1,-0.77,0.59,-0.64,-1.28,-2.29,0.35,0.85,0.38,3.41,-2.01,0.37,0
0.11,-0.76,0.58,1.19,-0.95,-2.41,0.37,0.83,0.38,4.94,-3.14,0.34,0
0.11,-0.76,0.58,2.2,-0.4,-2.04,0.37,0.83,0.38,4.91,-3.11,-0.37,0
0.12,-0.76,0.57,0.79,-0.06,-0.88,0.37,0.83,0.38,3.75,-1.71,-1.19,0
0.13,-0.76,0.58,-2.84,0.15,0.43,0.38,0.84,0.39,2.16,-0.52,-1.46,0
0.13,-0.78,0.58,-4.51,0.73,1.65,0.4,0.84,0.38,1.19,0.73,-1.65,0
0.13,-0.78,0.58,-4.02,1.13,2.01,0.4,0.84,0.39,-0.4,1.28,-2.44,0
0.13,-0.77,0.58,-3.05,1.22,2.07,0.39,0.83,0.38,-0.98,2.1,-2.41,0
0.13,-0.75,0.57,-3.69,0.49,2.29,0.37,0.83,0.37,-0.67,1.62,-1.74,0
0.12,-0.75,0.57,-4.45,-0.88,2.74,0.38,0.84,0.37,-0.21,2.87,-1.01,0
0.13,-0.75,0.57,-4.42,-1.07,2.96,0.39,0.83,0.37,0.34,3.41,-0.18,0
0.13,-0.76,0.58,-4.6,-1.74,3.57,0.39,0.83,0.37,0.88,3.14,0.03,0
0.14,-0.75,0.58,-5.27,-2.35,3.93,0.4,0.84,0.36,0.55,3.54,0.4,0
0.13,-0.77,0.6,-5.06,-2.56,4.21,0.4,0.84,0.37,1.07,4.05,0.21,0
0.13,-0.77,0.59,-4.63,-2.93,4.3,0.4,0.84,0.36,2.38,4.79,-0.06,0
0.14,-0.76,0.59,-3.2,-3.11,3.87,0.4,0.85,0.37,2.87,4.57,-0.67,0
0.14,-0.75,0.59,-1.25,-2.44,3.63,0.39,0.85,0.37,2.2,4.33,-0.88,0
0.14,-0.75,0.59,-0.64,-2.16,3.08,0.39,0.84,0.37,3.14,3.63,-0.67,0
0.14,-0.74,0.58,-1.19,-1.83,2.5,0.4,0.84,0.37,1.8,3.6,-1.46,0
0.13,-0.74,0.57,-2.38,-2.2,2.65,0.39,0.83,0.37,1.98,3.38,-1.46,0
0.15,-0.74,0.58,-2.71,-1.28,1.8,0.38,0.83,0.37,1.77,2.5,-0.34,0
0.15,-0.75,0.59,-2.84,-0.34,1.34,0.39,0.82,0.38,1.34,0.34,-0.58,0
0.15,-0.75,0.57,-3.05,0.64,0.85,0.4,0.83,0.38,0.58,-0.49,-1.83,0
0.15,-0.75,0.57,-4.05,1.4,0.27,0.41,0.82,0.38,-1.07,-0.12,-2.23,0
0.14,-0.74,0.58,-6.86,1.37,-0.27,0.4,0.82,0.37,-3.08,0.7,-1.92,0
0.13,-0.74,0.56,-9.7,0.73,-0.67,0.4,0.83,0.37,-3.2,-0.3,-1.95,0
0.13,-0.74,0.54,-10.64,-0.18,-1.31,0.42,0.81,0.38,-2.59,-0.61,-0.18,0
0.14,-0.74,0.54,-10.79,-1.07,-1.71,0.4,0.81,0.37,-4.6,-0.52,1.98,0
0.15,-0.75,0.53,-10.0,-2.59,-2.65,0.38,0.81,0.37,-3.48,-0.85,1.89,0
0.13,-0.75,0.53,-7.65,-4.09,-3.2,0.41,0.81,0.38,-2.07,-0.64,3.02,0
0.13,-0.74,0.52,-4.63,-5.58,-4.63,0.37,0.82,0.36,-0.21,-0.3,4.73,0
0.12,-0.76,0.52,-1.49,-7.77,-6.25,0.4,0.81,0.36,3.69,-1.37,7.99,0
0.11,-0.75,0.51,4.09,-11.8,-7.93,0.37,0.84,0.37,7.16,1.22,7.71,0
0.1,-0.78,0.52,10.06,-16.77,-8.93,0.4,0.87,0.38,7.38,5.49,15.61,0
0.12,-0.79,0.55,13.11,-23.93,-8.6,0.42,0.91,0.35,11.65,10.12,22.74,0
0.13,-0.77,0.54,11.77,-34.45,-6.52,0.44,0.91,0.32,13.35,12.53,32.13,0
0.11,-0.77,0.53,13.72,-46.71,-2.29,0.43,0.91,0.24,18.48,20.43,39.63,0
0.08,-0.78,0.55,20.82,-61.34,5.27,0.37,0.95,0.18,26.22,32.04,49.7,0
0.07,-0.81,0.64,30.21,-78.02,13.6,0.32,1.02,0.15,49.48,47.56,58.45,0
0.05,-0.88,0.74,45.21,-92.29,22.96,0.32,1.11,0.23,76.59,56.22,65.98,0
0.05,-1.01,0.82,62.26,-103.08,36.59,0.3,1.15,0.29,88.32,65.95,69.6,0
0.05,-1.08,0.86,65.18,-109.85,58.17,0.31,1.15,0.26,95.49,86.83,64.36,0
0.02,-1.14,0.89,54.27,-114.82,87.77,0.27,1.19,0.3,105.03,107.23,56.34,0
-0.1,-1.24,0.87,38.54,-120.03,121.68,0.17,1.25,0.4,100.95,132.74,49.85,0
-0.23,-1.29,0.88,38.26,-119.33,152.32,-0.0,1.26,0.52,95.09,162.56,39.97,0
-0.28,-1.27,0.82,52.84,-113.6,181.19,-0.15,1.15,0.54,77.2,184.7,20.0,0
-0.27,-1.15,0.69,57.35,-107.74,210.52,-0.22,1.01,0.48,73.08,205.95,-0.06,0
-0.25,-1.08,0.59,52.26,-103.38,238.45,-0.25,0.93,0.52,83.9,221.68,-17.41,0
-0.24,-1.01,0.48,42.96,-100.37,263.48,-0.23,0.85,0.57,79.85,242.59,-31.55,0
-0.18,-0.95,0.4,41.13,-97.56,280.67,-0.23,0.81,0.6,73.93,270.58,-41.77,0
-0.17,-0.82,0.3,39.57,-92.84,290.0,-0.22,0.71,0.65,62.65,289.3,-51.95,0
-0.14,-0.74,0.25,36.19,-87.23,292.68,-0.25,0.6,0.71,54.27,301.13,-55.52,0
-0.14,-0.76,0.17,34.6,-78.23,287.44,-0.27,0.55,0.8,51.01,301.77,-57.38,0
-0.16,-0.73,0.04,31.16,-72.29,275.7,-0.19,0.49,0.89,33.96,298.23,-53.05,0
-0.14,-0.48,-0.14,11.13,-74.48,258.63,-0.08,0.42,0.82,15.3,292.9,-41.01,0
-0.04,-0.33,-0.22,-14.73,-83.63,238.45,-0.02,0.35,0.71,8.93,281.71,-16.52,0
0.11,-0.27,-0.35,-35.61,-97.62,206.52,0.1,0.26,0.75,10.55,249.21,9.91,0
0.37,-0.17,-0.41,-51.62,-111.22,160.85,0.37,0.18,0.87,1.25,205.91,42.8,0
0.71,-0.06,-0.53,-66.55,-123.54,93.81,0.7,0.08,0.91,-7.29,150.46,90.03,0
1.13,0.08,-0.66,-85.09,-142.35,23.41,1.16,-0.02,0.73,-17.62,85.52,145.98,0
1.38,0.08,-0.62,-93.87,-173.17,-45.0,1.32,-0.09,0.5,-19.82,11.25,196.77,0
1.44,0.05,-0.49,-112.32,-205.09,-110.82,1.25,0.08,0.44,-18.9,-52.04,236.4,0
1.67,-0.32,-0.12,-127.44,-234.21,-171.95,1.34,0.48,0.42,24.39,-92.01,279.54,0
2.02,-0.71,0.38,-112.99,-250.95,-232.01,1.66,0.82,0.39,103.75,-140.64,327.26,0
2.41,-1.34,0.88,-69.82,-244.66,-262.1,2.13,1.34,0.31,83.9,-130.4,336.59,0
2.69,-2.03,1.45,-31.16,-221.25,-242.56,2.47,1.48,0.21,13.57,-98.32,303.48,0
2.47,-2.22,1.87,-61.89,-187.41,-183.54,2.34,1.36,0.35,6.13,-75.49,258.96,0
1.72,-2.17,1.97,-107.8,-153.78,-138.9,2.02,1.93,0.68,18.81,-54.48,220.27,0
0.9,-2.43,2.12,-88.02,-118.84,-131.07,1.19,2.48,1.11,3.72,-76.52,188.02,0
0.49,-2.35,2.12,-11.71,-67.16,-130.0,0.59,2.25,0.9,-55.73,-91.13,140.98,0
0.25,-2.0,1.96,10.55,-22.07,-96.65,0.32,1.67,0.64,-69.42,-95.85,83.08,0
-0.15,-1.7,1.83,19.94,22.68,-50.0,0.02,1.32,0.49,-43.35,-112.87,35.12,0
-0.63,-1.45,1.5,39.42,57.13,-8.66,-0.32,1.36,0.43,-13.96,-118.78,10.55,0
-0.98,-1.28,1.16,63.81,95.61,28.38,-1.06,0.97,0.49,-0.03,-75.34,-94.3,0
-0.94,-1.1,0.86,74.48,125.58,71.89,-0.87,0.82,0.33,1.83,-44.27,-186.01,0
-0.78,-0.93,0.5,79.12,142.41,117.68,-0.71,0.62,0.33,34.42,-9.63,-238.81,0
-0.64,-0.74,0.22,75.82,153.75,163.51,-0.61,0.43,0.33,55.06,90.88,-302.56,0
-0.53,-0.53,0.12,65.09,161.07,195.27,-0.61,0.46,0.31,44.76,135.0,-309.33,0
-0.51,-0.51,0.05,34.09,161.89,223.29,-0.63,0.6,0.45,25.76,146.62,-303.41,0
-0.41,-0.54,0.0,22.47,153.93,245.03,-0.49,0.61,0.49,-3.66,156.13,-297.47,0
-0.31,-0.51,-0.01,32.44,140.61,252.23,-0.29,0.59,0.43,-19.27,165.43,-289.42,0
-0.31,-0.41,-0.06,48.84,127.84,241.31,-0.28,0.76,0.51,-12.32,163.2,-257.5,0
-0.26,-0.44,-0.2,39.91,100.21,227.47,-0.15,0.92,0.59,-6.22,160.46,-212.74,0
-0.18,-0.31,-0.4,11.95,54.7,195.49,0.37,1.04,0.72,-2.26,187.74,-158.05,0
0.5,-0.15,-0.57,-24.05,-0.98,127.26,1.01,1.03,1.0,-19.24,150.73,-61.71,0
1.76,-0.09,-0.83,-61.07,-63.45,41.04,2.15,0.85,0.68,-39.63,80.64,87.47,0
2.78,0.17,-0.88,-131.83,-144.36,-65.27,3.1,0.27,0.01,1.37,-10.67,248.17,0
2.76,0.14,-0.71,-148.84,-198.78,-152.5,2.83,-0.07,-0.11,5.64,-31.37,286.28,0
2.84,0.08,-0.46,-92.99,-236.68,-235.43,2.27,0.06,-0.0,-22.65,-47.74,306.55,0
2.69,-0.3,0.1,-55.46,-248.87,-302.68,1.91,0.78,-0.18,27.04,-93.96,376.01,0
2.92,-0.91,0.49,-81.25,-262.2,-345.37,2.01,1.48,-0.04,52.59,-114.39,424.12,0
3.22,-1.64,1.22,-149.82,-249.91,-337.16,2.33,1.35,0.46,-23.63,-136.28,427.13,0
3.19,-2.53,1.8,-154.09,-196.37,-299.15,2.67,1.5,0.14,-87.99,-119.33,352.5,0
2.48,-2.72,2.01,-130.24,-133.66,-242.04,2.29,1.53,0.44,-102.13,-114.42,260.15,0
1.48,-2.48,1.73,-105.06,-83.9,-196.19,1.64,1.71,0.76,-72.38,-115.95,185.85,0
0.76,-2.54,1.71,-105.09,-41.98,-163.35,0.84,2.02,0.99,-66.49,-133.29,145.91,0
0.39,-2.43,1.6,-96.98,-0.09,-126.31,0.57,1.85,0.87,-89.02,-140.49,101.62,0
0.16,-2.19,1.65,-70.91,53.66,-77.26,0.28,1.49,0.78,-125.67,-111.86,41.01,0
-0.1,-1.86,1.61,-31.59,117.07,-28.11,-0.09,1.16,0.68,-134.27,-146.89,-17.04,0
-0.26,-1.5,1.33,-3.2,177.84,18.05,-0.45,0.84,0.58,-122.32,-115.61,-103.14,0
-0.39,-1.18,0.99,16.74,232.29,62.35,-0.75,0.57,0.43,-117.13,-98.45,-212.32,0
-0.19,-0.99,0.81,27.99,277.35,109.7,-0.62,0.55,0.23,-104.51,-82.71,-296.13,0
0.03,-0.72,0.54,43.72,313.72,151.74,-0.47,0.41,0.15,-88.32,-10.88,-385.76,0
0.23,-0.43,0.35,52.8,342.41,186.92,-0.42,0.39,0.07,-80.18,57.99,-448.45,0
0.31,-0.13,0.14,31.13,349.24,211.31,-0.39,0.48,-0.04,-83.23,59.91,-458.63,0
0.32,-0.04,0.08,-4.7,338.17,226.95,-0.35,0.6,-0.05,-88.9,74.45,-448.48,0
0.22,-0.01,0.01,-31.31,318.02,232.35,-0.25,0.73,0.1,-83.75,61.31,-425.43,0
0.24,-0.06,0.01,-17.9,292.62,208.9,-0.07,1.03,0.29,-63.35,27.04,-382.68,0
0.34,-0.02,0.06,9.24,262.29,145.76,0.31,1.32,0.61,-32.04,-10.88,-305.67,0
0.47,-0.09,-0.08,25.91,214.15,69.42,0.66,1.46,0.36,-38.08,-68.69,-197.93,0
0.39,0.11,-0.26,-17.93,149.12,4.45,0.98,1.2,0.12,-53.57,-107.87,-82.44,0
0.54,0.16,-0.24,-103.66,96.01,-52.87,1.0,1.16,0.07,-66.49,-66.16,-5.55,0
1.3,-0.16,-0.25,-159.82,54.66,-133.02,1.38,1.26,0.37,-112.56,-70.46,86.04,0
1.64,-0.27,-0.23,-132.71,11.43,-220.43,1.7,0.91,0.26,-129.76,-151.1,222.13,0
1.69,-0.61,0.29,-90.06,-14.24,-276.43,1.62,0.51,-0.13,-62.04,-160.18,231.13,0
1.72,-1.15,0.45,-81.16,-20.76,-295.06,1.13,0.75,-0.03,-72.56,-180.52,212.32,0
1.67,-1.82,0.56,-18.63,-6.62,-278.38,1.35,0.81,0.55,-82.38,-189.91,174.94,0
1.38,-2.14,0.98,33.02,33.26,-240.03,1.38,0.63,0.85,-74.45,-163.51,124.94,0
0.74,-2.07,0.95,-37.29,64.82,-177.62,1.09,1.17,1.07,-110.15,-155.52,52.35,0
-0.14,-1.91,0.79,-152.87,95.55,-118.05,0.26,1.42,1.33,-149.54,-152.74,10.67,0
-0.57,-1.93,0.72,-184.18,143.93,-66.83,-0.51,1.24,1.16,-201.34,-150.0,-13.9,0
-0.28,-1.85,0.73,-100.76,192.65,-44.54,-0.67,0.87,1.11,-220.82,-150.12,-65.52,0
-0.12,-1.46,0.6,-17.93,244.21,-29.76,-0.21,0.44,0.96,-188.54,-129.05,-168.23,0
-0.09,-1.1,0.36,-6.92,280.64,-16.04,-0.19,0.39,0.9,-137.8,-138.02,-207.96,0
-0.15,-0.76,0.01,-31.07,294.18,-15.76,-0.16,0.64,1.01,-117.38,-162.99,-208.41,0
-0.47,-0.96,-0.08,-72.38,298.45,-15.64,-0.4,0.85,1.13,-146.74,-159.02,-210.34,0
-0.45,-1.24,-0.02,-71.52,298.93,-10.27,-0.54,0.83,1.08,-171.43,-145.18,-216.19,0
-0.23,-1.4,0.25,-15.85,307.99,-6.1,-0.33,0.68,0.95,-131.68,-138.51,-239.73,0
-0.15,-1.3,0.42,23.9,324.82,7.2,-0.15,0.71,0.86,-76.55,-146.95,-271.8,0
-0.22,-1.02,0.35,47.93,330.03,21.59,-0.27,0.96,0.7,-62.32,-142.5,-301.71,0
-0.36,-1.03,0.44,69.66,327.8,26.8,-0.53,1.26,0.55,-63.87,-128.72,-297.41,0
-0.41,-0.89,0.52,94.91,328.02,26.37,-0.61,1.14,0.39,-66.8,-93.32,-317.23,0
-0.48,-0.56,0.48,106.01,329.24,26.1,-0.67,0.83,0.29,-44.97,-87.26,-348.6,0
-0.41,-0.36,0.35,97.71,324.48,29.21,-0.7,0.69,0.1,-26.1,-77.62,-363.35,0
-0.43,-0.24,0.14,93.29,313.23,30.15,-0.88,0.66,0.05,11.46,-90.34,-357.77,0
-0.49,-0.07,-0.02,101.01,296.46,23.93,-0.7,0.54,0.04,36.04,-105.3,-340.95,0
-0.52,0.2,-0.18,126.62,274.02,1.92,-0.57,0.45,0.05,81.43,-112.9,-325.46,0
-0.46,0.29,-0.16,166.07,245.06,-40.91,-0.57,0.56,0.06,97.93,-142.41,-268.54,0
-0.39,0.4,-0.16,176.4,210.24,-91.16,-0.46,0.71,0.11,125.15,-179.79,-189.21,0
-0.19,0.36,-0.23,157.38,160.43,-147.53,-0.29,0.71,0.13,160.18,-225.76,-100.49,0
0.13,0.2,-0.43,138.54,96.55,-213.81,0.23,1.02,0.2,164.6,-265.3,25.64,0
0.54,0.17,-0.61,115.58,22.8,-280.21,0.96,1.12,0.23,149.45,-251.86,155.0,0
0.96,0.1,-0.51,89.27,-55.85,-331.55,1.25,0.86,0.0,95.91,-183.35,257.44,0
1.47,-0.29,-0.35,14.3,-131.19,-349.82,1.19,0.61,-0.15,41.74,-121.98,323.11,0
1.78,-0.74,-0.31,-37.23,-196.19,-352.74,1.22,0.48,0.47,45.46,-210.18,341.62,0
2.2,-1.49,-0.12,-23.9,-216.68,-349.21,1.73,0.3,0.57,121.71,-176.83,339.85,0
2.62,-2.42,0.69,8.93,-196.71,-309.73,2.02,0.81,0.84,150.15,-138.96,357.07,0
2.2,-2.49,1.21,-49.76,-184.88,-239.82,2.5,1.5,0.7,78.05,-109.54,285.88,0
1.53,-2.94,1.42,-115.49,-151.13,-170.21,1.94,2.55,0.94,11.01,-47.56,227.44,0
0.98,-3.02,1.44,-61.07,-103.35,-130.79,0.95,2.21,0.96,-88.32,-43.6,215.37,0
0.58,-2.5,1.56,-0.64,-49.7,-99.6,0.83,1.48,1.07,-82.56,-83.29,125.24,0
0.15,-2.04,1.38,-3.66,-5.43,-65.09,0.42,1.39,1.02,-79.82,-88.17,58.32,0
-0.25,-1.88,1.2,-40.95,27.99,-26.34,-0.03,1.55,0.87,-102.44,-68.87,29.15,0
-0.63,-1.59,1.0,-77.47,47.01,3.02,-0.3,1.36,0.86,-132.84,-57.1,-7.29,0
-1.14,-1.65,0.93,-115.3,71.59,43.2,-0.75,1.29,0.95,-132.56,-23.9,-43.87,0
-1.11,-1.17,0.96,-97.35,110.79,87.13,-0.92,0.87,0.55,-181.55,44.39,-119.91,0
-0.81,-1.01,0.93,-28.57,154.7,131.46,-0.88,0.63,0.16,-163.14,95.7,-190.82,0
-0.57,-0.73,0.71,36.86,186.59,170.61,-1.01,0.28,0.1,-97.44,124.12,-246.25,0
-0.42,-0.41,0.46,61.77,200.24,196.25,-0.84,0.4,-0.04,-30.18,112.1,-293.87,0
-0.35,-0.24,0.34,63.6,201.83,207.16,-0.59,0.65,0.28,22.35,81.65,-327.84,0
-0.4,-0.23,0.27,60.85,202.71,201.22,-0.76,0.77,0.5,32.35,67.29,-310.37,0
-0.43,-0.2,0.16,52.16,191.77,181.74,-0.44,0.99,0.5,7.13,59.33,-275.34,0
-0.46,-0.28,0.04,22.16,165.67,152.44,-0.19,1.15,0.59,-25.64,48.78,-244.12,0
-0.34,-0.36,-0.02,15.27,134.73,116.4,0.07,1.11,0.63,-23.69,31.01,-189.6,0
-0.24,-0.17,-0.02,17.53,101.8,67.96,0.19,0.95,0.55,-28.6,25.18,-118.72,0
-0.1,-0.18,-0.09,20.73,67.44,20.21,0.39,0.82,0.5,-15.76,13.96,-51.31,0
0.29,-0.18,-0.24,16.65,39.39,-34.91,0.5,0.78,0.69,16.04,-30.43,-2.53,0
1.26,-0.08,-0.37,-3.63,18.14,-101.19,1.25,0.65,0.58,-3.72,-44.48,58.9,0
2.05,-0.05,-0.6,-2.35,-47.38,-176.65,2.32,0.11,0.26,16.22,-105.95,161.83,0
2.12,-0.08,-0.56,-0.24,-121.68,-218.48,2.46,-0.19,-0.17,53.48,-129.12,209.45,0
2.13,-0.38,-0.32,-42.44,-169.63,-237.38,1.94,0.29,-0.4,67.44,-88.63,214.6,0
2.15,-0.66,-0.18,-91.34,-212.56,-255.82,1.7,0.83,0.12,78.11,-100.64,278.32,0
2.13,-1.04,0.02,-94.85,-227.32,-267.26,1.9,0.89,0.59,97.38,-99.7,333.96,0
2.29,-1.82,0.64,-62.04,-215.55,-268.11,1.86,1.27,0.61,62.2,-86.74,336.37,0
2.17,-2.24,1.11,-49.57,-202.74,-238.81,1.94,1.44,0.52,30.06,-86.22,292.2,0
1.74,-2.33,1.33,-71.8,-182.77,-189.21,1.76,1.63,0.61,32.32,-62.65,256.04,0
1.09,-2.54,1.38,-81.1,-158.35,-144.33,1.09,2.08,0.93,5.3,-67.8,210.3,0
0.66,-2.67,1.52,-35.03,-110.67,-113.35,0.26,1.97,0.97,-52.9,-79.85,106.92,0
0.36,-2.29,1.63,15.55,-60.55,-81.74,0.87,1.35,0.47,-36.4,-63.96,56.8,0
-0.03,-2.07,1.52,28.17,-19.79,-38.32,0.63,1.75,0.74,-11.59,-74.97,71.34,0
-0.47,-1.84,1.24,35.09,10.18,11.16,-0.11,1.3,0.67,-3.51,-46.31,123.45,0
-0.74,-1.58,1.07,50.79,30.4,49.21,-0.56,1.35,0.38,-24.02,-21.89,9.39,0
-0.83,-1.42,0.94,75.34,51.1,94.94,-0.69,0.92,0.42,-53.72,55.88,-104.85,0
-0.58,-1.37,0.62,114.7,66.19,142.35,-0.58,0.61,0.32,24.42,133.51,-189.66,0
-0.52,-1.13,0.2,139.18,67.87,186.04,-0.26,0.58,0.31,83.29,122.32,-191.62,0
-0.29,-1.27,0.08,137.59,53.99,238.38,-0.24,0.7,0.46,135.52,170.34,-220.67,0
-0.19,-1.21,-0.2,155.82,44.18,271.31,-0.07,0.79,0.81,128.51,227.26,-228.81,0
-0.07,-1.29,-0.43,162.9,30.64,286.92,0.24,0.88,1.12,46.1,276.19,-216.04,0
0.05,-1.29,-0.58,106.95,4.02,304.36,0.29,0.86,1.05,-10.76,307.96,-157.26,0
0.13,-1.27,-0.7,26.22,-50.24,322.84,0.43,0.68,1.06,-18.57,338.93,-89.36,0
0.2,-1.34,-0.59,-25.12,-105.85,336.37,0.35,0.64,1.08,-21.52,359.57,-15.37,0
0.24,-1.41,-0.48,-43.23,-156.37,338.54,0.36,0.71,1.06,-20.24,390.55,26.22,0
0.28,-1.48,-0.36,-44.73,-200.79,334.18,0.18,0.67,1.1,-9.63,381.49,79.09,0
0.24,-1.44,-0.27,-50.7,-239.79,332.93,0.14,0.62,1.05,21.46,383.9,117.29,0
0.19,-1.48,-0.26,-46.1,-271.28,333.9,-0.09,0.52,1.08,64.21,393.23,127.2,0
0.15,-1.41,-0.25,-29.85,-286.22,334.36,-0.25,0.58,1.11,69.15,407.41,133.93,0
0.06,-1.28,-0.24,-29.94,-290.15,341.25,-0.4,0.55,1.06,33.08,423.63,150.37,0
-0.13,-1.1,-0.19,-50.4,-291.62,347.16,-0.69,0.34,1.12,4.18,431.1,151.25,0
-0.44,-1.16,-0.05,-67.71,-281.19,344.51,-1.06,0.29,1.31,-0.67,415.95,145.4,0
-0.67,-1.21,-0.12,-68.54,-259.05,333.66,-1.07,0.39,1.41,3.05,399.76,128.26,0
-0.46,-1.05,-0.29,-91.07,-247.5,329.51,-0.72,0.34,1.14,-50.58,410.85,129.09,0
-0.16,-0.8,-0.46,-142.93,-259.45,328.66,-0.43,0.06,0.82,-87.1,418.23,143.84,0
-0.07,-0.74,-0.45,-175.34,-277.32,317.99,-0.49,-0.06,0.76,-69.91,393.99,160.67,0
-0.05,-0.75,-0.42,-168.72,-281.8,291.52,-0.6,-0.03,0.98,-36.34,337.07,176.07,0
0.0,-0.67,-0.46,-144.36,-274.45,246.92,-0.47,-0.12,1.15,-9.12,287.29,176.95,0
0.15,-0.42,-0.66,-143.78,-263.66,196.43,-0.14,-0.15,1.21,5.98,243.66,193.02,0
0.16,-0.41,-0.71,-143.17,-263.45,142.35,0.03,-0.1,1.04,3.57,200.34,215.79,0
0.29,-0.43,-0.53,-127.84,-254.3,95.37,0.08,-0.08,0.91,-8.38,169.27,230.52,0
0.49,-0.29,-0.41,-111.16,-240.43,44.36,0.32,-0.16,0.82,12.29,144.45,221.65,0
0.84,-0.17,-0.44,-108.14,-215.67,-17.01,0.58,-0.17,1.01,24.39,95.24,214.94,0
1.14,-0.17,-0.7,-92.32,-207.53,-83.32,0.81,-0.0,1.02,-13.69,6.52,257.01,0
1.46,-0.31,-0.64,-62.74,-214.85,-139.39,1.18,-0.05,0.57,-1.71,-53.02,274.85,0
1.68,-0.16,-0.38,-78.9,-234.66,-183.38,1.41,0.02,0.17,39.76,-60.43,289.91,0
1.99,-0.26,-0.11,-121.19,-255.46,-218.81,1.56,0.33,0.09,75.24,-79.85,316.19,0
2.38,-0.61,0.02,-122.56,-265.4,-247.44,1.81,0.72,-0.03,56.16,-85.24,339.66,0
2.75,-1.04,0.78,-58.29,-253.81,-266.95,2.21,1.13,-0.21,39.02,-83.17,356.52,0
3.08,-1.98,1.38,-28.41,-232.07,-243.23,2.63,1.44,-0.05,46.59,-72.35,329.02,0
2.76,-1.88,1.51,-47.44,-218.93,-178.17,2.59,1.03,-0.08,14.3,-32.59,258.81,0
2.17,-2.02,1.62,-80.64,-201.4,-115.3,2.16,1.63,0.12,54.12,-9.76,237.35,0
1.57,-2.34,1.73,-53.96,-177.9,-87.96,1.66,2.17,0.66,79.21,-13.48,213.08,0
1.16,-2.37,1.75,15.09,-141.04,-80.03,1.18,1.98,0.84,24.79,-10.76,161.16,0
0.71,-2.05,1.64,48.17,-106.37,-58.9,1.2,1.67,0.58,-5.79,-30.24,139.82,0
0.25,-1.86,1.52,20.18,-76.8,-27.29,0.52,1.74,0.86,22.53,-20.95,101.16,0
-0.18,-1.63,1.51,-5.88,-40.27,2.1,-0.08,1.45,0.86,-19.3,-22.96,63.93,0
-0.27,-1.66,1.53,6.22,13.99,33.81,-0.49,1.28,0.69,-49.18,-20.06,12.1,0
-0.42,-1.51,1.28,33.81,64.09,70.88,-0.22,1.13,0.43,-56.86,-41.62,-42.71,0
-0.64,-1.26,1.02,33.29,105.0,118.51,-0.58,0.76,0.55,-51.98,8.41,-144.66,0
-0.82,-1.1,0.69,19.18,131.95,171.19,-0.69,0.67,0.4,-37.87,86.07,-220.09,0
-0.72,-0.84,0.43,28.38,148.38,219.15,-0.7,0.52,0.27,-44.51,180.4,-284.7,0
-0.47,-0.55,0.25,53.69,154.66,252.77,-0.64,0.43,0.15,-25.64,234.27,-315.88,0
-0.29,-0.4,0.14,84.12,155.67,269.15,-0.58,0.47,0.22,8.96,215.06,-315.3,0
-0.26,-0.37,0.05,118.02,148.38,262.68,-0.61,0.55,0.4,49.24,181.74,-292.1,0
-0.41,-0.24,-0.13,125.95,128.96,236.19,-0.39,0.72,0.64,84.97,146.55,-265.37,0
-0.27,-0.22,-0.21,93.87,101.04,198.17,-0.12,0.99,0.9,74.12,138.11,-214.39,0
0.04,-0.12,-0.35,48.57,62.35,145.49,0.41,0.91,0.86,22.04,122.38,-147.29,0
0.36,-0.16,-0.49,15.61,15.91,86.77,0.79,0.66,0.67,14.94,88.57,-56.65,0
0.58,-0.05,-0.51,15.76,-24.27,25.43,0.99,0.47,0.57,32.5,43.32,33.78,0
1.02,-0.14,-0.59,-2.29,-48.81,-33.9,1.19,0.31,0.62,22.71,10.15,78.2,0
1.69,-0.06,-0.81,-33.23,-90.76,-97.16,1.66,0.12,0.58,-9.88,-63.84,159.39,0
2.16,0.14,-0.83,-61.89,-146.71,-159.51,2.36,-0.21,0.18,23.69,-85.12,222.26,0
2.11,0.09,-0.62,-73.84,-185.76,-207.26,2.05,-0.1,-0.07,59.05,-86.8,227.35,0
2.2,-0.29,-0.31,-73.26,-205.06,-238.63,1.57,0.42,-0.25,14.51,-93.81,269.39,0
2.63,-0.71,0.06,-73.11,-226.62,-268.48,1.88,0.91,-0.18,42.44,-103.08,337.32,0
2.87,-0.87,0.64,-96.04,-237.71,-276.74,2.68,0.67,0.3,84.3,-140.7,354.12,0
3.26,-1.77,1.14,-101.34,-206.19,-254.02,2.9,1.26,0.06,-17.29,-93.08,297.2,0
3.08,-2.2,1.6,-88.96,-162.26,-208.02,2.39,1.4,-0.06,-70.18,-71.4,256.74,0
2.31,-2.04,1.58,-103.69,-130.58,-157.65,2.24,1.32,0.21,-10.7,-85.52,222.44,0
1.66,-2.41,1.65,-94.45,-103.63,-122.77,1.86,1.84,0.75,26.98,-71.37,176.07,0
1.3,-2.55,1.66,-42.29,-67.68,-105.46,1.29,1.94,0.76,9.88,-72.56,128.2,0
0.88,-2.34,1.57,-14.12,-33.66,-77.04,1.17,1.74,0.63,-30.4,-68.81,89.73,0
0.47,-2.16,1.58,-28.96,-2.84,-32.53,0.71,1.79,0.83,-22.68,-52.93,101.86,0
0.04,-1.92,1.48,-22.16,45.06,9.12,0.22,1.24,0.87,-65.21,-66.89,11.22,0
-0.13,-1.72,1.43,15.95,101.31,34.76,-0.44,1.13,0.82,-45.4,-127.74,-45.49,0
-0.55,-1.41,1.14,58.63,153.45,65.58,-0.57,0.89,0.59,-87.9,-115.91,-134.79,0
-0.75,-1.15,0.77,68.63,201.13,104.39,-0.88,0.68,0.63,-65.79,-65.82,-237.35,0
-0.84,-0.68,0.34,69.05,239.02,147.5,-1.06,0.47,0.3,-89.3,53.48,-344.09,0
-0.61,-0.4,0.05,66.98,259.7,190.43,-0.91,0.2,-0.06,-90.46,176.98,-420.03,0
-0.34,-0.1,-0.14,55.49,259.42,233.99,-0.75,0.14,-0.14,-47.47,226.98,-446.13,0
-0.1,0.06,-0.16,57.47,247.32,262.07,-0.69,0.19,-0.15,-3.9,137.35,-401.01,0
-0.07,0.15,-0.14,80.0,230.27,263.93,-0.6,0.31,0.03,16.46,109.18,-372.35,0
-0.29,0.09,-0.17,100.82,210.21,240.95,-0.6,0.59,0.28,36.74,82.07,-326.31,0
-0.4,0.02,-0.14,99.51,184.54,201.13,-0.48,0.89,0.57,55.46,36.49,-267.04,0
-0.27,0.03,-0.16,67.5,144.79,143.05,-0.11,1.24,0.77,60.18,12.53,-194.94,0
0.09,-0.05,-0.26,2.01,89.97,73.38,0.58,1.47,0.78,26.07,-5.21,-93.11,0
0.55,-0.13,-0.49,-68.48,18.23,4.97,1.38,1.35,0.46,-15.52,-12.23,37.56,0
1.21,-0.16,-0.72,-119.45,-49.18,-64.33,2.0,1.01,0.07,-10.0,-18.48,149.91,0
2.11,-0.14,-0.59,-122.07,-105.67,-143.45,2.24,0.46,0.11,-79.36,24.73,200.73,0
2.78,-0.19,-0.15,-72.68,-144.45,-222.9,2.32,0.09,0.06,-65.58,-61.1,257.56,0
2.68,-0.31,0.05,-20.55,-174.42,-286.59,2.22,0.18,-0.17,47.2,-121.65,274.66,0
2.66,-0.66,-0.14,-40.98,-193.29,-303.45,2.14,0.68,-0.3,102.23,-128.38,297.04,0
2.88,-0.74,0.1,-60.34,-204.79,-309.97,2.2,1.02,0.27,29.54,-136.59,328.02,0
3.07,-1.34,0.86,-94.79,-176.16,-300.0,2.48,0.84,0.3,-65.55,-146.83,343.23,0
3.03,-2.11,1.44,-107.87,-108.14,-281.34,2.31,1.24,0.63,-98.45,-154.97,276.52,0
2.37,-2.28,1.19,-139.51,-45.64,-247.53,1.96,1.11,0.92,-167.93,-174.57,223.78,0
1.65,-2.19,0.75,-208.57,7.87,-205.61,1.62,1.07,1.13,-209.27,-150.27,146.86,0
1.07,-2.28,0.64,-253.69,59.48,-160.64,1.23,1.13,1.24,-226.01,-154.97,64.6,0
0.73,-2.25,0.52,-232.96,112.35,-139.6,0.4,1.6,1.49,-208.17,-223.17,96.01,0
0.38,-2.14,0.42,-199.94,167.2,-116.74,0.43,0.71,1.43,-274.18,-156.89,-44.76,0
-0.01,-1.98,0.34,-171.04,215.06,-76.65,0.04,0.58,1.38,-265.21,-172.8,-94.66,0
-0.02,-1.61,0.13,-173.54,250.85,-28.78,-0.22,0.54,1.1,-282.62,-174.48,-110.06,0
-0.12,-1.4,0.06,-180.34,272.44,17.65,-0.27,0.73,0.95,-248.93,-112.07,-147.2,0
-0.17,-1.12,0.06,-173.45,285.79,49.15,-0.13,0.49,0.84,-232.16,-83.48,-181.49,0
-0.14,-0.87,0.1,-150.37,290.67,65.12,-0.08,0.56,0.73,-243.23,-102.96,-204.21,0
-0.02,-0.86,0.22,-141.34,294.3,79.12,-0.17,0.72,0.69,-213.38,-74.15,-217.41,0
-0.03,-0.66,0.31,-136.59,295.3,86.49,-0.18,0.74,0.61,-209.94,-57.07,-225.95,0
0.06,-0.83,0.43,-108.29,303.41,91.74,-0.13,0.83,0.57,-199.15,-65.15,-233.38,0
-0.0,-0.7,0.51,-81.4,316.71,95.09,-0.09,0.94,0.51,-208.81,-62.04,-251.52,0
0.0,-0.63,0.58,-75.88,323.08,100.21,-0.18,0.91,0.4,-200.15,-53.54,-275.15,0
-0.0,-0.47,0.57,-80.12,320.18,111.59,-0.24,0.91,0.23,-201.71,-29.73,-294.82,0
0.08,-0.69,0.84,-61.62,328.54,121.71,-0.39,1.01,0.19,-168.93,-24.88,-309.18,0
0.12,-0.79,0.86,-13.2,341.19,119.63,-0.47,1.07,0.31,-128.66,-6.43,-358.66,0
-0.01,-0.65,0.66,34.73,349.79,108.93,-0.37,1.07,0.44,-98.9,-14.39,-392.59,0
-0.11,-0.48,0.45,61.62,352.13,94.66,-0.47,1.11,0.35,-97.9,-9.51,-400.61,0
-0.24,-0.28,0.31,58.93,338.32,80.37,-0.57,1.05,0.2,-81.19,-7.59,-389.02,0
-0.35,-0.19,0.34,60.46,324.3,66.25,-0.7,0.91,0.12,-42.32,-36.28,-363.75,0
-0.37,-0.15,0.32,86.74,312.23,43.81,-0.76,0.81,0.06,11.86,-71.22,-337.96,0
-0.33,-0.08,0.27,127.53,298.6,13.66,-0.52,0.89,0.04,59.48,-121.71,-308.75,0
-0.47,-0.0,0.17,166.95,281.04,-24.79,-0.59,0.68,0.14,90.91,-173.6,-283.72,0
-0.64,0.06,0.08,190.79,263.69,-68.11,-0.68,0.76,0.21,116.43,-205.09,-236.74,0
-0.62,0.11,-0.11,185.79,235.0,-107.26,-0.61,0.77,0.23,105.0,-218.35,-195.06,0
-0.46,0.23,-0.28,162.07,190.52,-139.79,-0.39,0.65,0.18,86.01,-208.84,-133.54,0
-0.14,0.33,-0.31,137.16,142.01,-174.45,-0.14,0.67,0.03,81.95,-200.18,-37.5,0
0.21,0.35,-0.33,121.4,89.97,-218.45,0.21,0.52,0.11,80.18,-219.54,68.05,0
0.53,0.13,-0.31,110.09,36.1,-258.08,0.41,0.27,0.13,82.62,-225.34,107.41,0
0.83,-0.07,-0.43,98.35,-18.35,-300.43,0.73,0.48,0.22,93.72,-254.24,169.82,0
1.21,-0.13,-0.57,73.11,-75.43,-339.33,1.16,0.53,0.34,55.58,-243.63,231.43,0
1.53,-0.24,-0.62,1.55,-152.23,-357.04,1.5,0.39,0.28,9.82,-216.04,275.67,0
2.1,-0.96,-0.48,-58.54,-224.82,-352.96,1.67,0.73,0.01,53.02,-187.62,338.84,0
2.7,-1.45,0.11,-111.92,-257.77,-345.34,1.93,0.69,0.75,131.98,-228.2,375.37,0
3.27,-2.27,0.87,-117.26,-231.43,-307.8,2.98,0.57,0.57,130.91,-148.6,322.77,0
3.25,-2.98,1.23,-91.65,-181.83,-219.09,2.91,1.66,0.46,-6.55,-82.71,275.34,0
2.27,-2.89,1.44,-67.68,-144.33,-151.31,2.08,1.88,0.86,-27.87,-67.59,254.48,0
1.37,-2.81,1.52,-67.84,-114.12,-112.04,1.64,1.79,1.16,-46.28,-56.68,193.87,0
0.96,-2.62,1.35,-60.24,-82.68,-81.31,1.31,1.94,1.08,-49.05,-50.88,137.41,0
0.63,-2.35,1.24,-58.99,-69.54,-65.88,1.11,2.0,1.01,-41.16,-32.74,111.43,0
0.01,-2.36,1.41,-65.43,-47.1,-49.88,0.48,1.9,1.41,-76.59,-77.01,121.43,0
-0.37,-2.17,1.44,-76.86,2.87,-19.82,-0.45,1.3,1.33,-123.32,-95.37,33.9,0
-0.48,-1.8,1.35,-48.6,56.28,8.2,-0.22,1.12,0.9,-117.87,-62.71,30.64,0
-0.61,-1.33,1.2,3.81,111.31,29.18,-0.77,0.93,0.77,-132.35,-28.96,-79.21,0
-0.89,-1.03,0.96,32.65,155.06,55.15,-0.71,0.66,0.61,-115.21,-3.72,-201.49,0
-1.02,-0.9,0.64,29.54,190.52,89.21,-1.19,0.61,0.49,-73.63,53.35,-258.17,0
-0.82,-0.63,0.32,42.84,213.14,121.98,-1.03,0.42,0.14,-69.33,108.11,-291.92,0
-0.56,-0.28,0.15,59.48,222.93,155.95,-0.69,0.21,-0.18,-45.15,186.46,-342.8,0
-0.4,-0.0,0.1,60.64,223.6,184.15,-0.73,0.21,-0.15,-3.41,164.45,-341.62,0
-0.47,-0.04,0.04,57.47,218.93,203.54,-0.97,0.31,0.11,23.69,106.49,-326.68,0
-0.58,-0.11,-0.1,59.79,205.46,203.84,-0.74,0.54,0.31,63.02,50.85,-302.2,0
-0.62,-0.12,-0.16,52.71,178.81,183.6,-0.49,0.73,0.54,77.04,31.55,-260.95,0
-0.57,-0.18,-0.11,51.52,146.98,146.34,-0.34,0.92,0.62,50.98,11.59,-208.14,0
-0.51,-0.16,-0.07,58.69,108.35,97.5,-0.11,1.1,0.6,47.53,-14.15,-141.37,0
-0.33,-0.17,-0.06,53.41,68.29,40.73,0.07,1.05,0.76,56.01,-18.14,-72.07,0
0.18,-0.11,-0.27,21.07,34.82,-31.89,0.41,1.49,0.91,43.78,-36.1,41.89,0
0.98,-0.13,-0.6,-35.58,-8.45,-111.04,1.36,0.97,0.79,-12.29,-54.36,93.02,0
1.86,-0.25,-0.75,-67.38,-76.1,-175.55,2.1,0.31,0.32,-31.55,-96.43,201.22,0
2.34,-0.11,-0.68,-79.88,-142.74,-223.78,2.39,-0.23,0.01,32.35,-133.08,238.84,0
2.91,-0.32,-0.49,-65.95,-175.37,-261.04,2.49,-0.05,-0.3,54.45,-120.58,251.55,0
3.45,-0.88,-0.26,-50.3,-202.5,-284.85,2.86,0.6,-0.28,82.99,-128.81,305.37,0
3.32,-1.36,0.36,-84.79,-216.8,-276.59,3.12,0.64,0.06,128.99,-96.71,343.69,0
3.14,-1.91,0.82,-160.55,-215.82,-230.4,2.84,1.33,0.14,35.67,-58.32,332.71,0
2.52,-2.54,1.18,-165.15,-197.16,-179.97,2.32,1.88,0.51,-26.34,-18.75,297.68,0
1.74,-2.63,1.34,-82.71,-167.96,-150.24,1.48,1.67,0.8,-48.6,-38.51,233.54,0
1.16,-2.57,1.26,-2.26,-134.45,-131.65,0.85,1.94,0.91,-24.94,-56.25,158.87,0
0.66,-2.2,1.42,-12.07,-116.52,-104.66,0.4,1.86,0.3,-4.73,-65.43,-36.1,0
0.15,-2.02,1.69,-47.23,-79.97,-67.71,2.18,1.39,0.32,1.92,-27.29,100.34,0
0.14,-2.05,1.49,-5.18,-17.8,-40.95,0.92,1.49,1.07,41.95,-82.01,141.46,0
-0.22,-1.91,1.47,36.83,33.93,-21.1,-1.17,1.64,1.35,-95.64,-88.51,153.17,0
-0.66,-1.62,1.31,18.99,65.76,11.07,-0.9,1.11,0.71,-91.68,-139.91,81.34,0
-0.83,-1.38,0.96,-52.56,92.53,47.9,-0.65,1.12,0.52,-127.56,-49.42,-95.73,0
-0.91,-1.21,0.74,-12.41,122.5,103.9,-0.67,0.66,0.32,-121.74,55.88,-196.46,0
-0.69,-1.16,0.69,34.12,144.27,150.58,-0.83,0.36,0.18,-67.77,120.49,-250.85,0
-0.41,-0.88,0.43,95.7,163.2,199.33,-0.87,0.25,-0.08,0.03,174.6,-309.66,0
-0.29,-0.64,0.13,134.24,176.34,240.15,-0.64,0.34,0.09,84.63,166.55,-356.46,0
-0.32,-0.4,-0.09,150.21,175.21,267.99,-0.61,0.51,0.34,102.16,144.54,-344.36,0
-0.41,-0.4,-0.11,146.98,167.56,279.12,-0.65,0.7,0.51,57.26,139.27,-315.82,0
-0.4,-0.65,-0.05,114.76,154.88,279.27,-0.56,0.93,0.7,36.77,166.25,-297.74,0
-0.52,-0.87,-0.08,84.66,131.98,274.51,-0.4,0.94,0.98,38.17,176.04,-280.37,0
-0.67,-1.02,-0.11,64.09,115.09,261.04,-0.45,1.03,1.32,13.87,165.4,-247.77,0
-0.71,-1.17,-0.37,40.7,87.9,243.78,-0.21,1.31,1.47,-37.77,171.49,-200.37,0
-0.59,-1.13,-0.61,-1.43,37.65,218.72,0.16,1.29,1.42,-95.12,190.3,-132.74,0
-0.25,-1.11,-0.71,-29.97,-24.66,189.39,0.51,1.08,1.19,-123.6,212.38,-39.21,0
0.26,-1.05,-0.84,-47.13,-92.47,149.39,0.88,1.06,1.19,-95.12,203.41,79.15,0
0.99,-0.99,-0.96,-51.89,-174.18,95.52,1.43,0.73,1.09,-57.38,187.38,190.88,0
1.55,-0.77,-0.88,-54.7,-256.13,37.16,1.73,0.24,0.66,20.64,145.49,285.82,0
1.64,-0.42,-0.73,-68.48,-322.26,-8.54,1.63,0.14,0.35,96.13,125.61,312.5,0
1.71,-0.33,-0.73,-68.93,-386.16,-48.11,1.36,0.45,0.24,150.46,100.0,344.54,0
1.97,-0.55,-0.46,-69.18,-437.93,-82.8,1.28,0.77,0.05,149.36,94.54,413.29,0
2.15,-0.71,-0.12,-61.59,-478.48,-112.38,1.55,1.11,-0.11,183.69,123.63,462.23,0
2.44,-1.35,0.68,-65.88,-498.93,-114.63,1.58,1.68,0.08,247.07,149.18,488.17,0
2.79,-1.92,1.32,-46.71,-480.61,-97.41,1.58,1.99,0.39,201.04,151.37,453.78,0
2.59,-2.34,2.08,5.82,-426.92,-55.67,1.71,1.6,0.22,137.1,159.27,369.45,0
1.68,-2.22,2.25,49.76,-365.0,-7.23,1.15,1.88,0.46,143.87,157.13,259.85,0
0.74,-2.18,2.06,93.45,-304.6,21.28,0.92,1.91,0.38,164.33,132.35,210.91,0
0.11,-1.91,1.8,130.49,-255.91,58.84,-0.08,2.21,0.32,93.23,139.48,168.66,0
-0.27,-1.79,1.65,178.57,-212.56,100.15,-0.25,1.82,0.06,77.23,181.49,102.93,0
-0.35,-1.38,1.42,264.51,-174.3,125.55,-0.26,1.27,-0.15,94.57,205.95,89.6,0
0.25,-0.56,0.72,289.7,-199.88,205.91,-0.46,0.81,-0.2,203.9,204.7,87.8,0
-0.4,-0.57,0.59,283.87,-203.45,237.9,-0.7,0.89,0.17,314.54,203.87,37.62,0
-0.38,-1.15,0.49,215.64,-211.22,285.98,-0.73,1.23,0.59,365.82,229.7,-18.93,0
-0.62,-0.99,0.17,201.1,-204.12,319.36,-0.86,0.88,1.02,361.34,250.21,-63.45,0
-0.72,-1.23,-0.12,192.07,-190.21,329.54,-0.65,0.69,1.28,322.74,309.15,-84.82,0
-0.51,-1.58,-0.26,205.4,-158.17,332.59,-0.7,0.74,1.52,265.58,369.73,-117.35,0
-0.43,-1.35,-0.33,200.7,-128.14,344.82,-0.78,0.57,1.6,201.37,377.16,-140.21,0
-0.32,-1.24,-0.44,173.78,-104.51,356.22,-0.53,0.41,1.44,167.38,370.12,-145.52,0
-0.27,-1.12,-0.44,134.6,-92.96,363.38,-0.46,0.3,1.23,148.9,363.26,-144.73,0
-0.15,-1.08,-0.38,108.38,-85.88,361.07,-0.46,0.45,1.28,142.9,344.05,-140.46,0
-0.23,-0.92,-0.3,92.44,-73.41,345.7,-0.54,0.43,1.36,103.35,343.32,-140.76,0
-0.33,-0.8,-0.2,84.21,-48.38,325.12,-0.59,0.38,1.23,86.13,301.07,-134.3,0
-0.12,-0.79,-0.19,71.1,-31.4,307.56,-0.4,0.2,1.02,74.79,257.77,-138.45,0
-0.05,-0.65,-0.32,62.77,-29.88,281.46,-0.03,0.42,1.18,96.92,229.09,-126.71,0
-0.08,-0.38,-0.5,8.9,-41.16,236.52,0.21,0.74,1.39,23.14,212.84,-92.16,0
-0.06,-0.43,-0.43,-58.23,-61.8,188.05,0.26,0.74,1.15,-51.4,190.82,-17.23,0
0.13,-0.47,-0.36,-110.34,-81.92,140.98,0.37,0.55,0.84,-39.82,166.49,54.05,0
0.42,-0.47,-0.33,-107.77,-94.39,81.62,0.55,0.23,1.08,-30.82,129.12,85.76,0
1.04,-0.3,-0.71,-106.28,-92.8,-3.02,1.03,0.42,1.46,-66.4,82.56,109.57,0
1.67,-0.43,-0.83,-69.36,-113.41,-89.18,1.81,-0.06,1.01,-72.68,-16.49,191.1,0
1.71,-0.17,-0.6,-74.76,-143.02,-143.05,1.86,-0.37,0.3,9.88,-53.9,206.01,0
1.56,0.03,-0.45,-112.96,-168.05,-175.03,1.43,-0.03,0.04,28.6,-46.49,199.18,0
1.94,-0.26,-0.28,-134.18,-175.0,-209.21,1.21,0.73,0.04,-9.57,-87.84,248.72,0
2.41,-0.48,-0.16,-161.8,-197.8,-269.21,2.13,1.21,0.07,-3.17,-124.94,332.38,0
2.7,-0.8,-0.18,-218.54,-240.43,-303.87,2.9,1.26,-0.12,-41.65,-83.75,395.79,0
3.11,-1.5,0.78,-248.48,-239.05,-301.98,2.1,1.4,0.04,-120.43,-67.2,389.39,0
3.44,-2.35,1.34,-197.16,-199.02,-270.7,2.25,1.21,-0.3,-138.41,-68.6,308.38,0
3.08,-2.59,1.67,-103.6,-142.9,-204.97,2.58,0.95,0.06,-32.71,-87.74,250.21,0
2.29,-2.37,1.59,-57.23,-103.35,-157.1,2.26,1.63,0.48,61.37,-101.25,226.28,0
1.66,-2.5,1.45,-41.07,-87.62,-139.42,1.94,2.28,0.75,49.45,-102.07,169.6,0
1.11,-2.42,1.32,-56.07,-83.14,-128.66,1.55,2.6,0.69,-44.54,-61.16,159.18,0
0.78,-2.37,1.39,-85.52,-74.09,-100.61,1.11,2.31,0.55,-80.58,-23.84,165.37,0
0.63,-2.31,1.57,-83.93,-47.93,-59.51,0.71,1.62,0.6,-99.6,-23.05,113.26,0
0.18,-2.18,1.4,-49.05,-18.54,-19.21,0.36,1.39,0.67,-98.6,-23.96,63.05,0
-0.43,-2.11,1.29,-12.26,8.38,28.23,-0.21,1.35,0.87,-48.08,-67.38,17.96,0
-0.84,-1.82,1.22,24.94,49.27,71.8,-0.8,1.17,0.83,-24.27,-77.26,-10.95,0
-0.92,-1.44,1.12,60.61,99.18,120.15,-0.95,0.9,0.55,-79.42,1.95,-112.84,0
-0.68,-1.09,0.89,87.8,143.38,170.67,-0.8,0.68,0.29,-89.15,91.4,-229.63,0
-0.55,-0.75,0.63,94.85,173.9,216.98,-0.84,0.47,0.08,-48.32,154.45,-312.47,0
-0.41,-0.58,0.35,96.31,193.93,259.09,-0.89,0.34,-0.01,-23.05,216.01,-370.21,0
-0.22,-0.3,0.14,108.72,204.79,286.68,-0.68,0.34,0.07,18.08,215.18,-394.27,0
-0.06,-0.13,0.04,122.84,207.62,295.09,-0.58,0.46,0.18,29.73,214.15,-383.96,0
-0.04,-0.07,-0.04,134.54,202.62,282.13,-0.6,0.53,0.3,29.48,197.47,-365.0,0
-0.26,-0.05,-0.1,129.79,186.22,253.23,-0.51,0.76,0.48,53.57,131.22,-321.71,0
-0.4,-0.2,-0.14,123.41,167.07,213.02,-0.42,0.81,0.75,68.72,91.83,-278.11,0
-0.37,-0.15,-0.22,100.82,137.07,158.72,-0.18,1.14,0.95,52.93,45.0,-202.9,0
-0.06,-0.15,-0.38,45.06,95.73,92.71,0.52,1.31,1.02,-7.1,45.03,-124.42,0
0.45,-0.26,-0.54,-18.66,39.24,21.25,1.13,1.29,0.72,-84.85,44.54,12.01,0
0.96,-0.3,-0.64,-57.62,-23.57,-39.27,1.54,0.48,0.47,-82.1,-3.32,117.96,0
1.23,-0.28,-0.71,-72.01,-83.38,-90.61,1.56,0.03,0.39,-31.92,-11.74,142.71,0
1.86,-0.22,-0.71,-71.28,-130.34,-145.55,1.79,0.2,0.4,6.34,-64.12,188.23,0
2.44,-0.05,-0.47,-57.68,-182.23,-208.54,2.29,0.14,0.24,46.62,-120.0,256.86,0
2.43,-0.4,-0.15,-79.97,-217.77,-248.93,2.29,0.36,-0.19,103.17,-113.51,287.29,0
2.4,-0.61,-0.16,-76.8,-239.85,-273.05,1.92,0.93,-0.32,59.91,-73.72,322.41,0
2.47,-0.9,0.51,-89.82,-255.76,-271.46,1.76,1.28,0.12,40.98,-94.18,370.0,0
2.85,-1.58,1.23,-115.88,-238.81,-256.49,2.11,1.16,0.33,46.55,-116.62,358.96,0
2.84,-1.98,1.35,-94.05,-201.49,-228.2,2.62,1.23,0.22,-7.59,-74.6,264.91,0
2.51,-2.15,1.51,-66.62,-160.91,-183.08,2.14,1.51,0.18,-32.71,-69.39,244.76,0
1.81,-2.15,1.59,-57.38,-132.07,-147.62,1.85,1.67,0.42,11.16,-77.44,217.84,0
1.27,-2.08,1.51,-60.52,-111.95,-125.43,1.47,1.93,0.69,4.21,-59.45,174.39,0
0.94,-2.06,1.48,-55.12,-91.86,-101.98,1.1,1.96,0.57,-20.03,-56.55,142.93,0
0.78,-2.12,1.58,-32.29,-63.32,-75.15,0.91,1.71,0.5,-37.62,-51.62,125.46,0
0.49,-1.91,1.68,2.04,-23.05,-46.74,0.64,1.52,0.62,-21.83,-66.83,89.94,0
0.16,-1.86,1.64,-0.4,19.63,-6.01,0.25,1.42,0.7,-13.02,-78.72,35.7,0
-0.21,-1.7,1.41,12.01,64.36,25.43,-0.18,1.2,0.74,-33.63,-103.32,-11.34,0
-0.58,-1.48,1.3,54.33,117.71,56.68,-0.67,1.0,0.7,-59.3,-104.33,-113.26,0
-0.73,-1.24,1.08,100.49,180.55,97.41,-0.93,0.61,0.53,-75.06,-38.17,-206.95,0
-0.75,-0.93,0.57,112.71,228.48,142.2,-1.06,0.38,0.27,-51.07,64.42,-339.24,0
-0.74,-0.69,0.12,98.29,254.57,190.79,-1.14,0.23,0.11,-30.37,156.74,-421.55,0
-0.58,-0.35,-0.09,78.66,263.81,234.91,-1.01,0.23,0.2,11.22,160.98,-451.68,0
-0.3,-0.28,-0.13,82.23,266.77,266.49,-0.88,0.32,0.24,22.2,130.06,-423.84,0
-0.12,-0.11,-0.09,106.07,264.66,270.58,-0.68,0.52,0.26,12.38,127.32,-410.0,0
-0.11,0.02,-0.04,111.28,253.45,251.49,-0.51,0.64,0.24,19.3,119.09,-386.34,0
-0.23,-0.06,-0.04,99.09,232.5,224.66,-0.47,0.91,0.51,26.89,78.66,-331.49,0
-0.35,-0.1,-0.06,74.97,198.48,182.77,-0.33,1.22,0.71,16.98,16.04,-263.6,0
-0.24,-0.17,-0.15,25.91,152.77,124.6,-0.08,1.5,0.97,7.29,-3.17,-171.65,0
0.11,-0.45,-0.44,-21.98,87.8,58.51,0.88,1.69,0.76,-48.63,-29.63,-32.35,0
0.67,-0.56,-0.68,-55.21,-0.85,5.4,1.64,1.22,0.28,-143.72,38.99,68.51,0
1.47,-0.33,-0.76,-88.93,-80.37,-48.63,2.15,0.6,0.06,-100.24,80.52,146.92,0
2.39,-0.33,-0.58,-96.34,-153.23,-107.56,2.49,0.35,0.19,-75.37,57.5,221.1,0
2.56,-0.3,-0.21,-52.35,-195.46,-174.88,2.22,-0.03,0.29,12.56,-38.29,255.67,0
2.35,-0.16,-0.17,-29.21,-219.91,-233.78,1.94,0.18,0.15,101.8,-95.3,254.79,0
2.47,-0.5,-0.15,-48.72,-251.68,-265.27,2.05,0.75,0.02,102.44,-121.98,312.93,0
2.75,-0.77,0.05,-76.25,-261.92,-285.12,2.17,0.97,0.26,70.64,-108.63,372.41,0
3.17,-1.47,0.94,-124.42,-232.5,-283.96,2.55,1.29,0.5,-2.99,-127.38,370.34,0
3.3,-2.15,1.57,-172.13,-172.16,-263.69,2.75,1.76,0.61,-123.23,-124.7,325.82,0
2.68,-2.43,1.64,-216.1,-100.18,-224.3,2.22,1.65,0.68,-239.94,-122.13,286.95,0
1.88,-2.53,1.31,-238.6,-32.9,-188.63,1.5,1.44,1.23,-228.45,-117.16,238.02,0
1.18,-2.41,0.99,-216.01,25.06,-170.61,1.53,1.23,1.46,-217.01,-169.85,61.37,0
0.74,-2.34,0.83,-190.73,91.07,-171.77,0.63,1.24,1.75,-220.12,-162.96,59.6,0
0.0,-2.29,0.5,-193.17,137.5,-166.16,0.15,0.93,1.85,-246.52,-199.6,-4.42,0
-0.52,-2.14,0.36,-217.1,197.38,-112.99,-0.35,0.81,1.61,-286.65,-202.32,-51.01,0
-0.33,-1.89,0.19,-226.68,247.1,-53.54,-0.66,0.52,1.3,-310.85,-174.79,-107.01,0
-0.3,-1.46,0.08,-210.4,283.75,-9.63,-0.35,0.43,1.2,-273.75,-163.08,-159.94,0
-0.17,-1.3,0.03,-190.79,312.68,26.92,-0.19,0.45,1.05,-250.85,-110.73,-205.18,0
-0.05,-1.06,0.07,-178.96,329.09,53.75,-0.17,0.56,0.88,-243.35,-105.95,-232.99,0
0.07,-0.78,0.09,-162.23,334.54,70.3,-0.07,0.65,0.67,-240.18,-88.05,-253.66,0
0.07,-0.7,0.16,-170.18,336.74,89.85,-0.06,0.76,0.55,-259.73,-58.2,-270.3,0
0.01,-0.57,0.21,-164.42,331.1,102.8,-0.22,0.81,0.52,-260.06,-61.07,-267.5,0
-0.08,-0.54,0.38,-121.74,328.57,114.85,-0.35,0.8,0.31,-265.06,-41.34,-260.24,0
-0.09,-0.52,0.55,-73.63,326.01,125.88,-0.41,0.8,0.04,-235.03,1.52,-287.8,0
0.01,-0.56,0.78,-51.65,323.38,147.16,-0.49,0.86,-0.02,-157.16,-5.12,-312.47,0
0.1,-0.63,0.8,-4.63,320.61,156.16,-0.6,1.0,-0.01,-75.03,0.79,-348.57,0
0.07,-0.85,0.77,72.8,329.27,151.49,-0.4,1.09,0.28,-19.42,-23.02,-391.43,0
0.02,-0.76,0.75,143.02,345.15,132.38,-0.27,1.24,0.53,-14.57,-24.02,-391.07,0
-0.0,-0.52,0.64,150.43,355.21,109.76,-0.51,1.29,0.45,-35.88,-13.45,-397.9,0
-0.05,-0.37,0.46,110.73,350.64,85.43,-0.43,1.04,0.28,-36.28,-62.87,-410.7,0
0.03,-0.3,0.43,92.87,342.44,60.67,-0.36,0.92,0.2,2.5,-64.12,-389.73,0
0.03,-0.27,0.32,116.28,336.04,27.99,-0.41,0.94,0.18,27.2,-116.22,-359.57,0
-0.04,-0.21,0.16,159.09,323.87,-11.25,-0.37,0.83,0.13,53.02,-147.68,-335.98,0
-0.15,-0.1,0.05,195.18,304.73,-57.35,-0.36,0.72,0.16,82.32,-200.09,-288.75,0
-0.19,-0.01,-0.02,203.14,277.9,-103.2,-0.34,0.73,0.14,92.74,-228.29,-234.73,0
-0.21,0.02,-0.07,193.08,241.86,-143.78,-0.36,0.7,0.22,97.1,-238.54,-183.26,0
-0.21,0.05,-0.14,181.92,200.0,-178.6,-0.17,0.62,0.17,86.4,-243.93,-130.82,0
-0.23,0.17,-0.25,163.66,155.03,-215.91,-0.13,0.68,0.17,87.68,-241.37,-64.82,0
-0.09,0.12,-0.36,133.23,100.79,-256.01,-0.08,0.71,0.36,92.29,-260.15,20.34,0
0.27,0.04,-0.42,113.11,46.62,-301.28,0.13,0.72,0.52,69.33,-270.09,105.58,0
0.68,-0.09,-0.39,103.99,-24.12,-344.91,0.45,0.63,0.37,79.51,-274.24,186.52,0
1.05,-0.17,-0.35,78.69,-98.14,-379.21,0.85,0.63,0.19,91.62,-285.55,268.14,0
1.35,-0.2,-0.34,17.77,-176.13,-393.41,1.12,0.56,0.04,70.58,-278.48,310.09,0
1.86,-0.91,0.05,-55.55,-236.4,-383.26,1.4,0.76,-0.14,81.65,-211.65,335.15,0
2.32,-1.33,0.25,-111.31,-255.18,-365.09,1.57,0.89,0.4,116.16,-220.58,360.37,0
2.8,-1.86,0.28,-121.34,-243.78,-327.44,2.53,0.71,0.71,114.42,-144.54,322.32,0
3.55,-3.05,0.99,-108.87,-204.3,-228.51,3.05,1.19,0.43,0.79,-86.1,277.71,0
2.55,-3.15,1.41,-60.0,-168.63,-141.71,2.4,1.45,0.69,35.27,-46.86,249.02,0
1.46,-2.62,1.36,-28.26,-136.04,-94.48,1.79,1.7,1.15,30.64,-22.59,184.76,0
0.94,-2.34,1.33,-24.33,-93.11,-57.99,1.06,1.89,0.98,-6.07,-32.71,122.93,0
0.69,-2.15,1.06,-20.55,-74.54,-39.3,0.9,1.81,0.87,-38.78,-31.98,107.32,0
0.41,-1.96,1.09,-20.85,-58.29,-17.1,0.77,1.55,0.85,-77.04,3.66,108.54,0
0.05,-1.7,1.2,-52.23,-37.38,9.73,0.42,1.36,0.87,-59.51,-36.52,60.64,0
-0.2,-1.54,1.41,-90.34,-2.68,32.77,-0.22,1.9,0.91,-78.57,-34.66,112.1,0
-0.33,-1.28,1.46,-81.55,52.16,46.19,-0.13,1.13,0.72,-94.76,-20.18,-15.3,0
-0.29,-1.48,1.46,-31.22,120.27,70.46,-0.58,0.98,0.81,-124.7,-62.29,-105.03,0
-0.49,-1.17,1.14,21.68,174.57,93.84,-0.63,0.74,0.53,-125.09,9.82,-201.86,0
-0.73,-0.91,0.88,32.32,218.54,129.54,-0.96,0.63,0.32,-87.35,96.43,-293.02,0
-0.65,-0.56,0.56,32.84,244.82,172.59,-0.98,0.52,0.01,-97.44,193.66,-356.71,0
-0.5,-0.29,0.25,40.58,254.54,212.04,-0.87,0.42,-0.17,-59.73,237.84,-420.43,0
-0.44,-0.0,-0.0,58.02,254.85,243.99,-0.85,0.29,-0.12,-5.88,187.77,-406.37,0
-0.3,-0.03,-0.06,87.93,242.74,248.81,-0.8,0.34,0.01,45.4,124.21,-361.52,0
-0.36,-0.08,-0.06,136.19,233.96,226.98,-0.82,0.51,0.25,80.21,76.98,-326.74,0
-0.54,0.02,-0.08,148.81,222.93,186.59,-0.69,0.9,0.54,84.79,38.35,-307.84,0
-0.68,0.06,-0.09,102.53,185.46,159.15,-0.52,1.0,0.66,43.05,-13.78,-254.27,0
-0.58,-0.0,-0.1,76.49,142.2,84.12,-0.11,1.27,0.85,49.18,-27.62,-160.88,0
-0.33,0.02,-0.27,19.82,82.62,24.7,0.18,1.28,0.89,-7.9,-46.25,-78.66,0
0.22,-0.09,-0.35,-21.46,22.41,-54.7,0.62,1.15,0.76,-15.79,-58.63,52.99,0
0.77,-0.19,-0.48,-44.18,-38.08,-121.43,1.04,0.84,0.48,34.94,-93.23,160.55,0
1.23,-0.24,-0.53,-41.34,-91.52,-183.6,1.43,0.28,0.15,30.73,-84.91,188.75,0
1.38,-0.09,-0.49,-42.26,-148.93,-216.74,1.44,0.07,0.08,52.84,-104.91,219.54,0
1.61,-0.04,-0.38,-33.72,-193.08,-245.64,1.31,0.22,0.03,95.61,-116.77,249.97,0
2.01,-0.28,-0.18,-54.85,-222.9,-269.88,1.48,0.57,-0.23,101.92,-104.63,306.86,0
2.56,-1.01,-0.24,-60.7,-252.32,-275.82,2.15,0.87,-0.29,131.28,-89.48,353.08,0
2.85,-1.21,0.26,-70.3,-269.66,-260.88,2.46,0.6,0.55,146.8,-104.21,375.0,0
3.11,-2.1,0.93,-99.27,-245.4,-205.15,2.76,0.96,-0.1,53.93,-8.02,291.46,0
2.73,-2.09,1.44,-107.41,-207.9,-144.57,2.21,1.38,0.31,25.98,20.4,235.21,0
1.86,-2.03,1.55,-57.99,-152.99,-107.8,1.6,1.49,0.5,32.1,-29.39,204.54,0
1.24,-2.24,1.48,-16.68,-99.05,-89.05,1.13,1.65,0.54,-1.8,-36.13,162.38,0
1.02,-1.95,1.18,-4.3,-61.89,-68.75,1.22,1.61,0.58,-31.28,-46.31,84.66,0
0.73,-1.65,1.03,-42.68,-53.51,-42.35,1.14,1.59,0.39,-65.95,-16.8,80.79,0
0.43,-1.7,1.02,-68.35,-36.89,-10.91,0.68,1.5,0.44,-86.25,0.15,71.04,0
0.19,-1.56,0.97,-71.77,-19.45,10.12,0.31,1.41,0.54,-84.66,-20.55,76.49,0
0.08,-1.6,0.88,-63.23,-2.32,34.7,0.17,1.02,0.56,-89.97,2.59,23.11,0
-0.02,-1.61,0.94,-48.48,19.7,65.58,0.03,0.98,0.63,-39.97,-18.69,-2.1,0
-0.16,-1.35,0.87,-2.8,48.6,91.89,-0.02,0.78,0.56,-61.37,-8.35,-64.63,0
-0.36,-1.19,0.69,27.47,79.97,119.66,-0.24,0.65,0.56,-52.59,40.61,-136.8,0
-0.39,-0.99,0.58,41.77,106.49,157.65,-0.43,0.58,0.37,-51.89,111.28,-199.82,0
-0.35,-0.66,0.5,45.55,127.23,188.45,-0.57,0.33,0.18,-58.75,185.55,-261.34,0
-0.3,-0.66,0.34,59.05,145.91,216.19,-0.61,0.4,0.15,-23.35,228.81,-306.43,0
-0.3,-0.52,0.13,98.66,161.22,236.74,-0.56,0.36,0.17,5.0,224.76,-341.83,0
-0.25,-0.32,0.13,154.15,180.0,246.04,-0.61,0.3,0.11,40.7,182.23,-332.96,0
-0.21,-0.08,0.14,182.04,196.55,235.12,-0.72,0.45,0.22,75.12,137.56,-308.9,0
-0.21,-0.06,0.09,182.04,204.7,207.29,-0.65,0.71,0.33,86.19,87.99,-302.47,0
-0.4,-0.06,0.03,152.47,197.32,183.66,-0.5,0.87,0.53,70.52,40.21,-289.09,0
-0.52,-0.13,0.04,111.74,174.51,148.84,-0.35,0.88,0.64,58.14,-10.73,-223.93,0
-0.55,-0.19,0.01,83.84,138.69,93.81,-0.18,1.17,0.77,32.84,-29.7,-158.17,0
-0.52,-0.21,-0.03,53.75,96.83,46.25,-0.04,1.25,0.63,-6.65,-25.03,-96.19,0
-0.2,-0.15,-0.11,11.89,55.49,-5.7,0.16,1.18,0.68,-6.71,-12.65,-29.66,0
0.48,-0.18,-0.19,-24.21,4.91,-60.98,0.58,1.09,0.7,-42.99,-36.8,77.29,0
1.13,-0.24,-0.3,-51.01,-51.68,-123.48,1.4,0.66,0.39,-57.56,-68.72,159.24,0
1.47,-0.32,-0.37,-70.52,-102.26,-175.18,1.79,0.38,0.12,7.38,-82.68,220.91,0
1.65,-0.4,-0.36,-48.81,-172.62,-210.52,1.7,0.22,0.06,81.77,-88.11,232.07,0
1.97,-0.65,-0.19,-42.41,-225.85,-230.7,1.6,0.48,0.0,115.64,-108.87,266.98,0
2.12,-0.8,-0.12,-57.38,-275.49,-236.31,1.92,0.77,0.04,161.13,-102.13,322.2,0
2.1,-1.11,-0.19,-82.01,-312.5,-225.82,2.02,0.99,0.14,148.14,-35.67,364.05,0
2.29,-1.67,0.42,-71.49,-324.48,-201.59,1.79,1.4,0.23,91.13,1.65,357.99,0
2.3,-1.93,1.27,-56.49,-315.18,-165.24,1.74,1.53,0.17,81.55,53.99,339.85,0
1.77,-2.01,1.64,-26.92,-289.27,-123.81,1.41,1.62,0.17,80.82,49.82,299.85,0
1.26,-1.94,1.83,14.7,-253.63,-86.16,1.05,1.83,0.17,91.43,37.77,250.95,0
0.81,-1.98,1.88,65.4,-219.7,-53.35,0.73,2.05,0.05,77.04,45.79,190.46,0
0.38,-1.94,1.95,116.04,-192.41,-23.99,0.32,2.29,0.14,85.06,56.89,161.4,0
-0.06,-1.67,1.94,143.96,-169.39,5.21,0.08,2.2,0.19,87.93,63.48,129.42,0
-0.32,-1.6,1.8,159.85,-150.58,39.76,-0.14,1.92,0.13,80.95,78.11,109.42,0
-0.21,-1.76,1.48,193.2,-137.13,88.51,-0.17,1.71,0.03,97.9,117.44,54.73,0
-0.26,-1.37,1.03,219.05,-134.21,139.7,-0.14,1.42,0.14,137.62,170.79,20.79,0
-0.18,-0.96,0.82,210.76,-137.16,190.91,-0.12,1.05,0.05,176.4,207.29,-13.32,0
-0.17,-0.85,0.62,213.32,-137.01,224.97,-0.36,0.92,0.31,222.35,216.34,-24.91,0
-0.19,-1.13,0.29,230.0,-129.33,249.76,-0.56,0.92,0.61,231.28,222.16,-47.41,0
-0.34,-0.97,-0.02,239.79,-125.73,263.87,-0.45,0.81,0.8,243.69,241.19,-64.66,0
-0.37,-0.87,-0.09,211.43,-123.99,278.29,-0.33,0.74,0.89,221.43,280.03,-54.33,0
-0.34,-0.94,-0.08,154.85,-128.41,297.2,-0.41,0.8,0.9,182.74,302.01,-45.24,0
-0.16,-1.03,-0.07,124.7,-134.57,309.39,-0.36,0.72,1.02,157.93,306.98,-48.66,0
-0.1,-1.16,-0.12,123.29,-135.09,309.36,-0.25,0.59,1.14,159.79,320.61,-49.79,0
-0.03,-1.17,-0.24,134.66,-132.77,303.2,-0.15,0.56,1.15,152.35,323.9,-35.3,0
-0.0,-1.17,-0.23,120.61,-138.63,304.45,-0.06,0.65,1.13,140.49,325.76,-16.98,0
0.04,-1.2,-0.15,88.2,-147.65,308.81,-0.04,0.71,1.15,125.43,334.82,-2.13,0
0.08,-1.27,-0.08,63.69,-155.0,308.26,-0.03,0.68,1.25,109.57,331.34,4.7,0
0.12,-1.22,-0.07,58.9,-153.02,297.13,-0.02,0.58,1.35,99.02,326.1,3.6,0
0.1,-1.22,-0.06,54.15,-147.2,280.58,-0.03,0.62,1.37,91.92,303.48,20.12,0
0.05,-1.29,0.08,41.92,-142.8,267.68,-0.03,0.67,1.31,96.43,276.46,32.68,0
-0.05,-1.27,0.19,19.63,-142.13,258.93,0.01,0.72,1.3,95.18,269.6,23.93,0
-0.1,-1.29,0.18,-9.51,-140.55,255.03,-0.03,0.73,1.23,72.59,272.53,10.37,0
-0.14,-1.18,0.18,-18.17,-138.05,248.87,-0.11,0.65,1.15,53.48,272.99,2.01,0
-0.21,-1.05,0.25,-5.03,-124.79,235.46,-0.32,0.53,1.09,60.34,254.15,-4.3,0
-0.27,-1.09,0.27,26.49,-102.32,219.33,-0.42,0.61,1.2,72.96,211.92,-11.98,0
-0.35,-1.02,0.16,30.12,-83.38,207.8,-0.27,0.65,1.16,64.48,202.99,-30.88,0
-0.36,-0.92,0.06,9.82,-74.33,200.06,-0.17,0.55,1.04,33.66,203.2,-26.92,0
-0.38,-0.8,0.03,-29.24,-75.67,194.45,-0.21,0.44,0.94,19.09,200.7,-29.15,0
-0.4,-0.77,0.06,-51.68,-75.15,190.61,-0.3,0.42,0.88,7.5,196.71,-33.57,0
-0.36,-0.64,0.08,-49.02,-67.99,180.3,-0.33,0.42,0.81,7.84,181.43,-36.55,0
-0.33,-0.56,-0.06,-40.37,-64.63,162.38,-0.22,0.44,0.81,2.8,162.41,-31.83,0
-0.32,-0.52,-0.29,-24.24,-66.04,140.82,-0.05,0.46,0.83,-26.16,150.46,-11.22,0
-0.22,-0.35,-0.31,-20.12,-75.27,114.12,0.01,0.26,0.71,-54.73,150.18,23.9,0
0.02,-0.15,-0.2,-30.34,-83.17,82.53,0.11,0.31,0.54,-36.37,119.7,76.68,0
0.41,-0.03,-0.24,-52.84,-87.47,38.9,0.34,0.27,0.67,14.05,81.46,87.04,0
0.78,-0.02,-0.44,-61.49,-105.52,-14.27,0.87,0.3,0.64,3.9,28.32,124.12,0
0.89,0.01,-0.54,-65.67,-139.09,-67.62,1.17,0.35,0.49,-38.17,-18.48,191.01,0
0.93,-0.04,-0.53,-86.25,-172.07,-123.11,1.09,0.42,0.39,-32.13,-24.94,237.23,0
1.42,-0.24,-0.34,-133.93,-195.18,-177.2,1.08,0.6,0.46,-25.0,-45.85,283.2,0
1.96,-0.46,-0.15,-155.61,-223.38,-232.23,1.48,0.65,0.35,0.85,-100.55,333.75,0
2.06,-0.65,-0.01,-146.49,-250.18,-269.94,1.82,0.51,0.03,12.87,-92.13,342.74,0
2.29,-0.97,0.61,-135.37,-251.77,-278.75,1.66,1.23,-0.02,-15.58,-94.76,360.3,0
2.66,-1.95,1.3,-128.41,-231.01,-260.34,1.8,1.53,0.17,6.74,-104.54,352.62,0
2.49,-2.2,1.66,-102.23,-199.6,-222.56,2.28,1.26,0.13,-2.44,-86.52,285.06,0
2.01,-2.18,1.77,-90.24,-161.95,-170.27,2.0,1.74,0.25,-13.02,-53.69,234.66,0
1.29,-2.24,1.83,-86.4,-133.41,-132.16,1.32,2.21,0.57,-7.44,-56.22,203.75,0
0.77,-2.22,1.86,-62.74,-100.98,-112.26,0.94,2.04,0.53,-40.49,-51.55,160.67,0
0.56,-2.09,1.79,-37.04,-66.65,-81.52,0.66,1.85,0.49,-57.1,-38.81,104.36,0
0.32,-1.94,1.7,-34.94,-32.38,-41.83,0.54,1.56,0.47,-51.01,-45.95,78.38,0
-0.01,-1.84,1.51,-33.51,7.04,2.04,0.18,1.38,0.61,-50.06,-39.12,43.08,0
-0.34,-1.65,1.27,-25.73,39.82,45.46,-0.21,1.24,0.62,-65.3,-21.19,-26.22,0
-0.52,-1.37,1.22,-10.43,72.41,87.53,-0.46,1.07,0.45,-71.86,-5.79,-75.24,0
-0.52,-1.18,1.11,23.08,104.97,127.16,-0.61,0.85,0.28,-86.86,38.32,-143.9,0
-0.55,-0.97,0.85,53.29,137.56,166.34,-0.68,0.66,0.24,-65.82,73.35,-215.67,0
-0.38,-0.89,0.58,77.41,165.27,205.34,-0.7,0.53,0.22,-6.34,137.47,-290.03,0
-0.23,-0.69,0.36,89.09,180.09,231.04,-0.49,0.54,0.28,36.34,118.69,-320.67,0
-0.14,-0.47,0.25,97.07,186.92,240.61,-0.33,0.64,0.39,58.23,149.88,-330.18,0
-0.15,-0.41,0.23,91.71,185.79,237.74,-0.35,0.9,0.55,36.01,147.65,-320.64,0
-0.16,-0.42,0.13,75.67,174.88,226.95,-0.24,1.03,0.6,-5.61,136.65,-297.8,0
-0.11,-0.37,0.04,58.78,154.05,197.13,-0.03,0.98,0.61,-14.15,127.1,-258.23,0
-0.03,-0.36,0.01,45.0,125.88,160.79,0.19,0.87,0.69,-14.02,97.44,-203.72,0
-0.02,-0.38,-0.03,40.15,94.12,120.55,0.31,0.85,0.67,-5.43,64.66,-150.3,0
0.02,-0.22,-0.17,25.58,64.05,74.05,0.41,0.96,0.66,0.21,59.51,-94.21,0
0.38,-0.16,-0.37,-0.73,34.3,15.64,0.68,0.98,0.79,-25.52,19.51,-20.58,0
0.84,-0.21,-0.51,-23.6,-6.49,-44.24,1.21,0.55,0.59,-70.34,-4.24,51.8,0
1.18,-0.26,-0.53,-33.63,-56.4,-91.28,1.47,0.21,0.32,-55.24,-43.17,133.38,0
1.3,-0.2,-0.45,-41.25,-101.92,-128.84,1.44,0.06,0.13,2.44,-70.0,161.62,0
1.49,0.02,-0.43,-50.61,-138.78,-171.31,1.41,0.32,0.16,43.72,-95.4,188.14,0
1.84,0.02,-0.3,-44.51,-182.29,-215.4,1.6,0.51,0.12,56.92,-128.11,251.01,0
1.91,-0.11,-0.08,-64.09,-221.52,-252.77,1.71,0.67,-0.23,66.71,-128.54,308.69,0
2.04,-0.61,-0.12,-91.16,-250.09,-271.19,1.7,1.19,-0.42,88.57,-83.08,347.07,0
2.35,-0.96,0.6,-77.99,-264.05,-282.87,1.41,1.2,0.44,27.1,-111.01,377.04,0
2.79,-1.55,1.13,-63.69,-242.56,-269.39,2.05,0.78,0.15,10.98,-116.71,342.23,0
2.85,-2.0,1.59,-51.71,-192.13,-224.6,2.5,1.08,0.09,47.41,-80.98,255.12,0
2.31,-2.19,1.63,-49.24,-151.25,-168.17,2.1,1.43,0.29,69.97,-95.0,232.74,0
1.61,-2.19,1.6,-47.1,-124.15,-132.2,1.75,1.94,0.73,62.8,-76.65,183.29,0
1.17,-2.24,1.54,-36.65,-92.59,-108.26,1.34,2.03,0.59,-14.57,-55.06,134.63,0
0.93,-2.12,1.41,-37.13,-69.02,-73.96,1.07,1.77,0.54,-43.17,-35.4,114.18,0
0.74,-2.03,1.4,-36.4,-40.88,-35.09,0.92,1.43,0.61,-43.38,-23.81,89.24,0
0.37,-1.84,1.3,-13.66,-4.02,-1.49,0.58,1.22,0.74,-37.68,-37.71,37.41,0
-0.09,-1.64,1.11,-0.67,30.43,28.05,0.05,1.17,0.8,-45.46,-51.98,-1.4,0
-0.46,-1.33,0.99,-11.43,63.29,59.21,-0.49,1.04,0.69,-55.61,-66.59,-15.61,0
-0.62,-1.2,0.9,-5.98,97.01,94.63,-0.69,0.74,0.53,-101.65,-21.49,-92.47,0
-0.68,-1.06,0.76,14.3,134.36,138.26,-0.74,0.51,0.46,-121.31,45.12,-178.11,0
-0.6,-0.78,0.49,41.62,169.82,182.62,-0.79,0.2,0.22,-101.71,137.29,-277.8,0
-0.4,-0.52,0.25,55.88,194.27,222.71,-0.76,0.12,-0.01,-55.67,212.96,-342.59,0
-0.2,-0.29,0.1,66.98,205.73,252.38,-0.67,0.24,0.01,2.93,201.07,-359.09,0
-0.07,-0.12,0.02,80.67,206.46,265.06,-0.59,0.4,0.19,29.21,157.9,-348.11,0
-0.08,-0.07,0.01,93.32,201.19,255.76,-0.49,0.63,0.33,45.88,144.91,-325.95,0
-0.13,-0.02,0.05,99.57,189.21,225.85,-0.23,0.76,0.49,51.43,116.34,-300.4,0
-0.14,-0.13,0.1,91.71,173.35,179.94,-0.13,0.84,0.6,45.49,63.99,-252.84,0
-0.11,-0.21,0.05,75.79,149.24,135.12,0.04,1.01,0.6,25.12,27.93,-196.68,0
-0.02,-0.12,-0.02,39.57,117.84,83.72,0.33,1.14,0.56,19.91,23.72,-139.21,0
0.38,-0.14,-0.21,-1.43,77.62,20.7,0.79,1.14,0.8,0.98,-9.57,-68.78,0
1.05,-0.28,-0.44,-23.17,28.11,-44.54,1.43,1.12,0.6,-70.12,-65.7,55.03,0
1.44,-0.23,-0.48,-32.99,-35.15,-105.4,2.01,0.43,-0.02,-68.05,-38.35,118.87,0
1.73,-0.11,-0.43,-63.45,-81.01,-155.79,1.95,0.12,0.09,-24.3,-47.62,156.19,0
2.27,-0.16,-0.39,-73.87,-126.89,-206.59,1.94,0.27,0.3,2.1,-104.48,205.15,0
2.46,-0.41,-0.16,-53.02,-165.58,-253.6,2.19,0.34,-0.02,31.25,-148.45,248.87,0
2.29,-0.68,0.02,-50.52,-186.49,-274.6,2.14,0.55,-0.33,65.73,-114.94,282.84,0
2.29,-0.8,0.44,-82.47,-204.66,-273.81,1.77,1.03,0.16,76.77,-129.42,296.92,0
2.37,-0.98,0.51,-132.01,-203.23,-268.75,2.0,0.99,0.66,37.38,-157.99,284.88,0
2.73,-2.02,0.97,-91.8,-148.87,-255.4,2.14,1.39,0.7,-47.32,-117.13,266.83,0
2.69,-2.34,1.41,-44.76,-87.74,-230.27,2.22,0.91,0.72,-93.6,-154.88,208.96,0
1.86,-2.21,1.19,-82.13,-38.2,-195.61,1.8,1.13,1.17,-76.01,-153.93,160.3,0
1.14,-2.46,0.98,-148.84,10.85,-160.49,1.32,1.6,1.54,-125.82,-153.75,98.41,0
0.74,-2.28,0.76,-150.4,69.91,-127.84,0.86,1.26,1.22,-216.59,-128.81,31.92,0
0.48,-1.91,0.58,-137.01,122.26,-98.9,0.55,0.79,1.15,-231.65,-121.19,-19.76,0
0.19,-1.71,0.43,-139.94,163.45,-73.78,0.21,0.52,1.32,-221.55,-133.63,-59.82,0
-0.23,-1.52,0.3,-143.48,200.91,-48.63,-0.19,0.47,1.41,-198.78,-148.99,-107.47,0
-0.4,-1.45,0.23,-144.97,236.86,-25.12,-0.54,0.58,1.22,-182.84,-140.98,-141.89,0
-0.24,-1.27,0.26,-135.67,266.74,-1.13,-0.41,0.67,0.89,-191.43,-130.15,-171.59,0
-0.09,-1.02,0.31,-124.05,284.05,23.23,-0.13,0.59,0.68,-197.99,-98.48,-205.34,0
0.03,-0.82,0.32,-116.92,299.51,45.73,-0.07,0.6,0.62,-188.2,-90.0,-230.21,0
0.05,-0.66,0.25,-128.9,305.55,63.87,-0.15,0.66,0.52,-184.54,-94.27,-243.02,0
0.04,-0.64,0.22,-143.63,299.79,85.0,-0.14,0.79,0.37,-201.55,-68.78,-244.12,0
0.04,-0.56,0.29,-141.49,291.25,101.77,-0.07,0.85,0.25,-199.09,-42.68,-246.92,0
0.07,-0.51,0.36,-118.84,282.96,113.17,-0.07,0.75,0.23,-192.71,-24.15,-255.61,0
0.05,-0.48,0.44,-82.56,279.91,119.91,-0.16,0.69,0.19,-182.2,-17.29,-262.84,0
0.07,-0.47,0.45,-36.16,275.88,120.58,-0.27,0.72,0.12,-165.67,-16.55,-264.97,0
0.02,-0.42,0.34,-15.06,265.37,119.27,-0.28,0.76,0.12,-108.99,-24.45,-277.23,0
-0.09,-0.5,0.33,6.89,255.7,111.43,-0.21,0.84,0.28,-68.05,-31.1,-265.76,0
-0.12,-0.6,0.49,38.14,252.74,91.22,-0.19,1.02,0.46,-29.91,-33.93,-248.81,0
-0.1,-0.69,0.61,59.7,250.37,67.68,-0.11,1.23,0.6,-0.21,-56.92,-238.02,0
-0.05,-0.76,0.69,72.13,248.08,44.94,-0.07,1.23,0.54,-15.43,-91.01,-241.4,0
-0.1,-0.79,0.64,88.93,248.29,22.26,-0.05,1.33,0.46,-17.93,-89.36,-235.06,0
-0.07,-0.85,0.53,92.47,244.94,10.21,-0.03,1.23,0.44,-34.7,-93.05,-226.95,0
-0.14,-0.74,0.38,73.05,230.76,-0.88,0.04,1.02,0.49,-31.55,-104.6,-219.66,0
-0.21,-0.71,0.42,53.66,213.69,-8.63,-0.04,1.0,0.4,-9.36,-94.24,-198.96,0
-0.24,-0.75,0.53,70.61,203.63,-18.72,-0.18,0.96,0.36,6.01,-106.1,-181.19,0
-0.33,-0.69,0.57,129.57,210.24,-37.29,-0.39,0.83,0.41,11.95,-121.74,-186.37,0
-0.45,-0.56,0.47,167.13,219.97,-55.09,-0.53,0.74,0.42,22.62,-125.61,-206.28,0
-0.44,-0.49,0.28,153.72,216.07,-64.12,-0.49,0.73,0.36,45.64,-145.79,-203.38,0
-0.38,-0.23,0.26,128.29,199.15,-71.65,-0.3,0.77,0.2,38.63,-145.37,-174.15,0
-0.4,-0.14,0.32,123.17,184.24,-90.95,-0.31,0.67,0.25,36.86,-134.66,-158.87,0
-0.48,-0.16,0.17,119.21,173.54,-115.37,-0.45,0.74,0.38,29.97,-141.65,-147.2,0
-0.48,-0.15,-0.02,105.12,150.27,-138.78,-0.46,0.81,0.43,3.23,-155.52,-104.73,0
-0.38,-0.06,-0.11,91.1,114.6,-166.8,-0.29,0.66,0.34,11.16,-165.7,-47.01,0
-0.2,0.02,-0.1,65.43,69.05,-195.18,-0.05,0.62,0.29,26.16,-174.57,4.76,0
0.05,0.06,-0.1,36.28,23.51,-226.25,0.11,0.71,0.29,39.7,-185.37,64.15,0
0.34,0.01,-0.22,2.44,-17.32,-256.92,0.27,0.74,0.28,48.84,-207.5,122.9,0
0.67,-0.08,-0.29,-8.75,-63.17,-289.97,0.51,0.65,0.22,57.2,-229.54,176.07,0
0.94,-0.34,-0.25,-25.0,-108.87,-315.43,0.79,0.5,0.16,27.2,-210.09,222.41,0
1.33,-0.91,-0.04,-66.46,-151.49,-315.4,1.05,0.68,0.08,50.37,-177.93,260.76,0
1.54,-1.28,0.06,-120.15,-186.49,-298.45,1.39,0.81,0.7,111.04,-219.66,283.02,0
1.88,-2.03,0.47,-90.03,-195.18,-269.85,1.85,0.88,0.56,128.11,-124.85,261.86,0
1.98,-2.2,0.63,-43.66,-191.92,-221.01,1.99,1.18,0.36,48.63,-58.41,230.46,0
1.81,-2.03,0.73,-40.0,-177.96,-151.34,1.62,1.42,0.48,45.15,-18.87,218.63,0
1.35,-2.31,1.1,-27.84,-151.46,-95.46,1.24,1.37,1.02,63.54,-37.41,223.66,0
0.62,-2.23,1.13,-40.67,-132.35,-65.4,0.89,1.68,1.16,20.49,-36.59,156.46,0
0.28,-2.17,1.18,-61.1,-103.41,-38.35,0.52,1.77,0.79,-39.63,-7.84,104.3,0
0.25,-1.88,1.15,-74.05,-77.74,-3.54,-0.38,1.76,0.7,-62.1,37.07,30.73,0
0.2,-1.91,1.22,-52.96,-46.59,27.16,0.19,1.17,0.62,-19.27,60.34,-124.88,0
-0.07,-1.64,1.45,-2.84,3.38,52.53,0.42,1.07,0.59,-0.67,0.09,-53.2,0
-0.29,-1.45,1.5,10.18,56.59,77.68,0.31,1.39,0.49,28.29,-25.95,26.98,0
-0.45,-1.28,1.24,-3.11,97.8,102.87,-0.68,1.39,0.74,-37.62,-34.24,30.91,0
-0.46,-1.05,0.96,3.72,131.8,117.84,-1.04,1.13,0.63,-139.82,-24.45,-89.48,0
-0.61,-0.77,0.9,20.82,166.49,132.16,-0.62,0.78,0.32,-167.38,66.46,-226.07,0
-0.6,-0.59,0.73,34.7,198.93,150.06,-0.69,0.54,0.3,-133.32,105.24,-285.55,0
-0.5,-0.38,0.44,50.27,216.07,161.49,-0.85,0.45,0.14,-56.95,98.87,-310.06,0
-0.43,-0.25,0.3,70.7,223.81,160.79,-0.8,0.48,0.14,0.27,58.81,-312.1,0
-0.34,-0.19,0.16,106.77,223.75,148.48,-0.58,0.55,0.22,36.31,35.49,-302.5,0
-0.36,-0.05,0.07,128.14,213.23,126.4,-0.43,0.67,0.21,38.02,19.76,-281.25,0
-0.45,0.04,0.01,118.23,191.52,98.08,-0.37,0.74,0.31,31.28,1.62,-256.4,0
-0.52,-0.02,-0.07,92.29,167.35,65.52,-0.34,0.83,0.45,18.17,-17.07,-202.96,0
-0.43,-0.07,-0.12,72.13,134.73,25.67,-0.19,0.87,0.55,-11.65,-11.98,-139.36,0
-0.24,-0.03,-0.16,64.15,101.13,-19.21,0.07,0.98,0.47,-2.56,-34.97,-64.57,0
-0.05,0.03,-0.21,52.65,61.55,-71.25,0.29,0.83,0.48,-0.34,-57.87,-3.66,0
0.34,0.05,-0.28,30.03,23.41,-126.34,0.48,0.68,0.53,9.57,-81.55,50.3,0
0.87,-0.07,-0.35,2.16,-29.85,-178.11,0.96,0.65,0.5,11.13,-135.98,126.71,0
1.19,-0.29,-0.52,-27.1,-86.8,-218.54,1.38,0.45,0.3,40.37,-172.62,199.85,0
1.46,-0.65,-0.35,-59.97,-145.18,-238.84,1.57,0.33,0.06,87.5,-152.5,225.98,0
1.69,-0.66,-0.3,-96.83,-186.28,-251.07,1.64,0.59,-0.08,100.06,-98.75,256.77,0
1.93,-0.76,-0.44,-121.22,-242.04,-241.52,1.67,0.76,0.12,59.18,-75.55,299.27,0
2.58,-1.6,0.34,-125.09,-240.27,-211.62,2.02,0.88,0.24,58.23,-51.07,328.2,0
2.64,-2.21,0.87,-97.74,-237.44,-166.37,2.3,0.79,0.29,79.48,-46.4,290.64,0
1.94,-2.14,0.95,-38.78,-219.18,-124.33,2.08,1.16,0.44,70.0,17.16,226.95,0
1.33,-1.83,0.92,-16.31,-198.57,-92.59,1.29,1.57,0.53,57.35,27.8,192.59,0
1.06,-1.85,0.91,-23.87,-183.02,-61.52,0.88,1.69,0.45,19.24,41.68,178.45,0
0.94,-1.78,0.94,-22.35,-164.27,-40.91,0.91,1.41,0.64,3.23,39.18,166.8,0
0.76,-1.68,1.01,-33.17,-138.84,-17.2,0.93,1.24,0.61,-29.7,52.56,126.16,0
0.43,-1.5,1.0,-47.71,-113.32,6.01,0.58,1.24,0.63,-31.07,61.68,49.24,0
0.13,-1.53,1.12,-57.01,-77.9,32.9,0.11,1.17,0.58,-48.14,24.54,71.77,0
0.22,-1.5,1.23,-47.38,-25.98,57.71,0.02,1.03,0.51,-50.95,15.67,66.25,0
0.12,-1.32,1.12,-8.81,25.64,76.83,-0.16,0.92,0.62,-65.64,7.1,38.75,0
-0.08,-1.2,1.02,-2.01,74.42,103.08,-0.21,0.68,0.58,-72.38,-19.88,-75.82,0
-0.26,-1.23,0.93,-14.6,115.15,134.36,-0.32,0.8,0.54,-74.57,12.77,-170.09,0
-0.25,-1.07,0.71,3.38,150.85,160.27,-0.49,0.69,0.5,-69.97,63.99,-247.13,0
-0.2,-0.8,0.44,46.95,177.9,177.04,-0.46,0.46,0.27,-51.71,139.42,-304.18,0
-0.12,-0.54,0.31,101.13,204.36,190.27,-0.39,0.32,0.18,-33.75,155.49,-334.51,0
-0.11,-0.32,0.13,133.32,223.54,198.02,-0.53,0.39,0.21,16.07,109.33,-345.18,0
-0.22,-0.27,-0.05,145.98,227.59,196.37,-0.55,0.49,0.3,50.67,65.21,-337.71,0
-0.27,-0.25,-0.04,141.22,224.88,183.32,-0.46,0.59,0.43,60.12,42.9,-310.73,0
-0.32,-0.14,-0.03,121.95,215.27,155.3,-0.33,0.65,0.55,39.97,23.2,-281.28,0
-0.4,-0.19,0.02,98.6,200.58,124.7,-0.33,0.77,0.61,9.45,-9.27,-251.74,0
-0.48,-0.28,0.01,85.95,179.97,82.47,-0.31,1.03,0.72,11.68,-55.55,-200.37,0
-0.43,-0.29,-0.13,64.91,149.85,28.99,-0.07,1.1,0.82,-5.21,-69.36,-136.68,0
-0.21,-0.23,-0.19,36.74,108.41,-22.93,0.29,1.05,0.76,-28.38,-56.46,-59.82,0
0.19,-0.26,-0.14,-11.89,68.63,-71.95,0.61,0.88,0.6,-58.81,-46.65,21.4,0
0.57,-0.29,-0.17,-50.64,28.57,-118.69,0.85,0.73,0.48,-66.77,-56.86,52.74,0
0.85,-0.3,-0.31,-71.95,-18.29,-159.42,1.09,0.69,0.44,-67.07,-93.57,106.71,0
1.17,-0.3,-0.4,-56.68,-74.57,-198.6,1.21,0.5,0.27,-26.59,-128.9,167.47,0
1.55,-0.41,-0.44,-17.38,-135.06,-234.05,1.42,0.28,0.01,32.96,-150.7,212.32,0
1.74,-0.81,-0.16,-20.73,-192.68,-243.14,1.67,0.5,-0.32,144.24,-117.87,250.03,0
1.78,-0.91,-0.06,-32.44,-241.31,-232.65,1.59,0.84,-0.01,183.63,-97.8,301.46,0
1.73,-0.97,0.14,-49.02,-276.55,-211.95,1.69,0.83,0.3,173.26,-52.53,310.0,0
1.91,-1.43,0.53,-26.31,-282.16,-196.28,1.59,1.36,0.29,135.27,-6.74,311.4,0
1.79,-1.88,0.7,11.34,-279.36,-165.95,1.43,1.4,0.35,123.14,5.12,289.39,0
1.39,-1.71,0.72,34.94,-282.35,-133.11,1.26,1.19,0.4,136.31,32.07,260.03,0
1.07,-1.72,0.84,36.34,-274.3,-101.43,0.96,1.51,0.61,161.1,58.35,256.1,0
0.94,-1.76,0.97,38.9,-250.27,-67.8,0.63,1.6,0.53,107.13,61.98,223.66,0
0.85,-1.79,1.02,59.91,-227.04,-32.23,0.66,1.43,0.32,77.23,75.7,181.77,0
0.63,-1.66,0.96,85.52,-212.44,-0.85,0.66,1.28,0.32,79.3,97.74,147.96,0
0.46,-1.46,0.9,101.25,-198.78,27.59,0.41,1.3,0.33,100.43,119.36,115.79,0
0.36,-1.4,0.79,110.18,-188.45,60.7,0.27,1.27,0.27,108.63,132.53,99.82,0
0.36,-1.38,0.76,134.66,-176.55,91.37,0.32,1.04,0.32,114.73,135.3,92.62,0
0.39,-1.28,0.68,161.98,-163.14,117.01,0.26,0.93,0.34,155.58,179.02,48.11,0
0.41,-1.15,0.54,183.72,-148.08,131.13,0.27,0.91,0.56,164.15,165.34,39.3,0
0.39,-1.07,0.47,179.27,-132.65,153.41,0.32,0.83,0.5,155.09,180.43,12.23,0
0.38,-1.06,0.37,172.71,-115.82,173.02,0.25,0.74,0.54,150.37,175.37,-7.04,0
0.33,-1.08,0.2,175.76,-102.96,186.31,0.21,0.64,0.69,152.44,168.02,-25.18,0
0.18,-1.0,0.03,182.2,-93.84,192.74,0.12,0.63,0.81,144.54,201.77,-40.37,0
0.03,-0.8,-0.03,161.37,-88.32,198.32,0.13,0.63,0.8,122.62,197.13,-43.45,0
0.02,-0.86,-0.02,120.88,-89.76,212.23,0.03,0.57,0.74,97.93,186.83,-56.89,0
-0.01,-0.98,-0.05,99.94,-96.52,217.77,-0.08,0.55,0.85,114.6,184.6,-52.01,0
-0.11,-1.07,-0.18,107.26,-102.59,216.13,-0.03,0.56,0.9,127.29,208.75,-42.62,0
-0.15,-1.02,-0.21,125.15,-107.84,219.54,-0.02,0.52,0.83,115.49,241.8,-37.96,0
-0.15,-0.88,-0.12,108.32,-119.05,232.71,-0.06,0.54,0.74,113.02,246.77,-27.13,0
-0.13,-0.93,0.06,68.57,-130.18,246.92,-0.26,0.6,0.77,129.66,244.33,-23.84,0
-0.26,-0.97,0.05,52.07,-140.34,249.27,-0.26,0.76,0.89,134.66,261.95,-24.82,0
-0.4,-1.08,0.02,56.37,-146.74,245.21,-0.29,0.9,0.99,102.38,278.14,-21.86,0
-0.36,-1.01,-0.03,62.5,-149.3,242.41,-0.26,0.81,0.89,65.27,295.67,-10.73,0
-0.23,-0.87,-0.01,55.58,-154.05,243.84,-0.25,0.63,0.76,47.87,300.73,5.0,0
-0.25,-0.64,0.06,39.05,-157.53,244.73,-0.33,0.47,0.74,43.54,296.1,13.99,0
-0.38,-0.64,-0.04,23.38,-154.21,235.09,-0.47,0.45,0.82,58.57,272.41,8.93,0
-0.37,-0.59,-0.15,18.87,-149.63,223.08,-0.45,0.46,0.95,45.43,244.09,18.9,0
-0.4,-0.57,-0.14,-2.8,-150.79,203.99,-0.39,0.48,0.91,40.27,205.91,50.73,0
-0.39,-0.54,-0.14,-25.12,-153.99,184.42,-0.34,0.39,0.82,40.03,208.84,60.46,0
-0.3,-0.49,-0.16,-44.27,-158.26,162.59,-0.26,0.4,0.79,41.1,195.12,71.74,0
-0.15,-0.52,-0.27,-48.63,-162.47,137.1,-0.07,0.39,0.78,25.0,195.82,77.07,0
0.03,-0.47,-0.29,-26.19,-162.13,103.08,0.07,0.27,0.83,5.46,171.95,100.0,0
0.22,-0.36,-0.25,-6.49,-159.97,66.49,0.03,0.14,0.77,8.05,125.7,130.18,0
0.37,-0.27,-0.3,10.43,-160.46,28.78,0.31,0.04,0.72,56.74,107.5,121.49,0
0.61,-0.18,-0.4,5.46,-161.13,-17.1,0.61,0.29,0.77,52.16,68.02,137.8,0
0.94,-0.04,-0.56,-29.79,-180.15,-63.99,1.06,0.37,0.72,-0.64,26.22,186.92,0
1.28,-0.12,-0.56,-73.72,-209.18,-104.57,1.28,0.19,0.45,-21.52,-6.55,253.23,0
1.49,-0.14,-0.45,-128.78,-234.12,-144.33,1.34,0.13,0.14,33.78,-27.77,273.32,0
1.7,-0.4,-0.27,-148.2,-246.52,-185.88,1.39,0.38,0.08,69.54,-29.6,282.74,0
1.98,-0.74,-0.2,-107.07,-252.2,-223.51,1.48,0.63,0.24,75.52,-55.03,313.45,0
2.32,-1.08,0.32,-49.7,-251.52,-238.2,1.79,0.58,0.28,125.15,-67.29,332.35,0
2.54,-1.51,0.92,-52.29,-239.6,-220.46,2.18,1.02,-0.06,117.47,-51.1,312.01,0
2.62,-1.77,0.88,-58.2,-220.88,-173.87,2.41,1.36,0.3,69.73,-10.34,258.17,0
2.32,-2.17,1.19,-63.17,-190.79,-118.32,1.99,1.57,0.32,0.67,3.11,241.98,0
1.73,-2.15,1.35,-62.74,-163.2,-89.21,1.67,1.57,0.67,25.95,-10.3,215.76,0
1.18,-2.1,1.42,-37.71,-126.4,-77.74,1.31,1.71,0.69,-3.05,-7.99,158.17,0
0.89,-2.01,1.36,-11.43,-89.85,-60.55,0.92,1.7,0.56,-27.96,-12.71,111.71,0
0.55,-1.9,1.34,-7.87,-63.84,-35.58,0.72,1.54,0.58,-38.93,-14.7,88.72,0
0.16,-1.73,1.34,-22.2,-28.57,-6.22,0.38,1.39,0.64,-35.95,-20.06,53.78,0
-0.05,-1.59,1.24,-19.7,7.96,26.34,0.04,1.35,0.52,-59.36,-7.71,15.55,0
-0.12,-1.48,1.16,-2.1,40.09,57.07,-0.11,1.11,0.42,-77.68,4.05,-36.19,0
-0.28,-1.38,0.98,9.63,64.15,85.4,-0.29,0.97,0.54,-22.84,-6.89,-66.25,0
-0.45,-1.29,0.83,19.05,83.32,123.05,-0.32,0.84,0.47,-18.08,0.34,-101.1,0
-0.52,-1.03,0.75,34.57,103.99,157.32,-0.52,0.75,0.39,-44.12,43.35,-162.07,0
-0.42,-0.83,0.58,58.72,124.82,187.01,-0.47,0.76,0.2,-39.6,112.84,-211.34,0
-0.26,-0.72,0.41,81.19,138.14,212.68,-0.44,0.52,0.27,-23.54,147.5,-270.15,0
-0.22,-0.57,0.24,93.14,141.95,230.15,-0.39,0.52,0.25,18.32,122.59,-281.98,0
-0.19,-0.53,0.14,108.41,139.6,233.32,-0.28,0.6,0.34,44.3,137.93,-284.05,0
-0.17,-0.45,0.12,115.06,129.85,225.76,-0.23,0.76,0.46,50.18,148.38,-264.6,0
-0.24,-0.32,0.08,108.05,115.06,203.63,-0.17,0.88,0.53,53.57,138.99,-243.38,0
-0.18,-0.41,0.05,88.26,95.4,174.48,-0.03,1.0,0.64,47.62,127.44,-211.55,0
-0.07,-0.38,-0.0,70.46,71.62,138.05,0.23,1.02,0.69,23.45,113.48,-167.29,0
0.02,-0.31,-0.09,53.6,47.01,93.96,0.47,0.9,0.65,-2.56,84.82,-89.42,0
0.18,-0.22,-0.17,27.99,18.96,50.67,0.55,0.56,0.68,6.49,80.12,-58.23,0
0.38,-0.16,-0.22,1.74,-8.45,3.78,0.65,0.55,0.53,-26.74,55.15,-8.6,0
0.63,-0.22,-0.22,-8.96,-38.99,-43.84,0.91,0.54,0.55,-25.37,-29.45,63.69,0
0.76,-0.26,-0.23,-18.17,-69.97,-80.24,0.91,0.44,0.39,51.07,-48.75,104.45,0
0.94,-0.17,-0.24,-38.75,-94.05,-112.41,1.07,0.42,0.14,32.93,-57.13,138.75,0
1.19,-0.17,-0.25,-55.7,-121.25,-145.95,1.21,0.52,0.14,26.22,-66.55,171.4,0
1.36,-0.22,-0.21,-64.54,-149.3,-176.52,1.36,0.55,0.12,17.5,-58.9,209.48,0
1.48,-0.44,-0.14,-67.84,-176.65,-193.17,1.34,0.63,-0.04,5.64,-51.07,248.69,0
1.73,-0.78,0.27,-67.99,-188.87,-196.16,1.29,0.7,-0.07,26.34,-66.13,263.32,0
1.9,-0.79,0.63,-64.3,-190.58,-202.9,1.49,0.64,0.16,46.04,-97.26,258.57,0
1.94,-0.89,0.65,-26.83,-174.21,-209.3,1.78,0.69,0.1,53.38,-85.12,225.67,0
2.12,-1.34,0.72,3.32,-150.24,-187.62,1.81,1.21,0.05,49.73,-80.43,177.04,0
2.09,-1.54,0.88,-5.18,-137.77,-147.8,1.87,0.92,-0.08,41.22,-65.91,187.5,0
1.85,-1.49,0.98,-43.14,-128.99,-108.57,1.92,1.04,0.19,77.35,-37.99,175.73,0
1.58,-1.56,1.08,-54.91,-115.12,-80.85,1.65,1.45,0.34,47.77,-17.68,147.77,0
1.41,-1.54,1.26,-36.65,-91.13,-65.12,1.33,1.47,0.31,1.55,-17.62,124.24,0
1.18,-1.52,1.24,-1.59,-58.32,-56.34,1.12,1.24,0.41,-16.22,-30.12,95.76,0
0.94,-1.64,1.18,11.13,-23.2,-36.34,0.99,1.15,0.49,-16.59,-43.57,57.93,0
0.65,-1.51,1.05,6.25,5.12,-10.58,0.85,1.1,0.48,-15.06,-49.76,13.23,0
0.39,-1.39,1.01,-15.3,31.52,13.02,0.66,1.11,0.47,-23.9,-21.13,-17.56,0
0.18,-1.39,1.01,-44.57,55.27,37.41,0.29,1.22,0.52,-32.38,-28.35,-37.5,0
-0.03,-1.42,0.84,-48.2,74.76,64.91,0.08,1.16,0.55,-68.96,-18.57,-62.77,0
-0.22,-1.45,0.8,-24.45,96.22,94.3,-0.26,0.92,0.61,-97.77,-24.39,-78.41,0
-0.32,-1.21,0.75,10.15,124.66,124.82,-0.36,0.66,0.46,-91.07,5.85,-125.21,0
-0.33,-0.8,0.63,38.23,153.14,154.73,-0.51,0.47,0.3,-108.72,52.8,-199.94,0
-0.22,-0.61,0.49,51.28,176.34,188.48,-0.51,0.45,0.17,-86.92,102.04,-260.09,0
-0.16,-0.54,0.33,55.52,185.0,217.56,-0.49,0.51,0.13,-34.42,125.61,-297.47,0
-0.2,-0.47,0.2,66.19,186.83,237.26,-0.45,0.54,0.21,0.95,121.77,-312.26,0
-0.24,-0.37,0.12,80.58,183.11,241.46,-0.39,0.63,0.37,16.49,129.7,-308.6,0
-0.25,-0.38,0.1,88.57,172.13,231.52,-0.33,0.84,0.45,10.64,137.99,-285.7,0
-0.28,-0.31,0.08,91.77,150.85,208.35,-0.18,0.98,0.5,1.46,136.01,-257.04,0
-0.27,-0.33,0.11,77.1,126.65,181.19,-0.09,0.96,0.52,-6.28,133.51,-217.74,0
-0.22,-0.29,0.1,63.54,101.65,151.71,0.04,0.91,0.5,-6.22,115.88,-172.16,0
-0.18,-0.17,-0.01,42.23,71.8,113.29,0.14,0.86,0.57,5.73,99.63,-130.3,0
0.0,-0.13,-0.14,23.17,39.24,63.38,0.29,0.99,0.73,-9.48,44.73,-55.95,0
0.38,-0.17,-0.2,8.51,4.12,10.37,0.71,0.88,0.63,-40.18,36.83,-4.82,0
0.73,-0.27,-0.21,-1.68,-36.25,-42.53,1.0,0.63,0.43,-23.93,-14.27,75.18,0
0.94,-0.22,-0.22,-15.79,-72.13,-91.4,1.24,0.43,0.3,15.49,-50.64,126.98,0
1.13,-0.16,-0.25,-40.79,-109.76,-131.04,1.26,0.43,0.19,27.71,-52.26,159.21,0
1.38,-0.19,-0.25,-63.84,-148.23,-165.49,1.35,0.52,0.05,40.18,-53.35,195.27,0
1.52,-0.26,-0.2,-82.35,-185.12,-189.3,1.44,0.57,-0.09,30.82,-60.03,237.56,0
1.6,-0.42,-0.09,-95.61,-210.21,-199.91,1.32,0.6,-0.04,-0.73,-60.3,270.12,0
1.81,-0.73,0.44,-81.8,-208.63,-205.15,1.21,0.56,0.15,4.76,-86.49,270.73,0
1.81,-1.0,0.56,-51.89,-195.61,-205.95,1.39,0.57,0.22,35.76,-95.61,252.96,0
1.86,-1.25,0.84,-22.99,-168.26,-193.54,1.6,0.85,0.27,41.07,-91.98,241.74,0
1.77,-1.33,0.94,-28.41,-143.54,-175.03,1.6,1.02,0.38,31.34,-95.85,223.08,0
1.57,-1.4,0.91,-63.99,-121.83,-156.04,1.66,1.19,0.5,7.68,-97.74,180.37,0
1.38,-1.52,0.91,-102.8,-103.57,-140.3,1.4,1.52,0.59,-36.77,-73.38,171.43,0
1.19,-1.71,0.97,-117.68,-81.43,-129.85,1.18,1.43,0.69,-74.94,-75.34,160.52,0
1.01,-1.74,1.0,-96.04,-53.29,-120.0,1.04,1.1,0.74,-77.99,-76.71,124.05,0
0.86,-1.58,0.99,-79.51,-18.05,-105.0,0.89,0.97,0.7,-67.07,-84.36,82.68,0
0.78,-1.5,0.84,-66.28,15.3,-86.95,0.79,0.97,0.63,-68.38,-87.29,50.21,0
0.61,-1.27,0.67,-70.34,42.44,-69.3,0.7,0.84,0.65,-75.27,-90.46,18.84,0
0.47,-1.2,0.56,-85.21,65.64,-52.07,0.62,0.74,0.63,-96.89,-85.98,-4.05,0
0.44,-1.13,0.54,-92.99,91.71,-38.32,0.49,0.66,0.62,-111.16,-79.18,-29.36,0
0.5,-0.98,0.46,-84.6,120.18,-30.88,0.46,0.54,0.65,-113.48,-82.53,-56.71,0
0.52,-0.95,0.37,-71.4,150.37,-23.05,0.48,0.42,0.59,-124.24,-95.12,-83.9,0
0.49,-0.82,0.29,-74.57,178.02,-13.69,0.47,0.39,0.55,-126.65,-105.18,-105.7,0
0.43,-0.72,0.17,-88.29,197.99,-5.98,0.4,0.4,0.53,-132.53,-105.4,-121.8,0
0.42,-0.73,0.18,-99.15,214.48,0.76,0.35,0.46,0.52,-146.83,-110.52,-131.28,0
0.44,-0.65,0.19,-102.96,228.93,3.35,0.34,0.52,0.48,-168.51,-116.04,-138.26,0
0.48,-0.75,0.26,-102.07,243.57,6.31,0.38,0.59,0.46,-173.05,-124.12,-146.07,0
0.45,-0.66,0.26,-100.79,253.17,11.25,0.41,0.61,0.39,-168.57,-111.77,-160.67,0
0.38,-0.66,0.32,-107.99,259.21,20.52,0.36,0.61,0.32,-174.3,-109.7,-174.39,0
0.37,-0.7,0.4,-105.7,263.05,28.57,0.18,0.81,0.36,-181.01,-105.55,-181.37,0
0.38,-0.72,0.55,-86.95,269.54,34.76,0.2,0.93,0.21,-172.32,-90.03,-187.07,0
0.29,-0.65,0.56,-77.26,273.41,41.77,0.18,0.94,0.16,-175.12,-91.37,-198.32,0
0.17,-0.63,0.52,-76.77,268.41,54.54,0.13,0.95,0.07,-185.43,-75.37,-208.69,0
0.07,-0.66,0.59,-79.7,256.71,68.87,0.05,1.01,0.07,-164.66,-41.13,-214.76,0
0.06,-0.69,0.67,-59.42,249.51,77.04,0.02,1.02,0.12,-131.62,-33.11,-217.74,0
0.08,-0.71,0.75,-25.64,247.53,81.04,0.01,1.04,0.17,-121.68,-30.27,-225.34,0
0.07,-0.59,0.71,4.3,247.56,77.65,-0.02,1.07,0.15,-102.87,-32.41,-233.02,0
0.05,-0.57,0.61,8.38,242.32,78.11,0.01,1.03,0.09,-97.07,-28.87,-234.88,0
0.09,-0.62,0.6,10.76,235.27,79.79,0.0,0.94,0.14,-90.58,-21.83,-237.23,0
