-0.43,-0.14,0.86,-2.26,-9.76,-2.23,-0.25,0.7,0.69,1.59,-5.85,5.95,1
-0.42,-0.16,0.9,-4.88,-3.02,2.26,-0.22,0.71,0.71,4.02,1.62,0.98,1
-0.41,-0.14,0.9,-1.22,2.29,5.4,-0.18,0.73,0.69,1.22,4.48,-1.65,1
-0.41,-0.12,0.85,-4.36,3.66,7.99,-0.19,0.72,0.66,0.64,8.93,-1.34,1
-0.4,-0.11,0.82,-0.27,0.55,7.65,-0.21,0.7,0.66,7.93,5.79,-0.21,1
-0.41,-0.11,0.82,0.76,-3.84,4.94,-0.2,0.72,0.67,5.52,1.92,2.5,1
-0.41,-0.1,0.83,1.31,-10.21,1.46,-0.19,0.71,0.67,7.44,-3.32,6.4,1
-0.41,-0.1,0.84,1.16,-11.49,-1.62,-0.2,0.7,0.67,5.61,-8.6,7.07,1
-0.39,-0.13,0.88,-2.71,-8.84,-1.01,-0.18,0.73,0.67,3.9,-4.51,3.63,1
-0.4,-0.13,0.88,-0.98,-5.76,2.26,-0.19,0.73,0.66,2.74,-1.8,4.27,1
-0.4,-0.1,0.85,-3.84,-3.51,3.9,-0.19,0.72,0.64,0.43,1.8,2.77,1
-0.38,-0.11,0.84,-4.97,-2.44,3.54,-0.18,0.71,0.67,-0.3,-0.03,2.9,1
-0.4,-0.1,0.81,-11.4,-3.9,2.16,-0.2,0.7,0.67,-6.13,-1.25,5.58,1
-0.4,-0.15,0.85,-12.07,-5.34,4.42,-0.16,0.69,0.66,-5.67,-1.46,7.8,1
-0.42,-0.14,0.76,-16.83,-8.38,10.12,-0.2,0.67,0.66,-15.06,5.27,17.47,1
-0.5,-0.21,0.88,-0.21,-5.15,13.32,-0.27,0.65,0.73,-21.13,9.94,27.71,1
-0.71,-0.25,0.97,-30.27,16.8,47.2,-0.46,0.72,0.78,-20.0,43.66,37.59,1
-0.88,-0.2,1.29,-36.74,90.95,83.11,-0.7,0.82,0.86,-25.64,119.18,-11.4,1
-1.02,-0.2,1.36,-26.25,171.49,134.42,-0.95,0.87,0.93,-6.1,199.51,-77.77,1
-1.07,-0.27,1.09,6.07,224.45,149.97,-0.97,0.93,0.99,-1.89,252.41,-125.82,1
-1.09,-0.04,0.71,-14.7,219.12,167.62,-1.13,0.76,1.03,-26.59,282.38,-121.86,1
-1.07,-0.03,0.33,-3.69,153.38,118.6,-1.0,0.54,0.91,-33.72,209.39,-85.91,1
-0.69,0.17,-0.05,23.38,56.59,53.41,-0.51,0.39,0.72,29.33,78.17,-42.9,1
-0.76,0.1,0.17,-8.29,-36.25,29.36,-0.91,0.5,0.18,4.15,10.37,12.01,1
-0.53,0.18,0.05,33.72,-108.81,10.18,-0.19,0.36,-0.08,14.18,-22.07,58.54,1
-0.3,0.34,0.21,39.85,-160.52,23.87,-0.27,0.63,0.27,135.06,-38.9,60.79,1
-0.24,0.39,0.91,-22.23,-170.73,40.27,-0.54,0.49,-0.01,57.32,-71.62,37.56,1
0.53,0.56,0.47,48.14,-66.86,-15.85,0.01,-0.3,-0.54,-22.87,38.35,51.77,1
-0.08,0.82,1.02,-177.5,160.91,-16.95,-0.58,1.13,0.04,-116.16,45.7,-108.57,1
-0.65,0.26,0.29,-56.98,204.48,17.87,-0.95,-0.0,0.04,-69.12,104.15,-114.33,1
-0.99,0.12,0.08,22.07,169.91,6.86,-1.09,0.32,0.12,0.61,69.45,-100.49,1
-1.08,0.25,-0.19,56.71,115.27,-11.22,-1.12,0.06,0.2,-41.19,59.73,-60.88,1
-1.57,0.43,-0.84,108.75,26.62,-35.46,-1.29,-0.1,0.24,-3.11,11.74,-49.12,1
-1.12,0.07,-0.54,80.3,-138.29,6.77,-0.7,0.38,0.18,137.65,-79.79,85.85,1
-0.29,0.49,0.28,81.62,-225.73,36.13,-0.56,0.35,-0.0,117.07,-75.79,127.93,1
-0.2,0.62,0.24,0.12,-184.21,35.3,-0.46,0.19,-0.35,40.64,-35.24,1.01,1
0.51,1.07,0.47,-50.12,37.13,-2.77,-0.05,0.44,-1.51,-75.85,-10.95,43.54,1
-0.0,0.32,0.89,-80.58,181.52,47.5,-0.34,0.55,0.01,-2.62,102.44,-78.32,1
-0.83,0.26,0.46,88.72,162.68,-17.2,-0.96,0.54,0.35,24.73,81.01,-89.33,1
-1.19,0.15,0.04,133.63,109.54,-50.79,-1.17,0.42,0.26,69.94,-3.29,-97.07,1
-1.1,0.35,-0.2,180.43,46.86,-49.27,-1.18,0.4,0.06,86.34,-22.93,-59.39,1
-1.19,0.18,-0.05,148.08,2.2,-31.83,-1.22,0.18,0.18,101.89,-22.16,-6.1,1
-1.36,0.05,-0.15,160.0,-16.43,-23.66,-1.18,-0.01,0.16,157.74,-41.4,-24.39,1
-1.49,0.07,-0.3,141.74,-16.43,-11.13,-1.45,-0.15,0.14,144.94,-27.41,-27.77,1
-1.53,0.12,-0.68,143.78,-5.95,-11.77,-1.48,-0.29,-0.11,128.38,-13.41,-36.46,1
-1.6,0.29,-0.76,141.52,-16.4,-10.73,-1.6,-0.18,-0.14,131.04,-24.63,-19.6,1
-1.76,0.27,-0.76,92.65,-71.34,3.26,-1.88,-0.17,-0.2,135.67,-41.04,23.02,1
-1.65,0.19,-0.92,129.63,-139.48,-31.77,-1.65,-0.28,0.17,118.26,-70.24,56.86,1
-0.75,0.07,-0.59,127.47,-247.41,-47.74,-0.35,-0.3,0.63,77.13,-308.2,-46.43,1
0.23,-0.44,0.24,156.28,-324.91,-42.29,1.12,0.43,-0.02,222.2,-185.09,-191.22,1
0.91,-0.49,0.38,-8.29,-271.59,-17.01,-0.07,-1.01,-0.37,-28.6,-28.2,96.19,1
-0.17,0.53,0.17,-25.7,27.5,4.21,-0.5,1.02,-0.35,-9.66,23.48,-49.94,1
-0.39,0.1,0.91,-100.58,164.48,106.46,-0.65,0.03,0.53,14.39,162.84,19.79,1
-1.16,-0.28,0.3,-16.89,157.77,56.04,-1.08,0.04,0.68,-78.17,145.27,-16.4,1
-1.11,-0.0,0.13,-56.28,116.13,51.4,-1.01,0.31,0.47,-68.99,78.87,-23.63,1
-1.13,0.21,0.1,-89.48,25.21,66.95,-1.12,0.2,0.34,-36.22,26.37,15.37,1
-0.98,0.47,0.42,-41.4,-2.74,51.49,-1.17,0.28,0.08,-51.59,40.7,68.9,1
-0.6,0.53,0.53,19.51,29.42,5.27,-0.62,0.51,0.08,-10.64,17.13,-26.77,1
-0.67,0.41,0.02,-17.07,49.54,-27.01,-0.91,0.24,-0.01,-67.56,9.45,-13.14,1
-1.43,0.3,-0.44,14.42,5.09,-58.08,-1.42,-0.01,0.17,10.34,-1.62,-37.77,1
-1.5,0.11,0.07,15.95,-124.94,-76.34,-1.1,0.5,0.56,84.48,-140.03,8.69,1
-0.72,0.11,0.33,-0.3,-251.34,-59.79,-0.93,0.5,0.48,36.49,-171.43,128.23,1
0.43,0.14,1.61,-189.94,-199.09,-53.78,-0.26,0.26,0.11,-37.01,-144.7,4.82,1
0.5,0.04,0.38,28.51,78.6,34.27,0.15,-0.19,-0.59,-23.72,69.09,44.54,1
-0.38,-0.29,0.45,-47.96,214.3,112.62,-0.7,0.12,0.64,61.04,150.15,-66.8,1
-0.79,0.05,0.3,-10.15,207.26,52.62,-1.12,0.16,0.37,-37.23,168.66,-41.77,1
-1.28,-0.01,-0.35,-11.49,170.4,33.29,-1.27,-0.28,0.41,-64.88,122.41,-80.46,1
-0.82,0.06,-0.13,-153.75,105.4,46.28,-0.67,0.24,0.23,-122.93,48.84,20.0,1
-0.85,0.22,-0.27,-203.41,42.56,52.96,-0.96,0.02,-0.01,-256.74,24.02,40.09,1
-0.97,0.16,-0.06,-117.99,-2.38,29.42,-0.6,-0.29,-0.01,-89.42,0.4,59.3,1
-0.85,0.22,-0.02,-135.06,-51.65,15.85,-0.92,0.4,0.47,-148.29,-28.69,90.88,1
-1.03,0.17,0.27,-149.7,-106.49,-6.4,-1.11,0.29,0.36,-159.18,-84.82,121.71,1
-1.41,0.04,0.36,-199.45,-82.41,10.49,-1.4,0.38,0.36,-180.18,-18.02,86.46,1
-1.61,0.06,0.5,-150.43,-55.27,28.38,-1.54,0.57,0.26,-148.81,9.3,87.77,1
-1.86,0.21,0.7,-73.38,3.14,58.72,-1.78,0.54,0.38,-53.96,30.76,58.14,1
-1.92,0.35,0.55,-44.09,49.88,111.8,-1.87,0.63,0.18,19.3,90.09,51.1,1
-1.54,0.3,0.39,47.68,67.29,94.79,-1.48,0.43,0.54,77.1,114.94,-37.56,1
-1.19,0.18,0.17,20.4,15.09,72.68,-1.44,0.46,0.76,65.21,82.01,-11.86,1
-1.1,0.09,0.1,47.35,-65.73,26.07,-0.94,0.32,0.33,92.16,-5.98,26.68,1
-0.23,0.27,-0.01,72.2,-148.54,-3.29,0.09,0.39,0.46,95.34,-82.01,64.05,1
0.3,0.28,0.39,-23.72,-195.7,18.08,-0.15,0.73,0.06,108.72,-108.45,59.82,1
0.37,0.32,0.07,-127.59,-169.05,-22.9,0.01,-0.19,-0.25,-199.6,-7.16,114.24,1
0.21,0.3,0.53,-43.26,20.82,4.3,-0.02,0.23,-0.95,-29.7,-17.35,2.01,1
-0.2,0.78,0.92,-118.14,139.73,61.01,-0.57,0.94,0.07,-56.46,114.09,-54.57,1
-0.6,0.25,0.85,-22.65,178.38,47.59,-0.88,0.43,0.28,-75.15,96.62,-52.93,1
-1.1,0.25,0.39,27.99,158.02,18.38,-1.34,0.43,0.24,10.61,93.02,-90.06,1
-1.19,0.37,0.1,33.63,131.19,-4.82,-1.24,0.49,0.06,-24.66,69.79,-82.01,1
-1.48,0.33,-0.2,35.09,69.12,-30.27,-1.42,0.26,0.33,-13.32,8.51,-52.8,1
-1.6,0.05,-0.54,39.79,-60.55,-30.98,-1.57,0.04,0.12,-4.57,-53.9,30.61,1
-0.72,0.25,0.22,18.63,-155.91,39.24,-0.68,0.45,0.09,87.32,-86.28,99.21,1
-0.49,0.45,0.5,52.16,-213.81,14.48,-0.85,0.8,0.35,51.25,-70.43,55.3,1
0.16,0.65,-0.5,-28.29,-168.63,-2.68,-0.26,-0.51,-0.42,-27.87,-31.34,73.51,1
0.24,0.44,0.73,-83.14,91.16,13.26,-0.1,0.77,-0.33,9.36,-27.87,-28.78,1
0.04,0.61,0.92,-70.7,139.42,45.7,-0.37,0.59,0.1,5.49,95.06,-33.51,1
-0.38,0.09,0.59,-53.41,163.08,31.31,-0.56,0.63,0.39,-56.95,88.81,-71.8,1
-0.92,0.25,0.42,48.41,128.87,-18.17,-0.87,0.37,0.39,-11.04,51.68,-72.87,1
-0.75,0.23,0.19,89.24,93.29,-55.46,-0.91,0.45,0.31,72.35,-12.8,-86.52,1
-1.06,0.13,0.18,128.9,54.91,-78.96,-1.39,0.34,0.16,91.89,-33.9,-61.1,1
-1.23,-0.13,-0.05,153.08,-7.32,-94.36,-0.9,0.05,0.49,110.21,-117.62,-60.12,1
-1.13,-0.22,0.08,114.02,-30.91,-93.32,-1.07,0.02,0.58,49.63,-76.86,-42.29,1
-1.19,-0.2,-0.05,155.82,-53.6,-103.38,-1.17,-0.04,0.45,115.49,-97.53,-43.02,1
-1.24,-0.14,-0.07,115.79,-89.24,-89.45,-1.19,-0.14,0.19,32.87,-94.27,-3.51,1
-1.45,-0.07,0.04,102.96,-79.27,-72.87,-1.31,-0.04,0.23,97.32,-108.6,-5.91,1
-1.71,0.02,0.23,98.75,-37.44,-43.81,-1.59,0.17,0.18,100.98,-88.23,-13.38,1
-1.64,0.03,0.21,89.21,2.32,-16.07,-1.55,0.26,0.37,147.59,-60.88,-49.7,1
-1.65,-0.16,0.48,38.35,11.46,16.95,-1.49,0.43,0.66,72.07,26.77,-23.9,1
-1.56,-0.1,0.33,121.43,3.26,0.73,-1.59,0.32,0.76,110.06,38.02,-31.86,1
-1.07,-0.07,0.28,113.14,-49.6,-2.01,-0.78,0.44,0.74,87.5,-26.01,2.38,1
-0.51,0.04,0.33,130.43,-97.41,-40.55,-0.49,0.29,0.67,95.91,-74.45,21.22,1
-0.34,-0.05,0.4,97.59,-139.48,-39.39,-0.53,0.27,0.52,109.3,-104.6,18.93,1
-0.11,-0.24,0.64,51.34,-188.51,-21.01,-0.24,0.45,0.68,98.93,-104.6,5.0,1
0.3,0.33,1.08,-95.12,-110.91,-26.37,-0.19,0.35,-0.22,-43.14,-25.91,-34.7,1
0.22,-0.15,0.23,-43.81,42.9,50.73,-0.01,-0.09,-0.96,-63.87,6.8,33.78,1
-0.25,0.4,1.23,-49.24,194.27,68.9,-0.65,0.67,0.63,27.8,146.43,-48.9,1
-0.52,-0.05,0.41,-36.28,224.82,35.91,-0.65,0.42,0.58,-83.54,160.18,-76.25,1
-1.16,0.3,0.18,0.7,175.85,5.03,-1.33,0.36,0.24,22.32,110.7,-76.68,1
-1.45,0.2,-0.25,59.09,131.25,-32.38,-1.36,0.03,0.41,-3.96,79.39,-86.65,1
-1.39,0.05,-0.22,-1.52,40.24,-32.93,-1.34,0.28,0.07,-28.23,-74.45,-67.53,1
-1.54,-0.28,-0.51,4.15,-116.8,-49.05,-1.64,0.01,0.25,45.37,-69.91,63.57,1
-0.85,-0.01,0.52,22.8,-182.65,-21.55,-0.82,0.44,0.54,27.2,-120.79,70.43,1
-0.28,-0.03,0.48,-87.87,-189.82,-14.45,-0.4,0.44,0.26,-55.61,-60.15,25.03,1
0.54,-0.33,0.34,0.64,-41.83,51.31,0.16,-0.63,-0.79,-70.58,4.39,60.21,1
-0.63,-0.2,0.57,-16.1,133.02,74.73,-0.86,0.45,0.46,89.27,105.12,5.15,1
-0.64,0.06,0.43,-64.3,120.06,101.71,-0.75,0.36,0.5,-53.54,136.04,17.1,1
-0.95,0.17,0.11,-92.2,104.88,99.66,-1.19,0.04,0.24,-100.52,109.79,0.15,1
-0.65,0.01,0.14,-88.26,90.12,91.62,-0.5,0.17,0.17,-100.21,56.74,7.96,1
-0.58,0.34,0.13,-57.59,85.79,73.75,-0.78,0.35,0.16,-72.9,92.38,-0.98,1
-0.84,0.21,-0.03,-69.7,20.82,59.3,-0.61,0.33,0.29,-86.62,-0.06,48.63,1
-1.05,0.21,0.1,-138.63,-60.4,47.99,-1.14,0.74,0.59,-154.7,-66.55,165.79,1
-1.22,0.41,0.48,-173.63,-120.82,27.71,-1.35,0.63,0.83,-177.23,-68.51,149.91,1
-1.26,0.48,0.58,-234.76,-126.8,-25.03,-1.24,0.96,0.4,-206.01,-112.5,108.96,1
-1.08,0.36,0.87,-190.43,-137.65,-50.46,-1.27,0.98,0.35,-205.55,-102.68,111.04,1
-1.31,0.03,1.26,-104.76,-75.61,49.73,-1.05,0.98,0.49,5.0,-33.02,110.73,1
-1.25,-0.17,1.19,43.05,47.29,83.69,-1.19,0.54,0.7,76.92,75.91,-0.09,1
-1.31,0.15,0.78,16.16,126.68,109.82,-1.33,0.66,0.7,36.74,181.04,-30.0,1
-1.34,-0.01,0.78,28.29,135.61,101.49,-1.25,0.7,0.87,79.12,156.68,-57.62,1
-1.05,-0.05,0.76,-15.49,119.57,85.4,-0.99,0.68,1.04,15.88,166.19,-79.12,1
-1.09,0.1,0.49,19.7,84.24,51.46,-1.25,0.5,0.59,7.04,125.64,-48.08,1
-1.0,-0.03,0.14,29.21,13.32,6.31,-0.6,0.38,0.73,23.6,14.39,-25.82,1
-0.36,0.16,-0.16,26.43,-83.75,-23.78,-0.39,0.31,0.39,13.29,-52.56,44.05,1
-0.08,0.18,-0.03,9.27,-183.45,25.49,-0.05,0.26,-0.0,60.12,-99.51,69.24,1
0.28,0.49,0.33,-81.43,-190.64,19.3,-0.05,0.63,-0.11,-37.26,-62.41,33.87,1
0.4,0.69,0.03,-54.51,-66.71,13.26,-0.03,-0.36,-1.24,-109.09,4.73,57.01,1
-0.25,0.46,1.13,-87.38,90.61,49.66,-0.64,0.93,-0.13,-11.89,49.94,-1.1,1
-0.42,0.51,1.2,-21.13,161.52,58.17,-0.83,0.75,0.32,-14.09,110.98,-56.1,1
-0.75,0.39,0.59,34.02,172.47,-7.41,-0.91,0.8,0.3,-38.41,93.54,-95.61,1
-1.06,0.29,0.29,-1.86,136.55,-8.84,-1.27,0.37,0.12,-28.66,66.65,-54.76,1
-1.47,0.24,-0.16,41.49,92.38,-19.94,-1.44,0.17,0.22,25.12,39.39,-93.29,1
-1.45,0.09,-0.33,25.85,-1.68,-5.3,-1.26,0.34,0.04,20.95,-32.53,2.47,1
-1.29,0.1,-0.38,22.84,-175.21,6.13,-1.27,0.24,-0.0,74.63,-123.96,91.13,1
-0.69,0.03,0.79,5.15,-254.33,-12.2,-0.71,0.85,0.65,86.68,-121.46,64.09,1
0.09,0.29,-0.18,-12.01,-213.32,-15.95,-0.19,-0.21,-0.58,-39.15,-87.62,83.14,1
0.43,0.48,0.45,-93.29,18.14,28.6,0.19,1.03,-1.02,-33.66,-38.54,21.04,1
0.27,0.81,1.43,-38.84,117.35,90.34,-0.46,0.77,0.05,77.04,96.62,-18.23,1
-0.26,0.28,0.87,-0.37,166.95,55.03,-0.52,0.9,0.42,-56.62,117.07,-76.37,1
-0.75,0.26,0.48,71.19,135.73,12.47,-0.67,0.41,0.34,20.34,59.79,-79.33,1
-0.87,0.27,0.19,113.93,97.41,-60.34,-1.11,0.36,0.38,123.48,36.43,-99.05,1
-1.13,0.15,0.02,105.18,37.8,-92.1,-0.88,0.28,0.22,77.62,-77.53,-62.62,1
-1.0,-0.07,-0.02,131.65,-19.73,-116.28,-1.02,0.16,0.43,33.6,-144.05,-17.59,1
-1.01,-0.16,-0.01,120.24,-75.82,-95.34,-1.18,0.22,0.29,87.68,-110.73,-16.95,1
-1.23,-0.06,0.24,128.51,-116.59,-94.82,-1.16,0.21,0.51,74.54,-143.87,29.24,1
-1.23,0.0,0.41,103.96,-118.78,-108.48,-1.21,0.21,0.46,45.09,-147.2,14.79,1
-1.52,0.29,0.61,90.91,-74.15,-80.4,-1.53,0.37,0.25,47.68,-81.95,-2.8,1
-1.71,0.15,0.49,130.0,5.37,-62.44,-1.67,0.43,0.14,113.66,-54.76,-54.45,1
-1.52,0.19,0.32,119.63,68.45,-45.3,-1.39,0.32,0.31,146.34,-9.79,-103.72,1
-1.5,0.07,0.29,86.25,64.48,-19.94,-1.29,0.39,0.39,104.79,27.62,-89.09,1
-1.52,0.01,0.32,81.13,46.55,-7.74,-1.5,0.44,0.51,72.74,44.91,-73.32,1
-1.27,-0.08,0.21,68.93,4.85,-11.68,-1.22,0.33,0.7,60.21,8.45,-35.3,1
-0.96,0.01,0.14,79.02,-54.94,-34.39,-0.84,0.28,0.55,89.63,-37.23,-7.96,1
-0.57,0.0,0.07,90.58,-135.79,-53.72,-0.64,0.23,0.43,69.45,-98.23,39.42,1
-0.26,-0.05,0.4,72.47,-214.88,-30.73,-0.27,0.24,0.62,123.6,-122.99,22.71,1
0.48,0.11,0.47,-143.57,-191.07,-46.62,0.04,0.43,0.09,18.32,-110.82,14.6,1
0.15,-0.19,0.11,49.51,-15.76,-8.69,0.05,-0.31,-1.0,-39.88,-89.27,6.13,1
-0.31,0.47,1.25,-71.86,132.13,73.54,-0.72,0.59,0.26,1.92,93.81,-29.7,1
-0.45,-0.32,0.38,-11.07,174.6,78.17,-0.48,0.02,0.46,27.04,188.9,5.27,1
-1.0,0.2,0.6,18.2,150.79,34.76,-1.14,0.65,0.67,-8.63,86.13,-56.74,1
-1.48,0.18,0.16,62.04,107.26,-4.39,-1.56,0.01,0.42,23.87,67.59,-66.95,1
-1.45,0.19,-0.1,31.25,36.92,-40.85,-1.65,0.25,0.31,2.01,32.1,-83.66,1
-1.63,0.01,-0.19,-2.35,-77.65,-54.39,-1.59,0.25,0.37,-83.08,-47.32,2.47,1
-0.87,-0.02,0.86,-16.74,-155.52,-27.5,-0.95,0.8,0.89,9.6,-81.01,45.46,1
-0.04,0.12,0.37,-73.41,-178.29,-57.2,-0.24,0.31,-0.07,-167.65,-87.77,37.32,1
0.32,-0.15,-0.18,17.01,-30.95,54.79,0.15,-0.51,-0.75,-35.21,21.22,16.89,1
-0.64,-0.08,-0.05,-5.37,164.12,97.96,-0.75,0.08,0.11,37.41,97.41,49.79,1
-0.67,0.33,0.54,-64.36,107.84,73.84,-0.89,0.13,0.4,5.18,80.49,33.75,1
-0.77,-0.09,0.63,-161.65,111.86,113.02,-1.04,0.2,0.3,-116.68,101.28,16.89,1
-0.98,-0.16,-0.14,-88.84,75.76,127.96,-0.93,-0.03,0.11,-113.29,131.74,53.45,1
-0.66,0.2,0.4,-154.97,46.52,133.05,-0.76,0.33,0.41,-124.54,68.02,100.09,1
-0.81,0.47,0.28,-171.22,44.54,94.48,-0.87,0.5,0.21,-154.85,129.48,75.52,1
-0.9,0.27,0.38,-161.71,12.9,55.0,-0.81,0.6,0.48,-154.54,5.18,62.84,1
-0.88,0.19,0.45,-232.68,-55.52,41.31,-0.77,0.99,0.59,-248.48,-33.75,113.63,1
-1.05,0.37,0.85,-210.34,-115.03,6.74,-1.08,0.72,0.75,-263.96,-75.27,190.06,1
-1.41,0.17,1.02,-290.24,-121.92,11.71,-1.14,1.17,0.45,-249.33,-49.82,164.91,1
-1.21,0.27,1.25,-87.04,-61.13,34.36,-1.1,0.88,0.31,-51.07,-12.16,71.28,1
-1.33,-0.01,1.08,-1.62,23.11,83.32,-1.26,0.75,0.68,48.14,62.1,41.13,1
-1.31,0.08,0.88,48.54,108.08,85.09,-1.29,0.65,0.69,82.93,145.06,-40.27,1
-1.35,0.08,0.92,33.93,118.99,91.59,-1.31,0.84,0.91,54.36,149.57,-55.73,1
-1.17,0.17,0.68,98.23,109.73,48.08,-1.13,0.42,0.99,47.68,161.65,-77.44,1
-1.1,0.21,0.43,71.07,50.73,9.97,-1.03,0.68,0.61,115.91,39.02,-41.34,1
-1.04,0.01,0.24,52.56,-25.79,-23.69,-0.75,0.44,0.65,58.9,-39.45,-24.09,1
-0.46,0.08,0.22,1.59,-101.95,-9.45,-0.38,0.48,0.58,44.27,-63.02,44.88,1
0.01,0.28,0.39,51.98,-177.9,-15.79,0.1,0.21,0.19,60.85,-105.06,46.07,1
0.33,0.32,-0.41,-121.8,-191.62,-10.73,0.24,0.33,-0.5,-156.28,-75.46,23.69,1
0.17,0.54,0.39,-64.73,-32.29,-25.52,-0.15,0.49,-1.22,-34.85,-67.77,-0.52,1
-0.34,0.73,0.99,-77.77,85.21,52.47,-0.72,0.78,-0.04,0.37,78.32,2.74,1
-0.56,0.04,0.91,-48.38,148.45,52.23,-0.79,0.39,0.47,-12.2,85.58,-40.27,1
-0.95,0.26,0.65,-16.07,144.54,18.32,-0.97,0.94,0.52,-47.99,104.57,-77.2,1
-1.2,0.05,0.25,34.76,102.23,7.68,-1.23,0.07,0.44,24.97,51.13,-48.41,1
-1.54,0.1,0.14,48.57,11.49,-20.03,-1.67,0.43,0.23,67.2,-38.41,-9.7,1
-1.22,0.05,0.16,49.88,-79.3,-29.76,-0.97,0.37,0.22,7.74,-87.53,20.88,1
-0.63,0.5,0.59,10.12,-160.82,-26.13,-0.73,0.7,0.56,33.41,-67.26,3.35,1
-0.36,0.14,0.07,-61.19,-113.84,17.8,-0.58,0.21,-0.58,-127.71,-51.83,51.31,1
0.37,0.26,0.33,-67.04,14.12,63.29,0.06,0.41,-1.02,8.99,-18.81,43.41,1
0.28,0.78,0.94,63.6,137.74,95.76,-0.35,0.84,-0.11,136.19,133.72,-25.49,1
-0.15,0.3,0.44,28.57,169.66,66.95,-0.39,0.67,0.31,8.96,118.78,-54.15,1
-0.72,0.19,0.4,100.43,135.73,-4.97,-0.6,0.54,0.28,40.15,61.28,-68.78,1
-0.78,0.23,0.07,129.66,63.87,-71.92,-0.82,0.43,0.53,41.8,-22.41,-70.76,1
-1.21,0.13,0.07,104.09,-13.96,-77.23,-1.24,0.13,0.37,73.41,-92.87,-20.0,1
-1.35,-0.18,0.09,137.38,-90.34,-97.96,-0.88,-0.03,0.78,84.18,-179.7,-22.87,1
-1.29,-0.11,0.08,31.8,-138.93,-119.63,-1.39,-0.21,0.7,13.32,-127.8,6.95,1
-1.44,-0.11,0.11,82.71,-116.4,-124.27,-1.53,0.21,0.31,86.13,-173.48,-24.73,1
-1.38,-0.27,0.39,79.79,-114.73,-102.2,-1.35,0.24,0.49,50.55,-170.7,-24.39,1
-1.35,0.08,0.53,126.77,-64.73,-100.09,-1.44,0.25,0.36,82.38,-129.85,-35.46,1
-1.29,-0.01,0.6,115.21,5.3,-65.21,-1.19,0.36,0.38,113.78,-46.98,-62.74,1
-1.57,-0.18,0.39,81.22,42.96,-28.84,-1.47,0.22,0.49,117.35,-19.18,-66.8,1
-1.64,-0.01,0.36,109.94,64.66,-4.94,-1.68,0.49,0.52,131.13,29.39,-75.82,1
-1.58,0.07,0.62,90.73,77.29,27.44,-1.65,0.6,0.79,71.49,111.22,-82.56,1
-1.28,0.09,0.3,114.54,40.43,0.85,-1.09,0.4,0.56,119.39,59.48,-63.48,1
-0.96,0.1,0.06,114.66,-24.27,-31.49,-0.84,0.32,0.6,92.04,-27.93,-21.68,1
-0.76,0.02,-0.02,79.63,-104.27,-51.68,-0.69,0.33,0.58,80.76,-80.79,12.8,1
-0.18,-0.0,0.73,93.2,-174.88,-39.12,-0.1,0.55,0.78,128.35,-140.85,31.65,1
0.18,0.22,0.1,-28.78,-207.96,-38.11,-0.33,0.45,0.19,-40.0,-96.07,-3.57,1
0.52,-0.38,0.29,4.91,-21.55,-6.65,0.29,-0.44,-1.2,-85.0,13.66,18.26,1
-0.23,0.73,0.46,2.65,169.6,62.41,-0.62,0.47,-0.34,31.37,138.66,-7.68,1
-0.54,0.11,0.69,-46.28,230.91,56.49,-0.79,0.4,0.54,18.17,159.79,-83.81,1
-1.47,0.46,-0.0,42.9,163.72,-31.59,-1.7,0.33,0.3,-16.92,101.74,-71.28,1
-1.65,0.2,-0.15,46.49,88.99,-61.1,-1.51,0.22,0.41,14.79,29.18,-71.25,1
-1.56,-0.34,-0.31,19.15,-24.24,-48.14,-1.17,0.1,0.35,38.23,-79.3,-7.23,1
-0.82,-0.31,0.11,30.91,-195.73,-18.11,-2.52,1.42,-0.22,112.96,8.72,284.94,1
-0.73,0.2,0.25,-22.56,-242.1,-17.1,-0.88,0.38,0.79,14.18,-80.43,38.02,1
0.35,0.19,0.22,-116.37,-128.23,-3.05,-0.02,-0.32,-0.81,-174.48,-29.7,5.52,1
0.58,0.0,0.11,-15.91,93.9,117.8,0.2,0.04,-0.47,144.66,111.1,28.35,1
-0.92,0.35,0.38,-13.17,131.62,102.62,-1.01,0.33,0.35,16.28,112.93,29.85,1
-0.78,0.34,0.53,-96.37,97.07,76.65,-0.88,0.39,0.56,-38.78,63.72,13.23,1
-1.29,-0.49,0.44,-109.54,88.05,71.98,-1.23,0.36,0.29,-134.76,103.87,5.52,1
-0.68,0.11,0.23,-91.8,84.7,60.12,-0.8,0.16,0.3,-134.7,51.95,6.01,1
-0.81,0.15,0.1,-110.21,58.48,55.37,-0.85,0.21,0.29,-132.62,65.15,5.76,1
-0.98,0.18,0.14,-153.84,20.55,50.09,-0.8,0.47,0.29,-153.69,8.93,66.68,1
-1.0,0.1,0.05,-170.12,-50.76,34.79,-1.21,0.51,0.8,-165.37,-47.9,107.41,1
-1.05,0.32,0.64,-222.38,-134.54,2.38,-0.61,-2.22,2.68,-441.62,-161.07,191.98,1
-1.37,-0.03,0.63,-280.3,-129.73,-4.3,-1.18,0.96,0.44,-238.69,-88.87,148.11,1
-1.36,0.19,1.05,-138.81,-105.88,32.74,-1.39,0.86,0.27,-113.72,-36.31,98.02,1
-1.22,-0.23,1.11,-11.22,-7.99,79.02,-1.21,0.45,0.7,35.46,23.23,70.43,1
-1.33,-0.26,0.86,-27.65,87.59,105.7,-1.22,0.37,0.75,8.72,146.89,14.45,1
-1.36,-0.06,0.75,13.81,122.77,112.38,-1.42,0.49,0.88,39.02,157.87,-30.98,1
-1.39,0.05,0.61,20.37,117.04,123.35,-1.43,0.69,0.76,26.46,200.37,-31.37,1
-1.43,0.14,0.52,50.24,79.82,68.63,-1.25,0.51,0.79,61.74,129.94,-58.17,1
-0.96,0.21,0.55,11.92,25.03,30.82,-0.83,0.73,0.82,43.63,46.62,-29.24,1
-0.58,0.01,0.2,34.82,-44.73,-22.77,-0.62,0.31,0.63,67.16,-37.56,-10.76,1
0.02,0.15,0.24,22.44,-117.93,-6.55,0.22,0.38,0.2,82.68,-67.41,39.05,1
-0.17,0.43,0.03,-145.58,-182.53,-30.95,-0.27,0.76,-0.02,68.41,-31.1,-66.16,1
0.29,-0.21,-0.07,-44.42,-109.24,-2.5,0.1,-0.45,-1.04,-182.41,-28.17,67.93,1
-0.08,0.7,0.56,-13.96,70.27,55.03,-0.41,0.85,-0.6,25.58,31.37,4.66,1
-0.42,0.71,1.14,-38.84,128.32,74.48,-0.89,0.84,0.11,2.9,127.93,-24.05,1
-0.96,0.44,0.58,5.12,151.13,10.85,-1.11,0.6,0.25,-66.49,67.68,-80.3,1
-0.83,0.41,0.4,5.12,130.46,-14.94,-1.06,0.44,0.13,-51.16,28.93,-39.39,1
-1.57,0.18,-0.03,46.77,62.62,-46.34,-1.65,0.08,0.11,-11.31,19.91,-49.85,1
-1.59,0.2,-0.41,58.41,-24.91,-40.15,-1.38,0.29,0.33,4.76,-37.01,7.04,1
-0.77,0.14,0.37,-10.64,-142.2,-7.87,-1.3,1.06,0.73,81.04,-84.45,-30.46,1
-0.53,0.33,-0.07,-14.54,-227.77,-7.99,-0.74,0.21,-0.03,-87.44,-128.29,78.69,1
0.25,0.47,0.01,8.57,-126.86,-61.74,-0.06,-0.44,-0.68,84.27,-82.93,12.77,1
-0.17,0.08,0.8,9.48,92.71,63.17,-0.45,0.84,-0.43,34.82,34.57,8.48,1
0.2,0.6,1.11,-13.81,128.02,87.62,-0.38,0.73,0.08,63.6,70.67,-37.53,1
-0.05,-0.02,0.42,29.18,161.16,51.01,-0.27,0.65,0.31,7.47,111.43,-76.52,1
-0.65,0.34,0.24,134.88,116.77,-20.37,-0.9,0.32,0.43,61.46,43.66,-62.9,1
-1.22,0.02,0.07,121.31,45.15,-57.8,-0.85,0.4,0.27,75.12,-35.03,-45.3,1
-1.02,0.2,-0.01,168.17,-30.15,-101.16,-1.11,0.35,0.51,84.91,-112.68,-5.43,1
-1.0,-0.02,0.54,151.22,-91.89,-108.35,-1.07,0.18,0.57,91.52,-195.61,39.3,1
-1.37,-0.47,0.28,123.08,-124.09,-122.96,-1.24,-0.04,0.74,71.59,-170.06,17.93,1
-1.23,-0.26,0.44,87.59,-106.13,-97.93,-1.15,-0.02,0.82,81.4,-131.55,-2.53,1
-1.3,-0.32,0.34,72.41,-82.13,-90.49,-1.2,0.19,0.64,45.18,-99.66,-12.01,1
-1.35,0.1,0.33,95.34,-47.47,-94.7,-1.35,0.23,0.38,15.61,-83.08,-37.87,1
-1.49,0.19,0.46,58.99,-28.69,-49.05,-1.43,0.32,0.22,71.43,-43.72,-18.99,1
-1.54,0.02,0.5,102.87,16.4,-40.24,-1.34,0.49,0.34,122.29,-42.1,-51.65,1
-1.58,0.15,0.5,91.68,53.57,-24.42,-1.55,0.44,0.51,134.42,17.13,-95.0,1
-1.7,-0.02,0.52,56.68,69.45,-1.59,-1.71,0.71,0.6,61.4,89.42,-79.3,1
-1.43,0.05,0.4,102.07,24.39,-20.27,-1.36,0.43,0.74,70.7,39.91,-75.64,1
-1.07,0.09,0.4,116.4,-37.16,-47.04,-0.94,0.56,0.75,121.46,-43.66,-43.75,1
-0.48,0.01,0.47,81.13,-114.82,-47.26,-0.53,0.41,0.55,72.9,-62.59,23.78,1
-0.14,-0.2,0.47,113.9,-169.6,-44.09,0.17,0.08,0.6,120.49,-92.99,-34.33,1
0.46,0.17,0.24,-35.27,-163.87,-24.27,0.31,-0.04,0.12,-32.38,-132.01,5.61,1
0.34,-0.41,0.49,14.36,6.95,-46.55,0.07,-0.33,-0.61,6.68,18.72,-47.96,1
-0.69,0.14,0.33,-42.29,119.12,92.96,-0.78,0.34,0.14,-32.23,128.9,54.12,1
-0.57,0.37,0.85,-6.68,134.33,44.7,-0.89,0.38,0.52,79.7,84.94,-40.24,1
-0.84,0.21,0.76,-22.47,153.38,22.38,-0.89,0.42,0.52,-140.18,52.23,-97.8,1
-1.11,0.09,0.09,21.22,143.14,-8.26,-1.17,0.06,0.27,-22.29,106.92,-42.2,1
-1.76,0.15,-0.3,36.95,38.63,-32.1,-1.75,0.13,0.4,37.47,-7.01,-49.97,1
-1.29,-0.11,0.09,24.51,-118.69,-57.47,-0.83,0.28,0.16,46.01,-115.24,68.29,1
-0.55,-0.0,0.46,-79.63,-216.16,-65.09,-0.7,0.57,0.68,-39.57,-144.09,34.97,1
-0.02,-0.37,0.44,-16.31,-205.98,-23.6,-0.28,-0.19,-0.52,-91.22,-142.74,40.0,1
0.02,-0.01,-0.01,10.98,-34.48,85.91,-0.15,0.03,-0.52,75.73,68.05,104.76,1
-0.6,0.09,0.36,-34.82,104.63,174.45,-0.79,0.12,0.17,27.71,145.76,71.65,1
-0.39,0.28,0.73,-106.92,105.91,152.13,-0.67,0.44,0.53,4.21,115.37,44.91,1
-0.7,0.03,0.63,-106.04,105.95,115.98,-0.83,0.52,0.66,-118.29,134.82,15.0,1
-0.66,0.12,0.38,-105.95,108.75,80.58,-0.57,0.4,0.18,-215.61,86.28,-17.84,1
-0.86,0.32,0.09,-47.87,82.44,26.8,-0.98,0.18,0.44,-50.58,84.05,-25.4,1
-1.04,0.24,0.08,-118.35,4.57,35.88,-0.9,0.57,0.0,-153.9,3.54,55.18,1
-0.88,0.17,0.4,-127.35,-66.49,32.23,-0.56,0.61,0.7,-127.38,-97.96,104.42,1
-1.32,0.37,0.61,-163.05,-126.77,-13.57,-1.86,0.71,0.63,-224.09,-115.3,172.47,1
-1.7,0.27,0.75,-223.41,-120.18,20.49,-1.34,1.39,0.25,-171.19,-60.55,145.0,1
-1.32,0.11,1.28,-28.2,-56.8,38.75,-1.35,0.49,0.41,14.73,-38.81,66.34,1
-1.35,-0.22,0.84,-42.5,42.93,92.84,-1.15,0.54,0.77,-15.43,121.62,22.93,1
-1.2,-0.16,0.82,-5.34,117.13,114.02,-1.24,0.39,0.73,28.41,172.62,-17.26,1
-1.44,-0.08,0.54,-32.5,137.5,140.06,-1.38,0.4,0.67,12.8,200.91,-35.7,1
-1.3,0.09,0.59,16.86,138.38,102.68,-1.36,0.37,0.75,-15.46,195.91,-56.01,1
-1.53,0.04,0.36,-15.79,94.15,57.38,-1.42,0.42,0.87,-9.48,128.45,-70.3,1
-0.74,0.03,0.21,4.48,30.03,10.58,-0.55,0.33,0.7,-4.79,40.09,-5.98,1
-0.3,0.16,0.38,4.24,-43.84,15.85,-0.32,0.46,0.38,28.48,-23.6,16.37,1
-0.58,0.58,0.21,-112.53,-174.21,19.48,-0.69,0.63,0.23,-12.56,-53.29,30.79,1
0.39,0.21,-0.48,-129.27,-280.34,-38.57,0.11,0.13,-0.42,-156.83,-173.51,135.46,1
1.17,0.73,0.39,-43.6,-54.94,-86.65,0.55,0.04,-1.27,41.86,-124.7,7.2,1
-0.43,0.13,0.9,-62.41,42.71,60.55,-0.7,0.69,-0.4,-45.0,62.5,65.12,1
-0.37,0.48,0.92,-4.73,116.13,65.24,-0.76,0.51,0.41,82.53,78.26,-15.98,1
-0.98,0.44,0.65,-4.39,126.34,8.72,-1.08,0.95,0.36,-34.82,70.18,-69.7,1
-1.08,0.08,0.52,10.0,106.71,-8.2,-1.19,0.13,0.36,-29.82,51.01,-54.45,1
-1.47,-0.02,0.22,6.65,69.63,-12.13,-1.53,0.44,0.46,9.18,32.56,-47.29,1
-1.84,-0.1,-0.11,32.47,-28.84,-13.72,-1.77,0.23,0.27,-10.27,-36.68,8.02,1
-0.7,0.05,1.17,-60.76,-131.19,8.54,-0.68,1.25,0.63,68.45,-49.54,-12.04,1
-0.35,-0.12,-0.51,-48.75,-254.24,6.04,-0.24,0.16,-0.27,-152.44,-124.18,115.91,1
1.17,0.84,0.49,17.71,-64.73,-51.25,0.49,0.24,-1.59,96.13,-90.79,11.71,1
0.2,0.37,0.85,-6.74,106.1,134.85,-0.26,0.85,-0.65,75.64,141.8,22.32,1
0.35,0.65,0.75,11.98,170.21,127.56,-0.23,0.73,0.36,102.8,170.61,-55.61,1
-0.54,0.29,0.46,40.12,129.85,27.96,-0.71,0.82,0.47,17.68,67.32,-68.99,1
-0.93,0.19,0.23,57.5,71.71,-50.24,-0.94,0.42,0.44,-47.53,-23.17,-38.26,1
-1.32,0.18,0.21,111.55,11.46,-107.35,-1.22,-0.09,0.5,104.39,-74.88,-77.29,1
-1.33,-0.07,0.06,152.47,-51.4,-143.93,-1.21,0.35,0.23,118.6,-186.31,-20.06,1
-1.05,-0.21,0.28,162.68,-95.55,-143.93,-1.06,0.22,0.81,93.87,-199.21,-5.4,1
-1.15,-0.39,0.49,130.12,-138.41,-150.24,-1.16,0.07,0.98,61.86,-178.26,18.05,1
-1.32,-0.21,0.68,106.22,-109.12,-135.58,-1.48,0.22,0.58,56.25,-155.18,-13.51,1
-1.6,0.1,0.77,126.77,-49.7,-108.05,-1.53,0.45,0.21,63.66,-80.79,-48.41,1
-1.47,0.0,0.53,109.45,33.57,-61.8,-1.36,0.42,0.39,126.43,-7.74,-87.16,1
-1.39,0.09,0.43,124.91,76.77,-38.08,-1.27,0.28,0.26,138.41,21.98,-87.38,1
-1.72,0.17,0.35,113.23,93.57,-12.16,-1.61,0.41,0.25,163.78,42.5,-103.45,1
-1.73,0.15,0.44,98.2,76.98,-4.18,-1.57,0.64,0.65,76.07,85.12,-94.82,1
-1.36,-0.0,0.24,90.95,12.5,-14.51,-1.25,0.32,0.56,113.63,23.63,-51.83,1
-1.01,-0.04,0.07,105.03,-58.2,-33.99,-1.09,0.38,0.61,138.35,-31.28,-4.36,1
-0.56,0.05,0.3,117.23,-146.28,-44.27,-0.49,0.22,0.32,63.6,-96.98,36.1,1
0.11,0.27,0.71,7.71,-182.26,-24.97,0.42,0.78,0.65,80.88,-75.15,-51.25,1
0.14,0.05,-0.41,-47.41,-170.27,-14.3,-0.09,-0.35,-0.49,-2.1,-92.1,86.07,1
0.79,-0.46,0.52,-60.12,18.05,-5.03,0.48,0.31,-0.57,-77.07,-16.19,-6.65,1
-0.52,0.72,0.52,80.58,152.62,93.45,-0.97,0.47,-0.19,-34.15,129.73,11.46,1
-0.68,0.11,0.59,8.11,170.0,57.87,-0.87,0.07,0.41,85.3,156.1,-10.58,1
-0.94,0.19,0.24,14.76,169.51,13.6,-1.01,0.56,0.45,-61.04,130.15,-42.8,1
-1.99,0.5,-0.39,30.76,93.2,-30.34,-2.04,-0.16,0.36,10.34,-36.89,-80.4,1
-1.61,0.19,-0.08,27.07,2.59,-34.88,-0.48,-0.09,0.59,-18.41,-51.37,-108.08,1
-1.33,0.13,-0.39,-25.64,-143.87,-53.2,-1.1,-0.13,0.21,-4.7,-151.1,39.02,1
-0.69,-0.1,0.58,-50.55,-229.79,-37.16,-0.92,0.4,0.71,48.63,-225.49,96.16,1
0.02,0.07,0.57,-3.05,-226.65,-83.26,-0.31,0.01,0.17,-88.87,-139.42,37.29,1
-0.1,0.13,-0.18,-54.73,-70.15,11.62,-0.2,-0.32,-1.02,-123.32,-11.46,29.39,1
-0.25,-0.1,0.64,-59.12,97.71,135.46,-0.53,0.08,-0.01,29.97,72.8,51.71,1
0.0,-0.29,0.8,-129.88,168.66,158.38,-0.26,0.24,0.67,-65.52,174.57,9.21,1
-0.61,0.03,0.29,-111.49,158.75,145.15,-0.83,0.22,0.48,-132.47,180.3,-4.42,1
-0.82,-0.11,0.11,-117.87,126.49,141.55,-0.8,0.17,0.28,-121.1,130.12,1.49,1
-0.79,0.42,0.0,-85.76,94.6,60.52,-0.95,0.09,0.37,-146.52,83.87,-3.48,1
-1.23,0.25,0.02,-184.21,37.16,53.41,-1.21,0.42,0.37,-194.88,1.95,14.63,1
-1.25,0.39,0.4,-117.84,3.29,19.63,-1.18,0.59,-0.27,-217.16,65.24,88.26,1
-1.38,0.43,0.09,-160.91,-51.89,28.96,-1.02,0.74,0.46,-228.9,26.4,113.66,1
-1.35,0.44,0.43,-241.68,-90.18,35.95,-1.53,0.49,0.04,-233.72,-51.83,98.6,1
-1.21,0.16,0.6,-188.63,-73.23,39.91,-1.26,0.51,0.12,-178.41,-8.93,90.09,1
-1.23,-0.03,0.55,-81.62,-18.9,50.43,-1.17,0.39,0.29,-60.37,15.82,66.4,1
-1.33,0.09,0.61,-36.22,9.48,71.13,-1.45,0.37,0.42,-4.76,28.66,69.91,1
-1.44,0.33,0.69,29.33,56.22,78.05,-1.44,0.55,0.33,58.72,81.92,27.93,1
-1.65,0.21,0.77,-14.91,73.29,117.96,-1.58,0.84,0.46,66.95,113.78,8.11,1
-1.37,0.13,0.63,53.6,77.32,63.6,-1.27,0.46,0.63,94.88,140.46,-69.27,1
-1.03,0.25,0.25,36.01,26.49,15.52,-1.29,0.47,0.83,72.74,41.95,-48.14,1
-1.12,0.23,-0.13,16.22,-85.79,-19.45,-0.73,0.28,0.22,60.85,-30.73,6.49,1
