0.17,-0.5,0.72,-3.78,11.74,-1.8,-0.33,0.8,0.53,4.05,-2.74,-1.31,4
-0.28,-0.31,0.87,3.11,-0.4,-1.04,-0.34,0.79,0.52,5.58,0.21,-1.86,4
-0.27,-0.29,0.86,6.77,1.46,-1.31,-0.32,0.79,0.52,6.46,0.46,-3.72,4
-0.28,-0.3,0.86,-2.44,1.04,0.09,-0.34,0.77,0.52,3.17,-0.15,-3.99,4
-0.34,-0.28,0.83,-12.13,-1.28,4.82,-0.39,0.79,0.49,-1.1,2.13,1.22,4
-0.4,-0.32,0.9,3.41,9.82,4.73,-0.46,0.77,0.49,6.55,7.96,-5.43,4
-0.49,-0.28,0.99,-19.85,10.52,31.46,-0.59,0.91,0.46,3.08,34.36,-7.32,4
-0.66,-0.34,1.17,-18.11,30.09,55.21,-0.78,0.89,0.43,4.27,57.56,-32.41,4
-0.76,-0.31,1.22,-1.65,66.46,74.6,-0.98,0.9,0.47,29.05,89.18,-81.86,4
-0.84,-0.3,1.15,-11.49,92.01,82.13,-1.02,1.01,0.59,-2.62,105.88,-118.2,4
-0.78,-0.38,1.11,-5.3,124.45,74.66,-1.05,0.78,0.6,-24.02,99.15,-147.07,4
-0.71,-0.03,0.68,91.31,207.53,-10.34,-1.1,0.51,0.6,-34.88,14.57,-228.08,4
-0.89,-0.14,0.13,-43.48,161.25,-71.65,-0.53,0.43,0.34,-41.55,29.36,-139.15,4
-0.91,-0.79,-0.09,-71.62,45.88,-109.02,-0.92,0.16,0.96,-118.41,-20.15,-24.82,4
0.23,-1.3,0.08,30.18,-119.18,-169.39,0.67,0.33,0.56,-10.43,-76.68,92.07,4
0.77,-1.14,1.2,163.63,-149.27,85.34,-0.01,0.22,0.43,-52.04,81.86,118.6,4
0.76,-0.13,1.2,223.72,95.79,283.9,-0.25,-0.04,0.1,198.23,173.38,23.9,4
0.77,0.43,1.0,-383.96,112.23,294.42,-0.14,0.96,-0.16,-33.08,190.52,-154.3,4
-1.06,1.76,0.74,-108.48,304.85,96.62,-2.01,0.18,0.21,-333.51,162.65,-283.26,4
-1.07,0.96,-0.6,-214.76,259.91,15.15,-1.11,-0.5,-0.72,-213.57,16.52,-205.82,4
-1.13,0.52,-0.82,-74.15,187.16,-80.27,-1.02,-0.51,-0.5,-7.29,-63.99,-139.02,4
-1.04,0.2,-1.15,-17.9,85.21,-191.16,-1.13,-0.53,-0.21,-131.62,-164.76,-24.76,4
-0.92,-0.35,-1.48,-26.92,-138.48,-201.86,-0.88,-0.56,-0.15,-51.77,-185.18,62.74,4
-0.35,-1.04,-0.36,145.37,-212.74,-96.37,-0.4,-0.3,0.37,62.16,-92.99,170.91,4
0.3,-0.51,1.42,17.04,-208.48,121.68,-0.56,0.21,0.12,167.38,74.42,93.69,4
-0.11,0.16,0.7,-58.78,63.51,336.16,-0.62,0.46,-0.28,-128.38,98.84,19.33,4
-0.46,0.41,1.47,-407.04,38.51,250.24,-0.79,0.53,0.79,-101.28,159.33,-154.02,4
-1.33,0.61,0.3,-378.84,84.88,201.28,-1.37,0.06,-1.31,-437.41,41.16,-128.75,4
-1.38,1.05,-0.3,-45.7,240.46,-13.17,-1.48,-0.66,0.43,-85.7,-55.61,-192.47,4
-1.15,0.26,-1.09,-28.9,141.98,-145.09,-0.98,-0.74,-0.58,-177.1,-188.9,-6.52,4
-0.92,-0.23,-1.28,79.63,-56.4,-317.5,-0.95,-0.6,-0.01,31.98,-245.46,77.07,4
-0.18,-1.63,-0.77,171.98,-236.62,-173.93,-0.15,-0.19,0.92,-45.18,-138.05,211.49,4
0.76,-1.72,1.06,231.74,-231.89,75.27,0.02,-0.05,0.43,412.07,81.31,155.73,4
0.34,0.12,1.64,144.66,115.64,439.36,-0.86,1.09,-0.04,112.38,239.57,28.54,4
-0.18,1.05,1.6,-242.2,103.51,354.45,-0.89,1.13,0.64,-185.98,287.77,-202.04,4
-1.05,2.22,0.76,-463.41,200.64,129.79,-1.4,0.17,-1.69,-505.15,-73.72,-243.6,4
-0.61,0.96,-0.5,-204.33,334.63,8.41,-1.07,-0.44,-0.35,-136.22,-44.05,-295.21,4
-1.45,0.91,-1.57,-36.68,274.76,-127.13,-1.19,-0.99,-0.65,-164.36,-136.31,-161.59,4
-1.16,0.59,-1.35,107.41,55.55,-335.21,-0.68,-0.57,-0.26,72.35,-211.98,-23.75,4
-0.45,-1.54,-1.31,134.45,-195.09,-186.55,-0.54,-0.74,0.42,-61.68,-171.16,182.35,4
0.68,-1.51,1.02,251.71,-276.83,32.29,-0.31,0.45,0.43,223.08,-72.59,249.42,4
0.51,-0.02,0.72,198.75,95.73,324.85,-0.24,-0.29,-0.48,-83.87,293.05,48.26,4
0.07,0.26,1.12,-621.68,-35.27,348.38,-1.01,0.33,0.32,120.0,154.3,-121.07,4
-1.89,1.72,0.64,-587.65,36.83,273.23,-2.1,0.53,-0.88,-768.54,25.67,-194.09,4
-0.71,1.21,0.35,-106.89,280.12,119.66,-0.95,-1.15,-0.04,-106.77,-36.86,-235.7,4
-1.28,0.77,-1.32,-103.93,188.29,-84.09,-0.76,-0.3,-0.8,-86.4,-177.47,-43.66,4
-1.44,0.44,-1.11,228.05,112.32,-304.97,-1.15,-1.18,0.39,-37.8,-223.38,1.95,4
-0.23,-1.16,-1.15,234.36,-111.89,-310.7,0.16,0.02,0.8,134.79,-222.71,181.59,4
0.34,-1.94,0.3,263.05,-219.12,-4.36,-0.65,-0.3,0.7,99.82,-26.89,216.52,4
0.85,0.14,0.34,221.34,-136.04,276.65,-0.16,0.48,0.1,193.45,218.05,89.94,4
0.21,0.86,1.17,-379.7,-45.95,321.92,-0.54,0.37,-0.3,90.88,201.59,-124.94,4
-1.66,1.57,1.58,-481.59,76.98,256.8,-2.47,0.67,-0.55,-628.45,101.28,-193.96,4
-1.03,2.04,0.46,-293.11,278.11,83.54,-1.65,-0.99,-0.56,-221.49,-103.26,-294.66,4
-1.22,0.93,-0.91,-251.07,224.85,-28.93,-0.93,-0.56,-0.87,-151.95,-195.61,-137.38,4
-1.19,0.54,-1.15,144.57,186.59,-202.1,-0.87,-1.07,-0.31,-42.56,-150.43,21.52,4
-0.93,-0.49,-1.51,342.38,-42.38,-371.86,-0.36,-0.56,0.21,132.71,-220.3,155.43,4
0.57,-2.23,0.57,153.29,-229.97,33.02,0.26,0.29,0.79,19.45,43.63,214.51,4
0.18,-0.66,1.41,60.88,-146.4,282.96,-1.03,0.46,0.68,65.49,177.99,10.3,4
-0.04,1.24,0.77,-577.38,-36.98,303.08,-1.04,-0.19,-0.66,106.65,237.71,-173.75,4
-1.13,1.95,1.25,-417.87,125.12,265.73,-1.49,0.52,0.28,-562.93,82.96,-242.53,4
-0.83,1.14,0.1,-287.04,245.0,136.52,-0.95,-1.22,-0.7,-355.7,-131.46,-250.64,4
-1.33,0.64,-1.08,-178.29,213.48,-51.95,-1.06,-0.25,-0.17,-85.73,-169.94,-120.52,4
-0.83,-0.05,-1.12,72.74,145.61,-202.41,-0.64,-0.76,0.18,-99.73,-144.27,17.26,4
-0.5,-0.37,-1.37,156.86,-33.51,-291.68,-0.13,-0.64,0.16,45.98,-209.82,107.53,4
0.42,-1.91,-0.0,195.98,-192.74,-76.8,-0.12,-0.05,0.71,61.83,-48.99,223.9,4
0.11,-1.08,0.29,75.24,-325.06,214.94,-0.87,0.88,0.33,221.83,208.75,174.73,4
1.84,-0.47,1.98,278.02,-4.51,429.18,-0.38,0.16,-0.89,314.21,310.58,62.71,4
-1.11,2.5,2.46,-335.37,67.68,319.54,-2.02,1.42,-0.05,-362.74,212.99,-232.62,4
-0.64,2.78,0.95,-167.26,360.82,57.13,-1.44,-1.8,-1.64,-263.26,-134.76,-337.1,4
-0.6,1.47,-0.41,-169.45,362.38,-135.61,-1.12,0.2,-0.86,-97.44,-241.71,-274.27,4
-0.6,0.52,-1.28,-107.2,269.7,-230.52,-0.68,-0.6,-0.66,-170.98,-241.55,-141.92,4
-0.65,-0.2,-1.48,18.08,45.79,-319.3,-0.42,-0.66,0.02,-71.4,-238.93,-2.23,4
0.26,-1.63,-0.99,164.15,-124.05,-212.35,0.21,-0.47,0.32,-43.81,-147.26,161.01,4
0.07,-1.91,0.7,145.95,-247.2,117.74,-0.64,0.12,0.54,164.76,20.95,185.85,4
0.36,-0.31,0.19,-25.18,-145.18,364.97,-0.16,-0.46,-0.16,-45.21,331.65,114.51,4
-0.23,0.55,1.38,-452.53,-69.15,348.05,-1.53,-0.1,0.39,105.21,194.05,-160.52,4
-1.0,1.64,1.29,-281.65,159.94,231.1,-1.6,0.52,-0.69,-712.16,41.89,-186.55,4
-1.38,1.59,0.09,-235.21,284.94,10.18,-1.75,-1.04,-0.44,-127.01,-177.74,-264.02,4
-1.12,0.37,-1.2,-63.41,218.99,-133.57,-0.66,-0.36,-0.23,-44.21,-187.44,-89.48,4
-0.96,-0.01,-1.22,92.77,95.46,-305.55,-1.31,-0.97,0.18,-99.18,-250.24,28.69,4
-0.49,-1.0,-1.18,224.39,-130.4,-292.29,-0.29,-0.48,0.35,48.75,-210.88,130.85,4
0.7,-1.68,1.04,123.63,-220.15,63.08,0.35,0.34,0.56,219.05,49.42,141.1,4
0.3,0.35,1.31,98.84,31.37,271.98,-0.51,-0.29,-0.24,-118.23,177.1,84.76,4
0.43,-0.54,1.43,-373.69,50.15,297.71,-0.83,0.3,0.13,246.07,175.58,-175.85,4
-1.53,1.94,0.58,-326.8,185.95,226.22,-1.64,0.61,-0.79,-540.27,139.05,-256.74,4
-1.56,1.75,-0.49,-108.35,271.1,19.48,-1.62,-1.21,-0.53,-122.41,-65.4,-225.27,4
-0.86,1.05,-1.09,56.07,166.74,-170.52,-0.53,-0.55,-0.94,-3.87,-127.68,-5.3,4
-1.05,0.75,-1.6,87.53,26.77,-272.71,-0.98,-1.05,-0.42,-109.48,-195.09,26.16,4
0.17,-1.03,-1.27,120.73,-181.59,-256.62,0.44,-0.6,0.62,10.27,-127.1,148.41,4
0.49,-1.45,0.27,74.45,-289.09,31.37,-0.23,0.09,-0.03,41.55,-23.87,208.23,4
0.66,-0.43,1.19,90.18,-96.43,241.01,-0.29,-0.03,0.18,60.79,181.77,80.64,4
0.34,0.21,1.01,-510.15,-73.63,374.73,-0.97,0.08,-0.23,185.12,241.25,-80.03,4
-0.73,1.64,1.47,-260.43,145.27,281.43,-1.39,0.78,0.22,-548.93,156.74,-194.54,4
-0.89,1.75,0.45,-264.73,228.9,205.98,-1.21,-1.71,-1.54,-241.16,47.74,-333.51,4
-0.86,1.65,-1.0,-160.88,282.26,-15.98,-0.74,-0.34,-0.65,-22.44,-180.12,-232.84,4
-0.95,0.75,-1.66,-23.05,234.48,-234.21,-0.92,-1.45,-0.43,-184.24,-261.04,-47.16,4
-0.69,-0.3,-1.68,72.68,-36.46,-412.41,-0.16,-0.46,0.12,98.54,-293.26,84.05,4
0.55,-2.06,-0.74,215.37,-201.37,-212.5,-0.32,-0.32,0.22,69.94,-212.8,258.96,4
0.16,-1.64,0.27,181.07,-218.87,91.77,-0.78,0.47,0.66,100.43,157.96,100.79,4
0.73,0.01,1.79,181.52,45.18,327.07,-0.65,-0.21,-0.23,150.09,187.41,78.35,4
0.43,0.38,1.4,-263.6,64.85,295.58,-0.46,0.82,0.09,-2.5,166.86,-149.48,4
-1.24,2.25,0.66,-229.6,240.34,188.29,-1.83,-0.05,-1.85,-398.2,154.6,-322.96,4
-0.93,1.97,-0.69,-131.8,310.91,50.7,-0.87,-0.75,-0.5,-64.05,-56.46,-274.6,4
-0.68,1.59,-1.28,-46.86,224.94,-129.27,-0.6,-0.9,-1.31,-108.84,-182.77,-53.57,4
-0.84,0.92,-1.53,13.11,75.15,-274.66,-0.67,-0.9,-0.44,-75.12,-180.03,-21.25,4
-0.27,-0.7,-1.68,56.13,-143.69,-295.95,0.09,-0.91,0.17,-8.02,-246.34,117.68,4
0.32,-1.53,0.27,149.3,-221.1,-154.94,-0.18,0.25,0.57,76.77,-136.13,208.66,4
-0.61,-0.5,1.02,-48.78,-258.99,169.73,-1.38,0.2,0.3,-62.68,114.27,90.67,4
-1.06,0.1,0.72,-264.73,-44.73,297.9,-1.21,-0.14,-0.1,13.54,75.85,-11.83,4
-0.48,0.53,1.58,-354.91,57.23,240.61,-1.0,1.09,0.57,-338.11,109.24,-163.23,4
-1.05,0.84,0.69,-298.84,132.53,179.24,-1.44,-0.62,-1.56,-210.03,40.37,-268.29,4
-1.27,0.71,-0.55,-99.18,173.51,12.2,-1.04,-0.42,-0.16,22.35,-96.04,-117.59,4
-0.95,0.58,-0.86,31.28,143.17,-152.77,-0.74,-0.69,-0.1,-78.23,-131.74,-3.2,4
-0.73,-0.02,-1.28,123.14,53.17,-251.28,-0.45,-1.05,0.2,-16.43,-189.54,48.14,4
-0.44,-1.31,-1.1,284.3,-85.49,-258.51,-0.51,-0.67,0.48,100.24,-154.27,159.51,4
-0.1,-1.94,0.45,168.6,-196.59,29.57,-0.42,0.43,0.85,25.06,37.23,183.66,4
-0.3,-0.18,0.9,-57.29,-268.41,261.16,-0.84,0.72,0.44,-4.18,150.73,121.59,4
-0.51,0.26,1.7,-155.18,46.28,356.86,-1.38,0.2,-0.61,59.02,202.01,-96.92,4
-0.61,1.23,1.83,-304.88,104.91,284.05,-1.19,1.14,-0.07,-362.47,218.9,-179.36,4
-0.84,2.0,0.58,-269.42,222.2,165.49,-1.38,-0.83,-1.81,-212.53,28.05,-300.64,4
-1.0,1.67,-0.67,-132.56,266.65,-14.33,-0.92,-0.37,-0.78,-43.11,-121.77,-201.59,4
-0.68,0.57,-1.08,18.51,163.29,-164.02,-0.48,-0.84,-0.58,-114.91,-145.52,14.36,4
-0.55,0.02,-1.23,122.74,11.49,-309.12,-0.5,-0.69,-0.18,-36.98,-218.57,40.98,4
-0.45,-1.33,-0.44,148.63,-173.81,-178.45,-0.65,-0.16,0.56,12.29,-135.15,183.41,4
-0.35,-1.25,2.2,-43.41,-168.9,100.21,-1.02,0.56,0.88,-4.76,74.82,43.9,4
0.12,-0.26,0.71,-64.45,29.54,404.79,-0.26,-0.18,-0.29,-241.83,171.89,49.27,4
-0.46,-0.02,1.4,-502.47,12.65,256.43,-1.17,0.74,0.55,11.31,116.65,-147.35,4
-0.85,1.38,0.73,-434.02,101.1,236.86,-1.18,0.36,-0.91,-532.53,-20.34,-256.25,4
-0.91,1.21,-0.1,-173.2,208.96,62.38,-0.92,-0.82,-0.35,-69.24,-80.4,-191.19,4
-0.86,0.64,-0.68,74.7,189.6,-116.86,-0.35,-0.4,-0.4,-41.62,-120.98,7.04,4
-0.87,0.49,-1.14,247.41,86.52,-315.18,-1.08,-1.2,-0.23,-6.16,-205.34,49.39,4
-0.75,-0.82,-0.93,271.07,-143.99,-284.18,-0.44,-0.18,0.73,86.98,-190.52,176.34,4
0.17,-1.95,1.09,38.2,-238.63,57.8,-0.14,0.27,1.02,68.35,50.82,163.72,4
-0.07,-0.09,0.41,91.37,-105.18,284.33,-0.87,-0.36,-0.25,-102.47,257.41,140.7,4
-0.38,1.17,1.21,-398.72,-12.87,285.43,-1.23,0.3,0.53,208.05,113.45,-181.65,4
-0.8,1.46,1.41,-401.89,122.99,308.41,-1.36,0.51,-1.4,-538.72,127.35,-191.1,4
-0.62,1.42,0.62,-307.01,182.96,178.23,-1.14,-0.29,-0.7,-160.98,-89.48,-248.72,4
-0.87,1.24,-0.45,-23.48,262.1,-49.97,-0.64,-0.25,-0.63,-64.57,-111.16,-144.3,4
-0.6,0.58,-0.84,105.09,153.87,-183.75,-0.35,-0.58,-0.29,-52.07,-137.01,39.36,4
-0.71,-0.2,-1.25,240.7,21.04,-282.77,-0.21,-0.87,-0.15,24.51,-166.1,70.21,4
-0.7,-1.34,-0.4,178.08,-130.03,-133.14,-0.93,-0.18,0.47,58.66,-96.22,165.4,4
-0.25,-1.43,1.31,-56.59,-235.15,124.54,-0.91,0.83,0.98,-9.66,54.45,155.61,4
0.07,-0.73,1.01,-14.82,-60.67,269.76,-0.73,-0.08,0.19,-158.9,170.09,112.38,4
-0.66,0.64,0.87,-430.09,-47.01,268.6,-1.38,0.25,0.28,125.46,132.32,-109.18,4
-0.48,0.52,1.21,-399.73,40.61,270.43,-1.0,0.34,-0.14,-429.76,104.02,-133.87,4
-0.72,0.75,0.31,-332.87,97.68,192.01,-0.92,-0.43,-0.72,-240.21,-5.21,-209.39,4
-0.69,1.06,0.01,-124.12,196.55,46.22,-0.7,-0.2,-0.37,-128.45,-87.87,-143.26,4
-0.94,0.71,-0.75,77.53,181.52,-135.0,-0.67,-0.96,-0.35,-81.8,-161.77,2.99,4
-1.11,-0.08,-1.16,284.02,65.3,-341.16,-0.67,-0.6,0.35,70.4,-222.47,70.34,4
0.25,-1.34,0.26,177.74,-173.38,-264.12,-0.25,0.8,0.14,132.47,-200.12,231.31,4
-0.03,-1.99,1.42,135.15,-164.24,108.26,-1.63,0.49,1.12,-39.24,118.14,167.44,4
0.14,0.71,1.84,184.91,100.49,420.34,-0.97,0.36,-0.46,99.36,223.2,73.05,4
0.21,0.25,1.95,-410.52,14.82,375.18,-0.87,0.98,0.02,-70.88,158.08,-153.45,4
-0.44,1.74,0.9,-273.29,210.15,299.05,-1.05,0.32,-1.4,-401.74,219.6,-311.28,4
-0.26,2.12,-0.06,-185.73,294.7,170.73,-0.77,-0.6,-0.43,-146.52,-19.39,-294.91,4
-0.68,1.51,-0.91,-100.55,281.31,-44.3,-0.45,-0.3,-0.85,-100.3,-188.84,-162.07,4
-1.16,1.35,-1.2,-7.65,173.99,-255.06,-0.8,-0.88,-0.58,-93.72,-206.37,-28.66,4
-1.43,-0.41,-1.58,-21.43,-59.33,-354.97,-1.38,-1.22,0.22,-91.77,-299.73,74.82,4
-0.25,-1.84,-0.89,53.38,-231.31,-318.32,-0.7,-0.42,1.15,-56.98,-254.15,213.72,4
1.22,-2.04,1.47,-48.41,-271.98,-5.73,0.13,0.45,0.47,48.26,26.34,145.3,4
1.32,-0.33,1.58,218.45,24.39,338.26,-0.2,-0.24,-0.14,162.71,214.97,83.66,4
-0.19,0.81,0.71,-293.63,15.61,327.8,-0.57,1.08,0.43,-91.71,235.03,-122.29,4
-0.36,0.81,1.24,-142.65,145.91,266.37,-1.14,0.03,-0.48,-350.85,226.62,-142.44,4
-0.79,1.5,0.13,-182.8,227.62,134.24,-1.13,-0.42,-0.69,-158.99,16.62,-254.91,4
-1.38,1.59,-0.99,-33.2,242.74,-61.49,-0.98,-0.72,-0.62,-17.84,-95.12,-176.59,4
-0.87,0.67,-0.85,63.63,108.14,-259.79,-0.94,-0.71,-0.42,-43.38,-231.59,27.38,4
-0.82,-0.64,-1.51,77.65,-97.13,-366.04,-1.08,-0.82,-0.22,-3.51,-329.45,75.52,4
-0.26,-1.62,-0.45,97.1,-237.68,-187.01,-0.58,0.01,1.18,90.46,-190.37,199.63,4
0.18,-1.8,1.14,22.44,-270.73,36.74,-0.95,-0.14,0.17,89.97,48.41,158.32,4
0.8,-0.12,1.64,241.01,38.66,329.94,-0.64,0.27,-0.39,228.75,210.37,58.81,4
-0.47,1.62,0.63,-381.1,8.29,303.14,-0.74,0.61,0.01,-162.29,214.97,-146.31,4
0.15,0.4,1.06,-224.82,139.09,320.91,-0.44,-0.15,-0.55,-411.19,134.97,-138.35,4
-0.6,1.5,0.37,-159.48,224.48,133.32,-1.07,0.05,-1.19,-90.0,52.1,-280.03,4
-1.6,1.96,-0.63,-78.32,264.15,-53.45,-1.84,-0.92,-0.59,-104.27,-88.17,-220.95,4
-1.56,1.27,-1.31,19.24,156.8,-274.97,-1.18,-0.73,-0.04,-78.87,-145.64,-19.12,4
-0.77,-1.04,-1.27,39.7,-84.48,-394.02,-0.63,-0.93,-0.07,118.69,-333.99,113.81,4
0.11,-1.59,-0.46,109.76,-206.1,-179.21,-0.22,-0.15,0.7,-61.22,-125.76,150.55,4
0.4,-2.23,-0.21,294.85,-174.45,59.54,0.0,-0.59,0.68,289.85,107.53,156.62,4
1.03,0.66,1.67,167.16,-6.68,305.27,-0.48,0.61,0.15,307.96,226.37,40.79,4
-0.35,0.77,0.57,-359.76,55.27,343.17,-0.48,0.91,0.0,-351.92,201.31,-142.35,4
-0.34,0.31,1.09,-311.55,122.59,295.85,-1.12,-0.35,-0.42,-362.9,97.93,-181.86,4
-0.8,1.46,0.22,-232.23,212.71,174.3,-1.15,0.0,-0.53,-199.66,59.27,-275.24,4
-1.79,2.6,-0.25,-125.52,245.79,-30.12,-1.6,-0.78,-0.68,-87.07,-96.89,-237.44,4
-1.04,1.12,-0.54,48.87,207.16,-258.2,-0.84,-0.73,-0.92,55.0,-218.57,31.68,4
-0.89,0.06,-1.21,-53.66,27.71,-348.45,-1.69,-1.07,-0.53,-102.29,-348.17,52.13,4
-0.7,-0.81,-1.22,4.73,-141.8,-303.51,-0.54,-0.65,0.42,-11.22,-199.15,116.55,4
0.04,-1.65,-0.37,124.3,-185.18,-98.35,-0.2,-0.41,0.49,105.0,-72.07,174.76,4
0.25,-1.45,0.27,199.45,-186.31,104.05,-0.43,0.25,0.44,144.45,162.26,155.46,4
0.47,0.43,1.1,113.57,33.38,346.31,-0.42,0.41,0.13,-41.31,216.43,8.69,4
-0.27,0.47,1.27,-355.18,0.73,322.53,-1.04,0.15,0.05,-135.98,186.74,-147.26,4
-0.85,1.11,0.93,-294.73,170.34,291.07,-1.37,0.01,-0.93,-398.41,116.65,-220.37,4
-1.36,1.39,0.04,-217.71,246.19,142.99,-1.74,-0.37,-0.03,-235.24,21.34,-277.32,4
-1.5,1.54,-0.73,-52.07,239.12,-67.16,-1.15,-0.64,-0.43,-74.79,-116.59,-88.32,4
-1.15,0.46,-1.1,14.27,89.73,-282.93,-1.08,-0.77,-0.24,-97.01,-191.59,7.74,4
-0.55,-0.56,-1.37,9.91,-100.76,-315.27,-0.47,-0.65,0.29,-32.32,-270.64,105.15,4
0.41,-1.83,-0.33,131.55,-207.44,-212.1,0.01,-0.08,1.1,71.49,-169.48,198.2,4
0.38,-2.22,0.35,101.19,-212.23,98.14,-0.5,0.39,0.77,55.98,107.23,145.88,4
0.76,-0.27,2.24,74.12,-79.66,376.31,-1.0,0.54,0.24,144.05,219.63,102.84,4
-0.45,1.01,0.86,-325.46,14.91,325.37,-0.77,0.84,0.28,-202.1,204.24,-141.43,4
-0.77,1.1,1.83,-220.7,163.72,235.52,-1.79,0.25,-0.61,-337.1,129.3,-213.72,4
-1.19,1.78,0.42,-226.01,212.62,109.88,-1.28,-0.02,-1.45,-132.47,-39.3,-274.66,4
-1.0,1.19,-0.62,-57.35,224.45,-61.19,-0.74,-0.38,-0.46,-15.55,-102.65,-132.2,4
-0.95,0.84,-0.85,71.13,132.99,-185.49,-0.52,-0.8,-0.77,-62.9,-160.21,52.1,4
-0.84,0.2,-1.19,111.01,-9.45,-310.3,-1.07,-1.01,-0.18,32.56,-277.62,77.77,4
0.15,-1.35,-0.62,179.66,-175.88,-265.06,0.12,-0.13,0.31,8.45,-178.72,180.58,4
0.66,-1.45,0.85,77.07,-204.54,57.04,-0.1,0.35,0.38,19.18,39.73,146.98,4
0.11,0.1,0.88,4.42,-15.91,350.24,-0.8,0.09,-0.18,-43.66,260.15,71.86,4
-0.37,-0.1,1.41,-506.31,-81.62,319.48,-1.43,-0.02,0.29,144.73,185.76,-62.35,4
-0.78,1.21,1.23,-235.91,118.2,270.76,-1.1,0.99,0.2,-488.78,180.85,-149.57,4
-0.86,0.78,0.19,-282.59,169.91,166.71,-1.16,-0.96,-1.01,-279.15,19.21,-222.04,4
-1.52,1.43,-0.91,-116.4,225.46,-22.16,-1.24,-0.59,-0.1,-58.45,-98.32,-176.95,4
-0.69,0.37,-1.02,-3.14,123.84,-201.71,-0.72,-0.81,-0.16,-62.56,-181.07,13.78,4
-0.69,-0.04,-1.17,68.41,-49.82,-323.96,-0.98,-0.64,-0.25,-8.93,-269.18,84.09,4
-0.34,-1.18,-0.67,132.47,-199.27,-207.8,-0.35,-0.43,1.0,-24.42,-176.04,175.73,4
0.63,-1.85,1.07,98.29,-240.82,-1.01,-0.09,0.09,0.84,241.16,-34.7,171.37,4
0.75,-0.84,0.51,70.0,-174.36,273.38,-0.26,0.23,0.26,-63.2,224.05,182.32,4
-1.13,1.07,1.34,-250.24,25.79,300.18,-1.8,0.78,0.16,144.12,183.2,-217.38,4
-0.4,-0.17,1.84,-265.67,43.54,330.64,-1.09,0.4,-0.29,-394.42,149.3,-84.27,4
-0.8,1.24,0.65,-175.49,174.3,210.12,-1.41,-0.1,-0.94,-120.3,98.63,-306.28,4
-0.94,1.33,0.08,-143.54,206.95,128.81,-1.09,-0.38,-0.49,-126.89,15.58,-205.76,4
-0.79,1.11,-0.63,8.14,193.41,-30.0,-0.51,-0.72,-0.59,-74.51,-72.8,-57.53,4
-0.68,0.72,-0.92,114.42,109.18,-217.44,-0.71,-0.66,-0.48,-71.49,-174.09,42.65,4
-1.04,0.19,-1.22,123.32,-71.07,-301.19,-0.66,-0.6,0.1,-46.62,-232.84,90.7,4
-0.67,-1.96,-0.04,75.0,-221.19,-179.97,-0.71,-0.15,1.51,20.52,-145.67,183.38,4
0.2,-2.17,1.75,-8.87,-179.82,75.58,-1.26,0.33,0.94,-39.73,7.74,114.97,4
0.7,-0.17,1.5,111.98,-8.32,372.87,-0.33,0.16,-0.08,-43.51,215.61,113.78,4
-0.31,0.02,1.27,-490.37,-21.52,297.65,-1.01,0.74,0.4,-18.93,180.7,-97.87,4
-0.61,0.85,0.79,-390.58,99.73,255.21,-1.07,0.3,-0.14,-466.49,87.07,-185.67,4
-0.73,0.88,-0.04,-330.55,126.52,143.66,-0.89,-0.41,-0.48,-200.61,-8.23,-193.23,4
-0.6,0.71,-0.41,-70.0,150.7,29.85,-0.38,-0.28,-0.34,-89.94,-51.01,-82.56,4
-0.96,0.67,-0.99,82.32,114.91,-141.62,-0.86,-0.8,-0.66,-66.46,-133.66,56.19,4
-1.17,-0.08,-1.13,222.93,-21.68,-330.43,-0.94,-0.6,0.47,-2.8,-239.39,90.37,4
-0.19,-1.34,0.0,122.07,-259.15,-210.49,-0.31,0.51,0.66,158.08,-178.35,240.49,4
-0.07,-1.36,1.7,186.31,-241.4,62.26,-1.45,0.45,0.74,53.41,32.8,189.36,4
0.14,-0.32,1.86,71.34,80.09,305.4,-1.15,1.03,-0.25,185.4,38.48,-28.02,4
-0.22,1.26,1.55,-213.14,134.88,300.55,-0.89,1.07,-0.01,-237.38,284.6,-184.3,4
-0.7,1.08,0.97,-322.5,153.32,289.21,-1.39,-0.29,-1.47,-193.14,103.54,-284.09,4
-0.6,1.39,0.12,-242.9,197.26,153.63,-0.93,0.1,-0.4,-84.39,8.69,-247.01,4
-0.6,1.22,-0.55,-96.34,225.79,5.3,-0.42,-0.53,-0.6,-158.78,-67.16,-145.4,4
-0.78,1.17,-0.97,-7.04,175.95,-145.09,-0.5,-0.86,-0.47,-80.34,-142.16,-30.3,4
-1.01,0.1,-1.22,14.7,-6.89,-261.62,-0.83,-0.83,-0.21,-72.9,-233.51,54.88,4
-0.96,-1.43,-1.0,55.18,-140.27,-258.6,-1.1,-0.42,0.99,-55.06,-180.82,147.53,4
0.29,-2.44,0.38,-82.5,-256.83,-30.27,-0.17,0.26,1.07,12.5,-42.16,160.95,4
0.15,-2.03,0.87,67.2,-133.69,182.53,-0.76,-0.07,0.86,18.96,130.91,89.09,4
-0.3,0.33,0.61,-150.76,-9.82,347.2,-0.54,0.94,0.29,-59.05,162.93,4.33,4
0.01,0.41,1.68,-304.48,34.3,297.96,-0.71,0.64,0.16,-279.3,136.34,-156.95,4
-0.83,1.32,0.62,-330.7,115.55,182.53,-1.14,-0.07,-1.47,-281.55,11.07,-217.32,4
-1.08,1.12,0.1,-107.26,213.66,0.82,-1.41,-0.37,-0.33,-63.72,-85.91,-163.96,4
-1.08,0.62,-0.65,143.96,167.65,-221.95,-0.8,-0.72,-0.14,39.7,-156.62,21.83,4
-1.38,-0.4,-0.88,123.11,-9.51,-296.4,-1.62,-0.91,-0.03,107.1,-241.13,65.03,4
-0.11,-2.03,-0.14,15.91,-190.34,-133.72,-0.12,0.5,0.58,0.85,-109.3,163.11,4
-0.21,-1.5,1.26,91.43,-144.57,121.04,-1.03,-0.06,0.29,50.95,119.63,119.02,4
0.42,0.12,2.04,62.87,82.23,366.62,-1.08,0.51,-0.51,115.03,96.86,32.1,4
0.14,0.72,1.47,-273.29,57.71,325.7,-0.39,1.04,0.04,-175.3,217.07,-161.74,4
-0.67,1.88,0.63,-155.52,217.71,195.7,-1.17,-0.18,-1.28,-241.25,145.67,-280.73,4
-0.62,1.63,-0.2,-151.74,264.63,87.84,-0.83,-0.38,-0.73,-122.68,-36.62,-230.43,4
-1.13,1.49,-1.2,-74.51,233.54,-109.02,-1.01,-0.94,-0.95,-124.91,-177.56,-125.49,4
-1.64,1.18,-1.96,-47.35,85.06,-288.35,-1.31,-1.23,-0.06,-168.02,-234.12,-24.76,4
-0.59,-1.39,-1.65,-90.55,-189.15,-348.63,0.0,-0.28,1.23,68.63,-318.75,172.2,4
0.75,-2.15,0.09,59.7,-263.75,-180.58,-0.11,-0.03,0.43,54.54,-139.91,212.32,4
1.0,-2.53,-0.74,353.2,-120.76,220.18,0.21,-0.14,0.4,172.53,246.74,131.8,4
-0.29,1.24,1.48,-39.63,54.97,342.77,-1.41,1.19,0.36,143.69,192.9,-138.63,4
-0.35,0.34,0.81,-291.62,82.93,311.92,-0.58,0.11,-0.23,-431.19,211.28,-115.4,4
-0.8,1.73,0.52,-174.09,265.91,83.6,-1.46,-0.33,-1.03,-186.13,-1.89,-298.2,4
-1.01,1.56,-0.88,-171.65,266.8,-54.66,-0.93,-0.48,-0.45,-120.4,-125.06,-247.5,4
-0.83,0.71,-0.9,-75.67,167.96,-171.01,-0.71,-0.6,-0.73,-63.96,-158.51,-41.65,4
-1.08,0.23,-1.48,49.21,46.77,-302.29,-1.44,-1.24,-0.29,-77.35,-268.75,10.61,4
-1.06,-1.1,-1.39,76.92,-169.79,-261.46,-1.05,-1.2,0.56,39.15,-212.47,144.66,4
-0.03,-1.71,0.54,24.12,-234.97,-36.46,-0.33,0.35,0.88,86.52,-17.2,187.04,4
-0.41,-0.87,0.06,-36.92,-277.68,217.47,-0.89,0.35,0.11,-120.21,157.5,177.59,4
1.18,-0.39,2.4,39.39,74.45,363.11,-0.73,0.39,-0.16,167.68,97.2,-42.1,4
-0.23,1.6,0.91,-147.68,127.47,303.14,-0.41,1.17,-0.09,-223.69,314.94,-241.46,4
-0.93,2.31,0.69,-212.87,259.24,201.52,-1.76,-1.62,-2.12,-288.78,70.73,-318.99,4
-0.97,1.62,-1.14,-26.62,305.34,-44.45,-0.76,-0.36,-0.96,41.59,-162.32,-219.21,4
-0.87,0.86,-1.43,-54.79,164.94,-235.12,-0.69,-0.78,-0.28,-151.52,-209.82,-50.73,4
-0.71,0.11,-1.75,-49.33,-7.62,-323.17,-0.35,-1.03,0.03,-36.95,-282.13,17.32,4
-0.56,-1.04,-1.54,2.65,-189.05,-300.52,-0.67,-0.95,0.79,25.82,-280.3,184.02,4
0.37,-1.4,-0.29,212.93,-263.78,-227.87,-0.17,-0.13,0.76,108.69,-167.8,209.7,4
1.39,-2.11,0.92,423.87,-92.26,32.32,0.58,-0.13,-0.38,454.91,115.4,87.9,4
0.25,0.46,1.29,-55.43,71.34,427.41,-0.68,1.46,-0.34,-36.8,299.39,-28.26,4
0.22,1.52,1.4,-87.53,154.42,320.98,-1.11,0.41,-0.1,-55.64,320.18,-170.21,4
-0.75,2.16,-0.0,-219.45,267.8,223.14,-0.92,-0.37,-1.08,-203.78,143.93,-320.4,4
-0.52,1.67,-0.84,-166.98,342.04,92.04,-0.73,-1.17,-0.85,-171.07,-0.73,-308.48,4
-1.03,1.79,-1.42,-111.34,287.23,-78.57,-1.05,-0.81,-1.35,-23.69,-244.7,-233.41,4
-0.99,1.36,-1.56,6.4,165.85,-262.99,-0.62,-0.6,-0.44,-68.78,-183.78,-71.89,4
-0.73,0.21,-2.07,-93.9,-121.22,-309.51,-0.33,-1.08,-0.16,-70.46,-289.97,96.98,4
-0.53,-0.68,-1.06,6.65,-252.65,-315.67,-1.34,-0.86,0.5,2.35,-300.58,220.06,4
0.4,-1.66,0.59,-73.11,-305.27,-158.63,0.84,0.84,0.37,26.43,-47.5,177.68,4
1.09,-0.94,-0.6,176.52,-197.77,245.82,0.13,-0.69,-0.18,99.7,200.7,232.8,4
-0.52,0.19,1.86,-201.92,57.56,379.63,-1.83,1.4,0.56,-42.62,137.38,-193.2,4
-0.69,0.4,1.65,-125.61,128.72,295.52,-1.36,0.45,-0.5,-511.25,275.82,-104.3,4
-0.65,1.31,0.48,-175.52,268.38,180.03,-1.46,-0.25,-0.55,-43.11,53.78,-295.73,4
-1.29,1.46,-0.67,-70.0,260.46,5.09,-1.29,-0.53,-0.66,-38.66,-53.93,-231.8,4
-0.49,0.99,-0.83,19.15,198.51,-191.34,-0.18,-0.41,-0.07,-28.54,-108.81,-55.88,4
-0.53,0.52,-1.44,10.24,44.73,-306.95,-0.91,-1.08,-0.61,-80.64,-275.24,15.7,4
-0.2,-0.52,-1.38,60.91,-103.69,-333.51,-0.24,-1.04,0.38,17.5,-259.12,104.85,4
-0.2,-1.13,-0.99,160.24,-227.84,-262.47,-0.49,-0.41,0.76,54.12,-230.27,200.79,4
0.51,-2.14,0.46,96.83,-314.54,25.91,-0.28,0.17,0.6,152.32,46.19,234.36,4
0.38,0.26,1.41,222.41,36.52,338.38,-0.97,0.36,0.42,106.04,191.19,56.34,4
0.47,0.46,1.47,-238.9,28.11,410.7,-0.62,0.91,-0.46,-112.93,350.06,-120.7,4
-0.69,2.41,1.66,-188.41,220.43,292.8,-1.77,0.47,-1.47,-239.45,222.29,-278.72,4
-0.1,1.71,-0.24,-169.27,293.32,170.09,-0.58,-0.37,-0.61,-127.53,62.41,-316.77,4
-0.28,1.74,-1.17,8.05,279.63,-29.12,-0.08,-0.7,-1.05,-50.18,-95.55,-202.1,4
-0.5,1.13,-1.33,60.91,188.48,-170.82,-0.4,-0.78,-0.71,-60.79,-158.35,-36.95,4
-1.26,0.56,-2.4,48.23,-47.96,-337.68,-0.94,-1.64,-0.4,-17.87,-309.94,-7.62,4
-0.91,-1.47,-1.4,47.96,-293.78,-324.85,-1.17,-0.95,0.95,73.2,-298.9,248.78,4
1.23,-2.61,1.56,-106.01,-314.3,-92.07,0.92,0.1,1.52,115.52,-91.1,195.09,4
0.89,-0.62,0.99,117.1,-174.24,345.91,-0.26,-0.69,-0.31,-147.2,191.62,314.82,4
-0.57,0.95,1.61,-122.65,73.54,339.15,-1.55,1.65,0.47,160.09,221.95,-184.7,4
-0.09,0.77,1.23,-247.87,122.13,293.54,-0.72,0.32,-0.7,-475.09,197.29,-151.83,4
-0.43,1.9,0.13,-112.47,238.9,122.65,-0.91,-0.54,-1.2,28.48,19.21,-262.53,4
-0.57,1.28,-0.76,-68.75,229.97,-23.87,-0.46,-0.3,-0.61,2.35,-118.48,-148.05,4
-0.72,1.13,-1.34,9.48,164.45,-238.81,-0.5,-0.86,-0.45,-69.97,-176.28,-53.51,4
-0.75,0.04,-1.77,12.59,-53.45,-340.85,-0.47,-1.02,0.1,39.3,-312.41,59.73,4
-0.07,-1.62,-0.78,76.83,-228.57,-291.68,-0.81,-0.34,0.55,130.82,-228.6,239.73,4
-0.61,-1.53,-0.01,-32.96,-316.68,-19.36,-1.45,0.74,0.75,-34.57,42.77,152.59,4
0.26,-1.17,1.04,113.51,-152.07,186.83,-0.65,0.08,0.24,84.42,167.68,118.26,4
-0.13,0.15,1.82,-89.24,37.74,351.22,-1.26,1.35,-0.15,-45.43,165.98,-107.13,4
-0.11,0.96,1.39,-177.96,68.41,323.05,-0.74,0.6,-0.4,-260.09,287.59,-173.69,4
-0.08,1.52,0.53,-99.57,192.47,210.0,-0.67,-0.48,-1.28,-96.62,84.73,-267.35,4
-0.4,1.9,-0.48,11.86,277.01,9.91,-0.34,-0.27,-0.94,-8.41,-39.73,-206.59,4
-0.85,1.56,-1.29,20.88,220.58,-187.35,-0.58,-1.34,-0.82,-96.31,-200.7,-51.98,4
-1.29,0.31,-1.87,-11.25,-0.03,-329.42,-1.0,-1.36,0.17,-49.33,-290.76,32.74,4
-1.06,-1.45,-1.56,-9.24,-242.53,-307.74,-1.19,-0.76,1.04,10.82,-246.55,226.28,4
0.36,-2.26,0.61,-82.23,-360.0,-40.34,-0.18,0.62,1.04,93.54,11.86,213.32,4
0.97,-1.34,0.24,145.0,-149.57,234.63,-0.05,-0.51,0.41,21.8,170.91,180.95,4
-0.12,0.32,1.81,-140.61,66.1,356.86,-1.13,1.61,0.55,-143.69,180.24,-166.34,4
0.24,0.55,0.81,-179.57,96.16,350.55,-0.34,0.17,-0.51,-301.28,248.78,-196.16,4
-0.47,1.78,0.74,-150.79,204.21,215.03,-1.31,-0.39,-1.43,-152.44,110.24,-278.9,4
-1.04,1.84,-0.76,-47.07,271.16,-10.85,-0.87,-0.64,-0.47,-1.43,-88.93,-206.55,4
-0.97,1.25,-1.24,-4.79,166.92,-243.75,-0.62,-0.87,-0.4,-95.21,-223.51,17.26,4
-0.99,0.24,-1.56,114.45,-54.33,-428.54,-1.39,-1.36,-0.87,142.65,-366.95,111.13,4
-0.01,-0.96,-0.48,39.54,-327.53,-274.21,-0.73,0.71,0.66,132.56,-221.22,304.3,4
-0.08,-1.9,1.01,177.2,-272.13,-129.79,-0.8,0.21,0.35,64.94,27.41,165.24,4
1.19,0.39,1.69,448.35,67.07,339.39,-0.72,0.54,-0.43,402.47,227.74,74.15,4
0.28,0.93,1.92,-225.03,48.32,352.41,-0.68,1.4,-0.18,-181.46,241.19,-159.12,4
-0.29,1.66,1.38,-267.68,213.87,259.57,-1.27,0.03,-1.42,-276.13,151.8,-297.13,4
-0.05,1.43,-0.02,-189.73,281.95,175.88,-0.59,-0.26,-0.76,-144.66,-16.71,-314.82,4
-1.12,1.68,-0.73,-26.65,276.16,7.71,-0.81,-0.48,-0.7,-41.01,-65.37,-217.01,4
-0.94,0.82,-1.32,56.46,151.65,-190.4,-0.52,-0.99,-0.23,-106.86,-157.8,18.05,4
-1.04,-0.61,-1.83,-19.66,-64.45,-317.71,-1.34,-1.2,0.11,-61.13,-260.58,60.09,4
-1.11,-1.64,-1.03,104.39,-202.44,-235.24,-1.32,-0.75,1.37,53.05,-144.02,200.58,4
-0.22,-2.29,0.38,-148.26,-321.71,32.93,-0.27,0.79,1.28,-7.65,93.14,166.89,4
0.98,-0.86,0.86,117.04,-167.1,293.23,-0.31,-0.36,0.49,10.15,207.74,170.64,4
-0.26,0.43,1.72,-240.76,70.88,328.26,-0.81,1.38,0.74,-129.3,181.25,-205.85,4
0.02,0.46,1.16,-332.93,115.24,314.21,-0.52,0.32,-0.53,-475.76,143.78,-177.44,4
-0.5,1.63,0.27,-179.94,212.29,147.04,-0.92,-0.41,-0.97,-78.35,42.44,-283.08,4
-0.98,1.19,-0.93,-49.79,224.7,-51.59,-0.71,-0.62,-0.61,-58.23,-158.75,-89.09,4
-1.16,0.97,-1.3,129.05,97.04,-311.74,-0.75,-0.8,-0.16,-3.02,-185.98,60.3,4
-0.72,-1.19,-1.18,98.9,-170.49,-306.71,-0.38,-0.4,0.92,113.9,-226.92,174.33,4
-0.2,-2.12,-0.09,-14.79,-322.38,-27.26,-1.08,0.35,0.78,26.8,-39.7,239.39,4
-0.0,-2.12,1.3,112.62,-230.98,138.45,-1.0,0.65,0.56,52.71,120.85,146.77,4
0.39,0.31,2.14,-78.93,25.15,358.54,-0.9,1.46,-0.01,-15.21,127.44,-69.09,4
0.25,0.6,2.07,-261.46,77.56,340.88,-0.93,0.78,-0.31,-199.85,251.89,-206.22,4
-0.44,1.66,0.77,-330.58,184.6,268.66,-0.94,0.1,-1.2,-331.46,83.48,-332.38,4
-0.4,1.42,-0.12,-98.6,263.23,121.77,-0.49,-0.46,-0.62,-131.07,-34.05,-218.84,4
-0.76,1.25,-0.92,52.68,217.71,-57.16,-0.47,-0.54,-1.0,-60.0,-96.16,-39.18,4
-1.31,0.61,-1.58,116.13,55.98,-297.44,-1.1,-1.02,0.4,-92.59,-208.66,23.51,4
-0.78,-1.46,-1.17,19.18,-180.61,-319.6,-1.01,-0.7,0.73,83.93,-264.24,185.21,4
0.52,-2.48,0.15,-74.85,-265.64,-93.87,-0.35,0.39,1.27,-38.84,-78.41,213.11,4
0.83,-2.98,0.06,265.85,-153.75,165.67,-0.19,0.09,0.75,45.09,205.85,141.71,4
0.68,0.98,2.37,46.31,83.87,434.36,-0.95,1.37,0.12,47.04,196.74,-41.37,4
0.36,-0.26,1.51,-396.8,61.34,379.73,-0.45,0.8,-0.21,-282.1,211.49,-165.67,4
-0.52,2.0,0.81,-123.2,253.23,221.25,-1.28,0.04,-0.9,-261.52,181.8,-312.59,4
-0.63,1.71,-0.36,-207.65,255.37,74.36,-0.81,-0.27,-0.74,-104.18,-93.96,-225.88,4
-0.63,1.53,-0.92,36.49,223.63,-186.07,-0.45,-0.49,-0.83,-40.76,-127.84,-54.88,4
-0.99,0.78,-1.49,34.02,31.25,-315.52,-1.1,-1.31,-0.2,-130.34,-256.77,31.92,4
