1.03,0.0,0.04,-1.83,-1.1,0.27,0.81,0.59,-0.08,4.6,1.13,-0.98,4
1.01,0.01,0.02,-10.73,0.61,1.16,0.81,0.56,-0.09,-8.63,-3.6,-1.1,4
1.03,0.02,0.02,-15.27,1.49,-0.4,0.82,0.6,-0.06,-11.49,-8.32,-1.86,4
0.99,-0.0,0.02,-13.38,0.34,-0.21,0.79,0.56,-0.11,-4.15,-5.18,-1.52,4
0.97,0.0,0.05,-5.49,-1.52,-0.58,0.78,0.58,-0.08,-2.53,-1.83,0.67,4
1.0,0.0,0.04,-3.57,-1.62,-3.23,0.8,0.58,-0.06,1.22,-3.35,0.24,4
1.02,-0.0,0.05,-7.16,-0.12,-2.87,0.81,0.59,-0.1,-3.08,-5.34,-0.76,4
1.02,-0.01,0.04,-4.54,0.43,0.4,0.8,0.6,-0.08,1.34,-0.34,-2.5,4
1.01,-0.01,0.04,-1.19,0.52,0.79,0.8,0.6,-0.07,-0.61,1.46,-1.77,4
1.01,0.01,0.04,-1.65,1.31,2.1,0.79,0.59,-0.07,2.84,2.62,-3.23,4
0.99,-0.0,0.03,-3.45,2.2,2.56,0.78,0.56,-0.1,-1.83,1.31,-3.54,4
1.02,0.01,0.03,-0.34,1.25,1.01,0.81,0.61,-0.07,-0.21,0.61,-2.5,4
1.02,-0.01,0.04,-0.03,2.65,3.26,0.8,0.57,-0.09,2.26,4.82,-4.66,4
1.12,-0.03,0.26,-1.04,20.4,12.93,0.79,0.72,-0.1,-17.44,7.26,-15.61,4
1.26,-0.27,0.69,25.76,53.75,59.97,0.72,0.86,-0.2,4.33,59.57,-55.61,4
1.7,-0.4,1.31,112.71,155.4,84.73,0.71,1.48,0.16,24.02,110.12,-160.12,4
1.95,-0.16,1.67,88.84,303.02,90.82,0.47,1.75,0.05,-1.31,122.96,-300.82,4
2.22,-0.61,1.48,80.52,403.78,103.35,0.48,1.83,0.28,46.98,113.69,-420.76,4
2.01,-0.55,0.97,230.85,479.33,42.1,0.19,1.8,0.21,107.04,111.07,-497.74,4
1.3,-0.13,0.86,268.84,479.73,-35.27,-0.31,1.22,0.02,116.55,63.96,-484.6,4
0.48,0.81,-0.41,133.51,435.98,-194.33,-0.45,0.71,0.05,81.31,-92.53,-450.12,4
0.14,0.68,-0.35,-315.55,227.56,-135.61,-0.39,0.23,-0.48,-32.59,-203.84,-239.48,4
-0.36,0.09,-1.15,-318.48,131.1,-137.84,-0.28,-0.07,-0.0,-80.21,-227.5,-96.46,4
-0.36,-0.74,-1.12,-81.07,-65.03,-124.82,0.05,0.12,0.56,118.69,-63.38,69.73,4
0.26,-1.49,-0.39,328.81,-189.57,8.63,0.08,0.44,0.35,238.23,225.24,78.29,4
0.62,-0.83,1.57,588.78,-2.04,178.78,-0.99,0.77,-0.35,293.35,312.99,-74.91,4
-0.88,2.39,0.15,297.29,184.6,88.75,-1.51,-0.25,-0.91,-23.51,202.5,-108.41,4
-1.05,2.11,-0.45,-32.23,156.8,-104.45,-1.17,-0.66,-0.51,3.32,-126.37,-163.51,4
-0.42,0.67,-0.92,-417.44,96.98,-213.45,-0.58,-0.65,0.23,-151.25,-343.93,-78.05,4
-1.51,-1.19,-1.85,-511.19,48.29,-107.44,-1.13,-0.52,0.81,-12.07,-240.67,-7.26,4
-0.56,-1.54,-1.54,89.7,-186.86,-193.17,0.12,0.25,0.57,388.05,18.2,184.27,4
-0.12,-1.19,0.09,395.4,-334.05,-69.05,-0.83,0.56,0.38,227.47,342.35,195.82,4
0.08,0.76,1.41,998.99,68.87,-24.54,-1.38,0.76,-0.79,289.42,279.57,-100.58,4
-1.52,2.26,-0.93,421.13,161.13,-173.45,-1.19,-0.22,-1.0,175.67,-75.27,-121.25,4
-0.74,1.34,-0.56,-605.27,-18.48,-165.85,-1.14,-0.6,-0.24,-267.41,-321.62,-54.91,4
-0.79,-0.55,-1.12,-984.94,121.89,-25.3,-0.7,-0.91,0.41,-206.52,-340.95,-129.05,4
-1.27,-0.11,-2.1,-271.77,64.85,-111.16,-0.22,-1.8,-0.56,63.99,-186.16,19.02,4
0.12,-1.53,-1.04,314.48,-275.49,-190.91,0.06,0.36,0.4,304.66,221.16,221.34,4
0.34,-0.41,1.22,708.84,-205.73,-25.98,-1.05,0.46,-0.48,374.21,373.11,91.4,4
-0.93,1.77,-0.33,998.99,205.85,-98.84,-1.33,-0.56,-0.3,291.22,296.98,-167.62,4
-1.23,1.8,-0.19,-295.43,33.63,-50.55,-1.03,-0.4,-0.16,-89.66,-108.6,-39.24,4
-0.51,0.67,-0.7,-511.55,79.91,-151.74,-0.67,-0.84,-0.08,-135.49,-303.26,-85.61,4
-0.7,-0.26,-1.14,-645.64,147.47,-69.63,-0.63,-0.59,0.57,-170.55,-332.32,-70.52,4
-1.07,-0.16,-1.94,-75.4,-79.54,-212.62,-0.17,-0.51,-0.03,230.73,-81.71,154.05,4
-0.05,-1.3,0.1,408.2,-228.05,-177.68,-0.72,1.02,-0.06,416.74,224.88,149.79,4
0.6,-0.35,2.28,748.48,-41.19,32.71,-1.26,0.84,-0.75,211.8,252.84,-26.43,4
-1.17,2.55,0.48,381.92,200.09,-53.57,-1.62,-0.32,-0.32,24.54,77.32,-137.2,4
-0.89,1.18,-0.21,-148.48,135.55,-158.84,-0.96,-0.62,-0.35,80.15,-208.38,-149.24,4
-0.56,0.22,-0.75,-491.37,96.65,-127.77,-0.67,-0.28,0.24,-186.83,-289.57,-32.87,4
-1.26,-0.72,-1.62,-214.05,25.49,-144.97,-0.48,-1.01,0.41,61.55,-147.13,23.08,4
-0.34,-2.05,-0.85,170.3,-217.59,-107.56,-0.17,0.21,0.83,247.38,153.87,141.22,4
-0.19,-1.07,-0.03,448.9,-215.58,73.69,-0.79,0.65,0.24,196.52,365.88,63.41,4
-0.04,0.78,1.49,676.98,62.71,159.79,-1.54,0.69,-0.71,205.15,298.6,-157.59,4
-1.14,2.52,0.19,171.01,125.76,-5.85,-1.36,-0.84,-0.81,-1.86,49.6,-70.03,4
-0.73,1.35,-0.23,-63.48,106.07,-174.33,-0.9,-0.49,-0.21,98.9,-181.77,-99.21,4
-0.36,0.18,-0.65,-347.5,84.73,-166.04,-0.34,-0.51,0.16,-53.17,-266.71,-38.38,4
-1.17,-0.36,-1.25,-196.1,31.89,-145.43,-0.58,-0.83,0.15,49.76,-176.55,18.99,4
-1.02,-0.94,-0.6,125.79,-132.32,-148.38,-0.75,-0.31,0.17,170.18,27.35,147.99,4
-0.5,-0.85,0.43,284.76,-215.91,-2.77,-1.02,0.63,0.14,207.01,215.06,123.75,4
0.11,-0.43,1.5,439.76,-138.29,92.2,-1.1,-0.03,-0.48,144.79,257.96,89.66,4
-0.37,1.97,1.02,431.1,85.95,56.98,-1.29,0.38,-0.72,80.27,209.12,-88.26,4
-0.58,1.8,0.07,5.06,130.7,-60.58,-0.74,-0.44,-0.69,30.15,-46.98,-126.49,4
-0.51,1.0,-0.47,-181.86,112.41,-143.75,-0.49,-0.62,-0.41,39.12,-186.31,-96.95,4
-0.7,0.39,-0.76,-301.1,104.57,-146.65,-0.6,-0.8,-0.05,-39.05,-238.66,-53.23,4
-1.47,-0.48,-1.25,-202.35,16.65,-136.43,-0.85,-0.85,0.61,20.4,-139.7,45.76,4
-0.97,-1.27,-0.67,41.49,-184.7,-117.96,-0.72,0.07,0.57,233.69,38.63,165.67,4
-0.6,-0.83,0.54,165.12,-247.2,-16.1,-1.24,0.35,0.1,90.52,210.43,138.63,4
0.01,0.02,2.32,453.84,-90.79,65.82,-1.47,0.37,-0.72,186.07,202.96,27.93,4
-0.61,2.25,0.75,432.07,109.94,-44.39,-1.02,-0.18,-0.39,24.05,132.53,-77.96,4
-0.51,1.45,0.23,-128.69,133.51,-129.79,-0.72,-0.4,-0.25,73.48,-150.95,-121.01,4
-0.54,0.4,-0.63,-318.17,153.14,-157.77,-0.56,-0.82,-0.19,-102.41,-275.79,-46.92,4
-1.23,-0.22,-1.29,-239.02,107.56,-121.62,-0.73,-0.46,0.59,0.46,-198.26,-21.52,4
-1.2,-0.67,-1.15,-6.74,-118.69,-129.6,-0.61,-0.31,0.3,169.48,7.16,127.96,4
-0.56,-0.99,0.39,264.39,-237.1,-66.34,-1.04,0.38,0.16,249.79,215.52,125.34,4
-0.1,0.02,1.81,472.26,-143.26,24.45,-1.25,-0.08,-0.46,141.86,230.64,105.76,4
-0.5,2.23,0.8,406.98,75.64,-30.98,-1.07,0.4,-0.35,84.33,154.63,-83.23,4
-0.33,1.12,0.37,-146.19,108.2,-50.43,-0.52,-0.48,-0.6,3.11,-90.06,-98.08,4
-0.56,0.62,-0.25,-148.14,114.63,-116.43,-0.59,-0.37,-0.16,22.47,-167.26,-54.54,4
-1.18,-0.22,-0.71,-188.69,78.08,-131.46,-0.93,-0.87,0.44,-31.4,-176.1,-2.23,4
-1.46,-1.09,-0.84,-196.71,-40.46,-78.93,-1.06,-0.23,0.79,17.9,-86.37,71.19,4
-1.07,-1.43,-0.27,164.39,-194.76,-72.41,-1.05,-0.03,0.43,216.59,137.93,125.98,4
-0.23,-0.41,0.75,244.51,-190.85,61.4,-0.98,0.71,0.08,28.81,245.82,78.75,4
0.16,0.93,1.29,510.64,30.76,31.62,-0.87,0.4,-0.72,299.73,159.73,-107.93,4
-0.32,1.76,0.62,20.88,110.67,-66.46,-0.69,-0.47,-0.97,0.7,-97.5,-61.1,4
-0.43,0.79,-0.03,-157.8,137.59,-129.09,-0.64,-0.26,-0.22,58.41,-191.28,-80.0,4
-1.08,-0.09,-0.72,-298.05,131.25,-85.64,-0.84,-0.87,0.14,-152.26,-204.79,-59.48,4
-1.53,-0.53,-0.95,-147.99,-0.91,-86.46,-1.0,-0.28,0.46,74.21,-100.67,41.77,4
-0.88,-1.11,-0.21,140.18,-230.09,-83.23,-0.95,0.15,0.22,194.02,151.01,155.0,4
-0.13,-0.41,0.44,269.39,-248.08,17.77,-0.86,0.76,0.13,107.62,273.57,123.87,4
0.24,1.05,1.66,393.41,-25.12,64.63,-0.89,0.69,-0.62,228.29,203.96,-94.24,4
-0.29,1.68,1.14,61.34,177.5,-50.58,-0.95,-0.9,-1.06,-14.27,-101.68,-119.24,4
-0.66,1.05,-0.18,-95.37,216.59,-163.29,-0.83,-0.29,-0.1,106.52,-239.21,-133.35,4
-0.93,-0.05,-0.97,-260.34,170.73,-170.12,-0.75,-0.93,0.21,-43.2,-280.12,-42.68,4
-1.32,-0.68,-1.38,-154.51,-39.24,-147.93,-0.7,-0.42,0.44,74.7,-92.77,102.2,4
-1.01,-1.8,-0.52,192.23,-236.46,-102.96,-1.07,0.34,0.87,233.63,179.54,152.04,4
-0.05,-1.05,0.16,204.51,-285.91,59.73,-0.78,0.87,0.48,68.63,329.85,119.82,4
0.22,0.27,1.78,372.5,-13.78,109.48,-1.04,0.64,-0.5,100.06,204.09,-117.2,4
-0.4,2.08,0.62,280.67,219.88,-89.88,-0.99,-0.55,-1.08,92.53,-76.31,-174.24,4
-0.65,1.07,-0.15,-123.54,147.65,-178.26,-0.87,-0.01,-0.15,108.69,-204.88,-74.24,4
-1.1,-0.29,-0.73,-206.49,74.63,-189.76,-0.9,-1.12,0.16,53.08,-194.91,30.12,4
-0.89,-1.19,-0.71,-16.86,-89.36,-158.08,-0.67,0.08,0.5,172.87,-27.07,111.95,4
-0.44,-1.19,0.42,254.02,-193.14,-47.65,-1.01,0.54,0.25,216.86,206.22,94.7,4
0.1,-0.69,1.1,274.42,-129.36,92.87,-0.74,0.08,0.06,33.45,235.88,25.67,4
-0.39,1.73,1.15,361.37,147.23,13.78,-1.05,-0.01,-0.62,66.65,86.01,-164.6,4
-0.77,1.48,0.11,-75.95,198.66,-93.51,-0.91,-0.62,-0.57,54.15,-146.46,-154.18,4
-0.88,0.66,-0.67,-246.4,167.41,-134.45,-0.74,-0.77,0.12,-27.01,-239.73,-46.25,4
-1.28,-0.37,-1.51,-188.66,32.35,-164.27,-0.63,-0.52,0.86,79.18,-148.96,66.28,4
-0.63,-1.5,-1.03,30.64,-196.98,-117.29,-0.36,0.33,0.74,213.96,118.48,130.64,4
-0.48,-1.07,0.35,280.91,-247.44,-25.64,-1.18,0.59,0.38,110.64,268.29,117.53,4
-0.56,0.29,2.33,400.58,-6.16,62.87,-1.72,0.09,-0.46,46.98,123.23,-54.39,4
-0.86,2.03,0.9,13.45,167.84,-14.33,-1.23,-0.1,0.2,-69.63,-21.19,-131.86,4
-0.57,0.77,-0.05,-212.96,218.45,-64.91,-0.67,-0.71,-0.05,1.65,-200.61,-130.03,4
-1.14,-0.17,-1.17,-53.75,124.33,-158.99,-0.57,-0.59,0.19,51.74,-164.24,10.61,4
-0.7,-1.19,-0.88,33.69,-124.57,-161.74,-0.39,0.29,0.43,215.85,18.48,142.29,4
-0.31,-1.12,0.89,215.61,-198.02,-48.72,-1.2,0.7,0.28,177.53,201.89,89.7,4
-0.29,-0.42,2.53,325.34,-83.17,91.22,-1.77,-0.08,-0.53,0.85,124.97,-7.56,4
-0.3,1.51,1.19,-41.89,165.34,89.42,-0.96,0.01,-0.15,-200.27,-5.4,-151.49,4
-0.68,1.02,0.19,-87.01,277.44,-34.12,-0.96,-0.83,-0.5,30.82,-160.49,-201.74,4
-1.49,0.2,-1.09,-19.51,144.45,-162.93,-0.87,-0.62,0.25,28.87,-151.59,-4.18,4
-0.57,-0.93,-0.81,12.44,-98.32,-155.49,-0.27,0.53,0.52,205.79,-10.85,118.41,4
-0.31,-1.28,0.25,253.6,-210.61,-41.25,-0.86,0.52,0.59,217.29,224.79,88.66,4
0.19,-0.44,1.49,347.96,-74.09,98.72,-0.79,-0.05,0.12,58.99,246.1,-13.41,4
-0.58,1.45,0.69,199.21,147.01,83.81,-0.93,-0.23,-0.25,6.01,93.75,-193.9,4
-1.0,1.57,0.34,-73.08,194.18,-46.65,-1.19,-1.01,-0.86,43.05,-135.82,-143.17,4
-1.04,0.68,-0.45,-76.4,163.14,-169.05,-0.95,-0.56,-0.04,58.57,-205.46,-49.45,4
-1.13,-0.46,-0.96,47.59,5.88,-226.04,-0.59,-0.35,0.78,190.55,-124.09,63.9,4
-0.64,-1.67,-0.97,151.74,-155.24,-92.47,-0.23,-0.02,0.82,167.04,104.12,107.44,4
-0.23,-0.58,0.76,254.6,-149.63,78.32,-0.94,0.37,0.27,117.74,207.62,49.12,4
-0.28,-0.54,1.41,230.73,-15.58,168.63,-1.31,-0.02,-0.19,36.83,113.72,-56.95,4
-0.66,1.49,1.24,-28.78,114.48,65.09,-1.58,-0.21,-0.77,-172.53,8.87,-89.39,4
-1.12,1.36,0.19,-58.38,182.47,-67.84,-1.33,-0.65,-0.29,35.79,-126.89,-145.85,4
-1.21,0.5,-0.59,-134.85,143.54,-153.72,-0.96,-0.91,0.06,-22.99,-199.33,-43.32,4
-1.15,-0.7,-1.08,-99.48,1.19,-177.9,-0.61,-0.46,0.75,81.68,-137.96,73.93,4
-0.48,-1.73,-0.88,139.48,-179.27,-100.58,-0.18,0.12,0.54,184.97,85.34,131.1,4
0.05,-0.83,0.55,233.23,-201.49,106.92,-0.75,0.64,0.21,72.68,274.54,65.67,4
0.09,-0.12,1.6,326.13,1.55,210.55,-1.25,0.68,-0.6,82.77,204.33,-137.71,4
-0.3,1.49,0.94,17.5,147.93,96.71,-0.94,-0.44,-0.57,-171.92,28.69,-130.09,4
-0.73,1.59,0.06,-31.4,257.04,-68.11,-1.05,-0.59,-0.36,12.2,-159.51,-207.01,4
-1.21,0.71,-0.91,-192.1,194.27,-169.54,-0.91,-1.23,-0.08,-18.05,-251.62,-87.2,4
-1.45,-0.27,-1.65,-147.38,19.45,-211.07,-0.67,-0.92,0.69,61.01,-177.32,73.17,4
-0.55,-2.04,-1.51,251.13,-238.38,-151.01,-0.05,0.06,1.02,286.98,150.64,179.27,4
0.14,-0.85,0.57,303.6,-256.07,81.59,-0.82,0.93,0.3,147.07,306.04,82.1,4
0.35,0.3,1.61,340.18,-37.16,179.3,-1.19,0.74,-0.46,187.13,222.01,-125.06,4
-0.32,1.72,0.85,87.9,152.96,31.77,-0.98,-0.81,-1.03,-82.99,2.04,-112.01,4
-0.88,1.72,-0.13,-134.94,220.73,-122.74,-1.11,-0.56,-0.37,33.87,-216.65,-165.82,4
-1.2,0.26,-1.25,-300.3,188.45,-164.21,-0.81,-1.48,-0.06,-63.81,-285.27,-80.3,4
-1.35,-0.61,-1.75,-125.4,-48.72,-179.12,-0.6,-0.89,0.05,47.13,-111.59,126.74,4
-0.04,-1.86,-0.25,333.35,-275.67,-71.89,-0.43,0.71,0.62,298.48,252.2,147.16,4
0.3,-0.35,0.71,401.68,-172.5,142.44,-0.43,-0.07,0.04,32.26,334.39,74.54,4
0.14,1.95,0.63,222.87,86.19,169.97,-0.43,0.61,-0.04,93.54,240.12,-223.96,4
-0.25,1.97,0.42,-109.42,198.32,39.48,-0.54,-1.35,-1.65,6.28,-85.43,-176.22,4
-0.9,1.28,-0.58,-85.03,159.54,-157.71,-0.86,-0.35,-0.54,120.67,-189.39,-102.1,4
-1.25,-0.03,-0.94,-197.77,93.35,-171.1,-0.81,-1.18,0.23,-90.58,-194.76,1.43,4
-1.03,-0.92,-1.21,-79.36,-91.59,-157.56,-0.48,0.17,0.84,208.2,-64.42,130.52,4
-0.43,-1.44,0.46,317.16,-213.14,-46.07,-1.02,0.25,0.54,215.46,200.55,117.96,4
-0.3,0.27,1.47,301.62,-99.15,114.24,-0.83,-0.27,0.04,-39.09,215.24,85.95,4
-0.41,1.97,1.06,78.38,98.02,60.95,-0.68,0.4,0.19,-102.53,135.67,-104.85,4
-0.55,1.66,0.44,-86.55,234.27,-83.2,-0.74,-1.06,-0.73,38.6,-149.27,-162.41,4
-0.88,0.41,-0.95,-174.09,152.8,-179.76,-0.47,-0.63,-0.12,74.57,-209.02,-41.1,4
-0.79,-0.47,-1.18,-48.93,-55.3,-197.56,-0.26,-0.53,0.38,167.04,-89.02,122.38,4
-0.69,-1.66,0.31,232.5,-220.24,-51.1,-1.16,0.41,0.67,185.67,197.29,109.57,4
-0.38,-0.61,0.56,125.61,-151.92,169.36,-0.71,-0.01,0.33,-85.4,257.41,55.3,4
0.2,0.73,1.06,73.02,94.48,206.59,-0.92,0.5,-0.21,9.36,116.4,-214.85,4
-0.67,1.88,0.6,-118.35,242.62,-9.12,-1.34,-1.06,-1.75,-48.23,-164.15,-184.33,4
-1.07,0.81,-0.96,-33.63,181.13,-168.08,-0.63,-0.37,0.09,51.77,-198.02,-67.38,4
-0.58,-0.07,-1.12,30.3,-66.19,-226.49,-0.15,0.07,0.68,234.6,-68.81,123.35,4
-0.37,-1.93,0.23,281.37,-193.54,-62.16,-0.72,0.4,0.78,292.01,192.07,92.32,4
0.07,-0.96,1.19,258.45,-116.98,163.29,-0.8,-0.48,-0.15,16.89,240.85,56.1,4
-0.27,0.81,1.08,149.27,59.97,220.52,-1.12,0.33,-0.17,-152.71,191.77,-150.82,4
-0.85,2.43,0.48,199.36,253.2,-32.2,-1.35,-1.17,-1.11,84.91,-28.23,-218.72,4
-1.04,1.14,-0.82,-149.02,147.41,-207.07,-0.85,-0.59,-0.22,106.83,-242.74,-69.54,4
-0.77,-0.16,-1.31,-142.1,14.3,-248.66,-0.44,-1.15,0.27,116.55,-214.76,80.61,4
-0.51,-1.86,-1.08,287.16,-172.01,-231.4,-0.12,-0.21,0.48,295.3,35.55,178.05,4
-0.25,-0.88,0.74,224.42,-189.63,83.75,-1.0,0.89,0.15,110.98,217.71,40.73,4
0.07,-0.05,1.8,259.02,-35.37,230.24,-1.44,0.08,-0.63,179.15,257.74,-91.98,4
-0.4,1.4,1.28,-28.78,107.96,199.48,-1.33,-0.3,-1.03,-184.02,55.98,-121.34,4
-0.68,2.03,0.31,120.7,271.28,-99.39,-1.3,-0.6,-0.76,58.41,-116.86,-233.72,4
-0.94,0.83,-1.03,-186.07,141.01,-188.35,-0.56,-0.7,-0.12,54.85,-225.46,-58.32,4
-0.87,-0.09,-1.28,-33.57,-23.05,-240.34,-0.41,-0.74,-0.09,198.41,-136.25,93.78,4
-0.18,-2.07,-0.49,279.33,-214.36,-149.6,-0.2,0.22,0.64,301.31,106.77,159.45,4
-0.87,-0.56,-0.26,212.65,-197.04,79.66,-1.03,0.4,0.65,-7.1,237.96,74.91,4
-0.34,0.22,1.64,179.66,-3.48,201.59,-1.42,0.89,-0.12,110.55,182.35,-129.73,4
-0.8,1.41,1.24,-43.08,137.44,92.35,-1.45,-0.97,-0.73,-162.38,-11.52,-109.51,4
-1.15,1.39,0.1,-43.9,232.59,-120.34,-1.44,-0.56,-0.3,93.29,-192.44,-173.14,4
-0.82,-0.07,-1.17,-93.54,137.71,-204.79,-0.36,-0.62,0.34,34.05,-202.47,-20.21,4
0.03,-0.81,-1.28,41.86,-77.9,-200.15,0.46,-0.02,0.28,241.55,-56.98,118.45,4
-0.46,-1.21,-0.34,356.52,-227.77,-49.36,-0.64,0.17,0.51,250.15,238.48,122.77,4
-0.28,-0.24,1.15,491.07,-147.93,93.02,-1.22,0.22,-0.12,176.89,313.66,97.41,4
-0.79,1.86,0.72,366.8,36.01,121.13,-1.28,0.49,-0.19,89.54,277.53,-103.23,4
-0.92,2.29,0.79,-40.79,152.23,-55.18,-1.31,-0.88,-1.09,45.4,-74.54,-129.6,4
-0.49,1.06,-0.32,-252.74,179.66,-209.94,-0.77,-0.27,-0.37,14.24,-290.21,-137.16,4
-0.47,-0.25,-1.23,-169.7,135.27,-215.79,-0.2,-0.59,-0.0,-9.21,-245.43,-60.4,4
-0.27,-0.95,-1.39,0.06,-75.0,-166.49,0.25,-0.08,0.56,129.21,-78.05,100.15,4
-0.5,-1.32,-0.04,312.38,-196.43,-35.09,-0.71,0.05,0.72,307.13,195.24,116.8,4
-0.71,-0.22,1.38,185.06,-107.68,123.51,-1.35,0.38,0.19,-53.57,191.68,70.0,4
-0.28,0.89,1.15,102.5,54.24,176.62,-0.99,0.78,-0.0,70.34,210.64,-162.44,4
-0.36,1.03,1.11,-43.2,169.3,89.51,-1.02,-0.53,-0.95,-15.76,-2.1,-175.88,4
-0.85,1.1,-0.34,46.68,209.73,-100.27,-0.86,-0.5,-0.2,120.76,-118.63,-175.67,4
-1.08,0.22,-1.23,-31.95,108.99,-202.96,-0.48,-1.05,0.38,66.31,-169.21,-20.09,4
-0.54,-0.74,-1.21,-3.75,-71.19,-185.55,-0.01,-0.31,0.57,189.63,-83.14,104.05,4
-0.83,-1.19,-0.43,238.02,-211.46,-78.6,-0.75,-0.26,0.61,219.09,143.78,150.21,4
-0.75,-0.29,0.92,178.35,-187.07,83.93,-1.42,0.68,0.13,22.38,198.38,89.42,4
0.1,0.15,1.43,252.56,35.49,153.87,-1.23,0.21,-0.33,156.49,155.34,-144.97,4
-0.44,1.19,1.5,-138.93,166.31,79.42,-1.52,-0.49,-1.2,-130.43,-91.92,-140.98,4
-0.64,1.0,-0.02,-112.01,249.54,-59.18,-1.0,-0.19,-0.25,30.52,-162.96,-211.34,4
-0.81,0.32,-0.83,-79.54,162.16,-129.33,-0.43,-0.77,-0.09,-1.01,-150.09,-77.99,4
-0.88,-0.01,-1.29,26.62,8.11,-181.07,-0.27,-0.55,0.41,88.66,-114.48,85.34,4
-0.16,-1.5,-0.55,305.85,-184.36,-152.44,-0.04,0.18,0.62,360.88,96.49,139.82,4
-0.68,-1.06,0.81,234.12,-176.52,55.95,-1.33,0.36,0.69,61.25,221.49,91.59,4
-0.36,-0.2,1.76,289.51,8.02,151.49,-1.48,0.85,-0.05,134.42,205.03,-101.98,4
-0.73,0.98,0.67,198.35,149.73,103.32,-1.2,-0.59,-0.28,-57.38,116.46,-155.37,4
-1.09,1.87,-0.14,-14.6,220.18,-113.75,-1.22,-0.69,-0.47,64.27,-150.34,-192.56,4
-0.69,0.4,-1.18,-400.91,132.29,-156.13,-0.43,-0.49,0.13,-62.07,-284.66,-82.93,4
-0.58,-0.19,-1.54,-53.26,-17.32,-219.91,0.06,-0.55,0.08,132.99,-130.79,76.52,4
-0.14,-1.89,-0.7,345.09,-218.63,-79.7,-0.02,0.36,0.77,371.34,197.47,122.07,4
-0.56,-0.24,0.36,213.11,-206.4,158.2,-1.18,0.34,0.03,-1.92,281.46,80.24,4
-0.13,0.47,1.05,171.07,11.04,235.91,-1.65,0.46,-0.22,69.97,184.91,-150.21,4
-0.83,2.31,1.68,-142.84,205.49,28.69,-2.01,-1.28,-2.14,-89.09,-157.87,-178.9,4
-0.54,1.1,-0.18,-236.04,296.55,-133.69,-1.01,-0.02,-0.12,2.99,-288.66,-201.31,4
-0.69,-0.27,-1.68,-166.43,216.86,-158.9,-0.18,-0.61,0.11,-29.42,-233.35,-86.37,4
-0.09,-0.93,-1.83,-8.72,-107.74,-115.34,0.69,-0.07,0.09,175.73,1.92,110.7,4
-0.61,-1.16,-0.52,448.57,-265.95,-52.01,-0.79,-0.14,0.76,328.51,278.23,155.58,4
-0.66,-0.38,0.84,317.53,-196.71,139.02,-1.33,0.67,0.56,-27.59,324.97,75.09,4
-0.86,2.33,0.18,672.47,183.75,21.13,-1.21,-0.07,-0.31,178.6,277.9,-203.84,4
-1.34,2.27,-0.26,-92.16,143.32,-109.15,-1.26,-0.99,-0.99,-32.04,-133.54,-105.55,4
-0.59,0.99,-0.36,-295.15,77.47,-224.79,-0.98,-0.04,-0.44,4.6,-287.13,-94.3,4
-0.84,-0.81,-1.19,-528.11,-1.52,-124.57,-0.55,-0.65,0.69,-96.98,-235.3,9.51,4
-0.12,-1.99,-1.71,230.85,-93.05,-207.84,0.57,0.02,0.46,419.63,-9.66,98.26,4
-0.31,-1.29,0.55,303.29,-233.05,46.07,-1.11,0.7,0.84,138.48,271.04,101.86,4
0.03,-1.08,1.13,382.9,-109.21,177.53,-1.2,0.28,-0.13,195.55,322.9,-18.96,4
-0.47,1.71,1.32,102.77,20.98,206.98,-1.43,0.1,-0.82,-93.75,204.7,-111.16,4
-1.14,2.63,0.34,188.87,191.19,-73.14,-1.28,-1.44,-0.85,114.3,-44.7,-165.76,4
-0.85,1.25,-0.38,-85.67,173.45,-246.31,-0.83,-0.76,-0.38,113.35,-284.57,-53.11,4
-0.8,-0.33,-1.37,-179.82,108.11,-268.57,-0.46,-1.01,0.32,37.01,-280.85,15.27,4
-0.3,-1.65,-1.81,17.74,-126.62,-180.0,0.31,0.16,0.67,67.5,-39.27,163.48,4
-0.12,-1.38,0.57,278.66,-183.35,30.64,-0.81,0.53,0.84,192.84,227.35,61.65,4
-0.01,-0.67,1.63,274.05,-116.01,199.79,-1.24,-0.1,-0.06,17.96,284.18,36.8,4
-0.64,1.85,1.24,135.91,75.4,173.45,-1.42,0.15,-0.52,-111.49,179.24,-135.82,4
-1.02,2.27,0.58,28.14,184.91,-42.35,-1.37,-1.11,-1.28,101.8,-85.64,-184.63,4
-0.49,0.74,-0.56,-124.51,174.18,-203.57,-0.55,-0.18,-0.11,36.52,-235.85,-60.49,4
-0.62,-0.35,-1.46,28.35,-8.81,-252.16,-0.1,-0.65,0.22,231.52,-130.21,74.36,4
0.02,-1.99,-0.5,261.04,-225.67,-39.39,-0.0,0.48,0.83,284.94,191.1,133.51,4
0.05,-0.61,1.13,303.48,-173.93,150.15,-0.96,-0.03,-0.06,98.05,271.01,111.89,4
-0.43,1.27,0.69,175.21,-0.61,189.27,-1.14,0.56,-0.19,80.3,292.71,-125.91,4
-0.98,2.68,0.86,51.83,157.77,-13.45,-1.33,-1.54,-1.84,89.85,-40.43,-138.38,4
-0.87,1.59,-0.23,-163.26,185.79,-204.54,-1.11,-0.6,-0.56,77.77,-274.33,-119.02,4
-1.28,-0.87,-1.73,-231.4,93.9,-170.88,-0.62,-1.04,0.66,25.95,-219.94,1.98,4
0.11,-1.68,-1.2,-12.13,-158.96,-103.93,0.51,0.22,0.05,146.98,28.32,141.59,4
-0.24,-0.8,0.27,328.02,-196.86,51.07,-0.82,0.65,-0.06,111.07,222.29,54.51,4
0.21,-0.88,1.36,584.09,-25.98,156.52,-1.15,0.16,-0.51,144.21,257.1,-61.59,4
-1.64,3.37,-0.94,424.85,194.88,-138.66,-1.9,-1.05,-1.5,108.29,38.57,-81.95,4
-0.65,1.6,-0.26,-231.01,66.68,-235.18,-1.05,-0.2,0.07,-45.27,-273.96,-96.74,4
-1.36,-0.29,-1.83,-830.7,6.83,-78.66,-0.86,-1.29,0.49,-173.81,-313.57,-9.79,4
-0.64,-1.37,-1.86,-14.91,-120.52,-190.64,0.09,-0.85,-0.02,293.66,-55.15,185.06,4
-0.19,-1.2,1.01,280.06,-263.72,23.11,-1.29,1.25,0.59,101.89,256.19,133.14,4
0.34,-0.66,1.72,803.96,77.01,28.29,-1.35,0.06,-0.43,300.76,183.87,-109.73,4
-0.59,1.9,0.48,-212.01,126.74,4.18,-1.32,0.36,-0.12,-195.12,-89.88,-91.19,4
-0.61,1.16,-0.53,-258.54,220.76,-124.02,-0.83,-1.17,-0.45,19.6,-225.76,-200.3,4
-1.51,-0.14,-1.61,-220.37,105.88,-174.97,-0.94,-1.3,0.03,-28.99,-172.68,9.09,4
-0.7,-1.13,-1.25,-98.45,-139.94,-157.23,-0.21,-0.49,0.29,181.31,-14.02,156.59,4
-0.38,-1.02,0.02,298.9,-228.75,-53.11,-0.91,0.61,0.0,231.28,259.57,93.69,4
0.24,-0.35,1.46,202.74,-169.12,154.91,-0.95,0.7,0.09,23.63,279.7,-18.81,4
-0.04,0.56,0.98,400.73,121.28,114.3,-0.84,-0.51,-0.5,53.2,146.04,-183.11,4
-0.77,2.37,0.06,190.91,294.12,-123.48,-1.16,-1.07,-0.97,29.3,-161.4,-209.82,4
-0.89,1.05,-1.02,-381.1,186.52,-137.2,-0.83,-0.57,-0.01,-55.76,-297.93,-97.35,4
-1.26,-0.06,-1.74,-231.19,-6.65,-184.51,-0.51,-0.69,0.31,91.1,-153.57,107.29,4
-0.36,-1.8,-0.77,122.07,-202.01,-146.89,-0.3,-0.0,0.96,201.4,105.76,151.74,4
-0.26,-1.17,0.41,239.48,-209.39,64.73,-0.91,-0.07,0.44,58.75,260.46,102.2,4
-0.8,0.63,1.89,437.32,62.5,95.15,-1.74,-0.03,-0.69,-49.39,152.29,-100.79,4
-1.99,2.84,-0.78,438.87,222.44,-223.63,-1.86,-0.84,-0.61,270.09,-46.37,-165.7,4
-0.62,0.66,-0.67,-548.51,-0.24,-150.58,-0.82,-0.06,0.35,-171.86,-265.52,40.46,4
-0.9,-0.75,-2.02,-271.89,-89.91,-178.11,-0.08,-0.53,0.32,198.17,-109.3,105.12,4
0.12,-1.78,-0.18,381.77,-201.31,-95.61,-0.31,0.44,0.59,341.37,189.76,124.33,4
-0.06,-0.75,1.6,280.0,-143.63,137.96,-1.2,0.39,-0.11,-31.74,236.16,68.99,4
-0.5,0.98,0.61,426.01,138.66,87.35,-1.24,-0.38,-0.26,112.5,210.21,-175.49,4
-1.15,2.51,0.31,-80.0,183.51,-43.9,-1.52,-1.06,-1.28,-43.9,-124.02,-146.22,4
-0.92,1.26,-0.71,-222.8,160.46,-207.2,-0.94,-0.66,-0.27,60.34,-291.16,-97.44,4
-0.92,-0.69,-1.66,-239.42,55.73,-234.51,-0.4,-1.03,0.34,1.98,-249.45,53.6,4
0.31,-1.7,-1.33,-33.66,-184.39,-159.42,0.63,0.41,0.36,196.19,24.54,174.02,4
-0.09,-1.51,0.4,248.23,-206.62,70.12,-0.84,0.57,0.43,139.33,256.89,50.55,4
0.19,-0.1,1.87,147.38,-75.46,244.02,-1.21,0.6,-0.2,-76.62,240.12,-82.5,4
-0.24,1.56,0.75,212.99,139.7,144.15,-0.56,-0.52,-0.23,14.12,127.93,-202.9,4
-1.18,2.24,0.24,-3.51,187.9,-67.68,-1.11,-1.49,-1.18,90.27,-103.51,-141.98,4
-1.25,0.57,-1.06,41.22,115.03,-263.57,-0.75,-1.38,-0.15,47.29,-204.57,15.12,4
-0.71,-1.02,-1.14,35.4,-115.82,-225.15,-0.28,-0.11,0.59,138.23,-70.4,166.59,4
-0.56,-1.52,-0.21,214.63,-248.23,-19.94,-0.81,0.76,0.91,177.04,200.3,123.81,4
0.14,-0.73,1.92,234.48,-82.62,147.96,-1.11,0.68,0.13,110.73,200.85,-5.46,4
-0.06,-0.03,0.67,191.01,76.28,174.82,-0.74,0.13,-0.05,-0.4,213.66,-157.93,4
-0.66,1.92,0.28,105.27,173.02,64.36,-1.0,-0.87,-1.05,43.17,31.74,-190.58,4
-1.31,2.16,-0.67,70.49,96.55,-184.33,-1.05,-1.13,-0.97,205.95,-141.37,-50.82,4
-0.76,0.64,-0.85,56.83,5.15,-320.64,-0.56,-1.12,-0.16,85.67,-182.65,87.2,4
-0.48,-1.02,-0.64,126.95,-176.22,-248.32,-0.32,0.34,0.68,329.57,-60.12,191.4,4
-0.28,-1.29,0.47,95.64,-229.57,23.05,-0.85,1.0,0.48,54.57,139.82,94.24,4
0.0,-0.56,2.1,177.38,31.52,198.08,-1.46,0.9,0.08,88.75,133.66,-112.32,4
-0.51,1.08,0.92,-141.65,140.7,229.15,-1.21,-0.02,-0.36,-248.63,89.45,-172.26,4
-0.91,1.92,0.02,6.01,246.8,27.96,-1.11,-1.34,-0.86,-28.63,-63.51,-225.18,4
-1.09,1.43,-0.61,-26.01,120.12,-240.79,-0.83,-0.79,-0.75,154.66,-237.41,-11.98,4
-0.47,-0.54,-0.95,106.37,-36.19,-363.11,-0.39,-0.96,0.07,125.82,-183.9,133.35,4
0.22,-2.14,0.09,239.33,-163.02,-130.88,0.07,0.58,0.93,192.5,112.99,109.36,4
-0.26,-1.14,1.46,217.26,-99.05,146.43,-1.3,0.42,0.55,211.25,227.5,11.71,4
-0.28,-0.66,1.04,49.36,21.86,245.0,-1.01,0.28,0.07,-204.91,146.59,-92.93,4
-0.56,1.86,0.93,-39.85,138.38,174.88,-1.25,0.03,-0.23,-109.73,91.83,-200.12,4
-1.21,2.22,-0.05,87.07,197.59,-171.25,-1.24,-1.39,-0.92,111.1,-141.55,-109.24,4
-0.8,0.16,-1.04,-79.42,74.42,-320.15,-0.54,-0.47,0.35,139.88,-228.84,68.41,4
0.19,-1.95,-1.07,40.91,-121.31,-242.77,0.45,0.39,0.55,379.85,-34.21,132.44,4
-0.35,-1.63,0.09,349.36,-187.23,93.08,-0.99,0.29,0.56,217.47,305.03,50.46,4
-0.25,-0.02,1.97,189.7,-92.71,252.2,-1.59,0.75,-0.27,-138.78,251.95,-24.94,4
-0.53,2.42,1.46,125.85,92.38,168.23,-1.43,0.1,-0.5,-106.89,174.85,-156.8,4
-0.53,2.22,0.26,-18.35,237.47,-92.26,-0.88,-0.96,-0.87,19.7,-148.2,-161.59,4
-0.31,1.1,-0.48,-177.99,217.9,-234.12,-0.54,-0.67,-0.4,63.84,-317.68,-74.09,4
-0.56,-0.48,-1.57,-155.58,55.55,-270.61,-0.14,-0.33,0.6,144.51,-256.52,66.77,4
-0.23,-1.83,-1.4,100.09,-135.12,-109.63,0.38,-0.41,0.49,173.78,65.18,98.11,4
-0.5,-1.48,0.88,207.07,-196.16,121.31,-1.52,1.2,0.87,139.02,277.71,26.25,4
-0.62,-0.8,1.7,173.69,-67.41,214.39,-1.64,-0.19,0.15,-133.9,175.15,-41.01,4
-1.06,1.95,1.67,-23.11,116.07,136.8,-1.9,-0.17,-0.41,-155.0,32.47,-152.74,4
-0.95,1.55,0.24,-41.07,240.27,-122.87,-1.15,-0.92,-0.5,82.38,-196.8,-135.58,4
-0.31,-0.24,-1.37,222.07,165.03,-350.49,0.14,-0.3,0.41,222.65,-224.21,33.9,4
0.2,-2.09,-1.58,85.3,-160.06,-118.66,0.77,0.09,0.67,162.38,87.04,102.87,4
-0.2,-1.52,0.68,300.03,-213.45,127.84,-1.29,0.88,0.7,294.15,320.15,20.4,4
-0.14,-0.66,1.65,257.68,-124.57,238.11,-1.36,-0.12,-0.08,-119.88,292.44,-0.95,4
-0.57,2.81,1.43,76.62,61.01,170.06,-1.39,-0.07,-0.94,-77.07,153.84,-150.37,4
-0.78,2.74,0.61,-3.69,214.42,-128.29,-1.18,-1.15,-1.18,61.55,-173.05,-127.04,4
-0.48,0.82,-0.19,-153.2,191.13,-277.13,-0.8,-0.46,-0.19,124.51,-308.66,-0.73,4
-0.56,-0.99,-1.47,-122.44,31.49,-218.99,0.22,0.19,0.94,73.72,-111.95,64.51,4
-0.13,-2.5,-1.39,378.87,-145.61,-90.3,0.25,0.59,1.1,362.77,204.7,56.92,4
-0.52,-0.97,0.5,129.79,-209.6,214.6,-1.35,0.64,0.34,-63.9,267.44,-14.7,4
-0.31,0.38,1.75,312.01,-68.75,198.69,-1.77,-0.28,-0.72,89.42,260.37,-105.82,4
-0.54,2.26,1.58,32.71,135.49,-6.55,-1.42,-0.94,-1.48,-7.59,-78.57,-90.27,4
-0.5,1.26,0.47,-61.55,185.18,-191.98,-0.88,-0.11,-0.49,174.63,-220.85,-66.77,4
-0.44,-0.4,-0.96,46.46,99.3,-283.17,-0.14,-0.61,0.15,221.92,-193.84,58.72,4
-0.47,-1.77,-0.87,179.45,-82.35,-191.49,-0.23,0.04,0.78,255.0,29.02,103.35,4
-0.73,-1.82,0.05,208.54,-199.05,34.24,-1.15,0.54,1.02,122.65,232.13,58.78,4
-0.28,-0.56,0.75,164.79,-136.55,188.57,-0.98,0.25,0.31,-63.05,247.01,-19.3,4
-0.43,1.26,1.56,119.05,32.8,157.04,-1.34,0.18,-0.9,-33.63,105.61,-140.34,4
-0.43,2.22,1.22,-25.64,172.38,-82.44,-1.26,-0.61,-1.42,41.1,-153.54,-89.94,4
-0.31,0.96,0.07,-101.19,175.49,-221.13,-0.64,-0.17,-0.46,133.75,-246.25,-7.41,4
-0.37,-0.92,-1.01,86.55,42.23,-265.4,-0.12,-0.12,0.17,305.4,-122.74,79.57,4
-0.71,-1.91,-0.6,168.48,-140.67,-80.58,-0.63,0.04,0.55,147.99,100.61,91.31,4
-0.75,-0.82,0.6,120.58,-175.64,132.8,-1.45,1.0,0.37,-81.92,211.04,10.49,4
-0.14,0.07,2.14,272.07,42.44,175.15,-1.52,0.15,-0.61,58.32,182.2,-151.16,4
-0.69,2.85,1.06,51.22,219.94,-1.22,-1.36,-0.81,-1.15,-70.7,-82.68,-153.78,4
-0.35,1.64,-0.21,-162.87,209.42,-187.04,-0.59,-0.32,-0.65,93.99,-280.03,-91.43,4
-0.15,-0.69,-1.26,-2.04,72.35,-294.73,0.09,-0.41,-0.02,170.3,-228.41,78.48,4
-0.19,-1.96,-1.05,119.3,-137.04,-121.04,0.04,0.02,0.41,103.87,58.23,120.18,4
-0.6,-1.22,0.71,246.89,-191.62,140.91,-1.44,0.89,0.75,79.82,283.38,31.86,4
-0.6,0.13,2.09,252.13,2.41,204.6,-1.86,-0.08,-0.37,-84.09,193.78,-69.27,4
-1.07,2.86,1.39,-78.99,132.47,44.39,-2.11,-0.18,-1.24,-184.33,-51.83,-112.65,4
-0.56,1.58,0.12,-153.11,196.46,-193.23,-1.0,-0.26,-0.65,93.23,-274.36,-109.42,4
0.1,-0.66,-0.95,-15.64,113.93,-297.62,0.15,-0.18,-0.05,145.52,-258.69,39.76,4
0.25,-1.51,-1.17,10.49,-85.91,-127.5,0.54,0.39,0.52,102.1,6.19,84.09,4
-0.7,-1.7,0.06,299.76,-174.18,75.88,-1.11,0.65,1.13,189.42,263.78,41.31,4
-0.71,-0.3,1.92,198.66,-100.67,193.05,-1.74,0.23,0.08,-108.63,236.34,11.49,4
-0.9,2.43,1.18,154.91,97.96,79.91,-1.42,-0.16,-0.53,130.58,126.31,-163.11,4
-0.45,2.15,0.54,-119.3,201.1,-145.7,-0.73,-1.04,-1.46,68.48,-222.56,-105.18,4
-0.25,0.47,-0.79,-128.35,163.26,-252.07,-0.35,-0.12,-0.11,123.81,-279.54,-9.66,4
0.01,-1.24,-0.81,-25.09,-33.29,-188.29,0.34,0.32,0.69,237.8,-63.75,64.97,4
-0.69,-2.54,-0.5,308.02,-151.4,16.95,-0.72,0.24,1.23,223.72,231.25,34.42,4
-0.44,-0.71,1.1,212.16,-118.29,255.27,-1.43,0.43,0.41,-89.76,281.95,-22.32,4
-0.0,0.59,0.6,255.73,77.59,244.48,-0.95,0.11,-0.47,73.29,283.81,-207.38,4
-0.51,2.76,0.35,171.65,190.79,-62.44,-1.01,-1.05,-1.87,101.59,-80.76,-134.94,4
-0.53,1.59,-0.48,-80.7,111.52,-241.55,-0.61,-0.39,-0.62,126.8,-239.42,-61.92,4
-0.55,-0.4,-0.93,-171.22,57.29,-273.93,-0.47,-1.04,0.34,-9.66,-275.85,20.18,4
-0.66,-1.47,-1.1,-133.69,-58.9,-152.96,-0.18,-0.31,0.97,64.3,-86.19,104.88,4
-0.47,-2.02,-0.63,315.79,-183.57,52.29,-0.48,0.43,1.13,185.91,271.28,59.91,4
-0.04,-0.41,0.68,227.56,-156.4,249.57,-0.96,0.49,0.17,-10.52,322.74,5.88,4
-0.14,1.84,1.04,182.41,-29.05,197.04,-0.9,0.22,-0.64,18.9,280.06,-86.07,4
-0.6,2.55,0.76,68.02,119.05,-47.74,-0.85,-1.21,-1.26,67.93,-45.06,-75.15,4
-0.57,1.59,0.02,-26.55,155.21,-287.41,-0.96,-0.72,-0.79,169.45,-280.76,-39.12,4
-0.34,-0.51,-0.87,56.07,83.02,-371.25,-0.37,-0.65,0.15,207.71,-292.74,30.15,4
-0.75,-2.15,-1.03,87.62,-88.9,-193.54,-0.3,-0.42,0.85,115.0,-69.94,121.31,4
-0.25,-2.0,0.07,344.91,-199.76,121.25,-0.74,0.65,0.92,217.32,319.09,99.3,4
