-0.32,-0.57,0.7,-7.13,-0.91,0.43,-0.4,0.64,0.64,-1.04,-1.01,1.19,4
-0.32,-0.57,0.72,-6.52,0.03,0.0,-0.4,0.66,0.66,-2.8,-1.65,0.03,4
-0.32,-0.57,0.71,-4.85,1.68,0.67,-0.39,0.66,0.65,-0.82,0.21,-3.45,4
-0.32,-0.56,0.7,-1.19,1.55,0.49,-0.4,0.65,0.64,1.43,0.95,-3.35,4
-0.32,-0.57,0.69,-1.04,0.64,0.37,-0.39,0.65,0.67,2.1,0.95,-3.26,4
-0.33,-0.56,0.68,-1.31,-0.09,-0.21,-0.4,0.63,0.66,2.53,0.15,-2.5,4
-0.37,-0.55,0.69,-4.66,-1.04,-1.4,-0.44,0.63,0.68,0.79,-1.46,-2.53,4
-0.58,-0.61,0.66,-5.79,-4.57,1.8,-0.58,0.59,0.76,-6.71,5.88,-2.74,4
-0.97,-0.83,0.57,-25.82,-7.41,17.93,-0.98,0.36,1.02,-42.99,24.15,-8.87,4
-1.03,-1.36,0.64,76.98,-20.88,77.68,-1.0,0.31,1.07,-32.96,112.74,35.15,4
-0.62,-1.62,0.86,68.32,-30.27,214.24,-0.88,0.67,1.02,-28.78,218.66,52.96,4
-0.11,-0.74,1.42,164.24,3.45,308.54,-1.04,0.93,0.82,32.29,316.71,29.88,4
0.15,-0.21,1.68,167.35,91.43,313.14,-0.84,1.1,0.77,74.57,316.31,-71.59,4
0.39,1.0,1.16,165.3,178.87,157.8,-0.49,0.95,0.16,-12.35,231.1,-131.07,4
0.3,1.21,0.17,-81.07,242.62,-9.85,-0.36,0.29,-0.24,25.27,27.16,-265.55,4
-0.1,0.39,-0.91,-30.95,242.71,-136.71,-0.12,-0.42,-0.07,-51.92,-115.49,-233.57,4
-0.26,-0.06,-1.01,-101.4,138.11,-163.45,-0.25,-0.28,0.24,-120.52,-171.83,-119.42,4
-0.94,-0.74,-1.27,-135.67,-67.62,-136.59,-0.5,-0.59,0.23,-120.73,-118.45,48.02,4
-0.93,-1.25,-0.37,-95.18,-213.05,-44.27,-0.89,0.16,0.82,-78.14,-114.88,192.26,4
-0.36,-2.09,1.19,-84.88,-185.95,79.51,-0.75,0.39,1.14,-30.37,35.06,181.28,4
-0.52,-0.75,1.91,-20.91,-43.02,269.45,-1.24,0.67,0.82,-77.68,190.58,83.9,4
-0.49,0.02,1.71,-71.46,118.57,296.83,-1.4,0.64,0.39,-137.44,227.5,-66.95,4
-0.41,1.2,0.56,-76.16,188.57,175.24,-0.9,0.27,-0.05,-184.33,203.6,-129.42,4
-0.52,0.91,0.02,-155.03,173.6,71.16,-0.89,0.02,-0.41,-100.79,-13.66,-164.48,4
-0.57,0.83,-0.44,-63.63,116.28,-60.49,-0.42,0.0,-0.14,-85.15,-71.01,-72.44,4
-0.53,0.33,-0.33,-144.85,26.65,-101.22,-0.59,-0.13,-0.16,-168.54,-139.21,2.74,4
-0.86,-0.21,-0.61,-135.76,-78.32,-109.73,-0.79,-0.28,-0.05,-106.52,-94.51,78.05,4
-0.81,-0.86,0.23,-106.52,-152.13,-41.19,-0.7,-0.08,0.74,-128.05,-78.05,129.48,4
-0.56,-1.85,0.61,-208.17,-132.56,106.8,-0.66,0.25,1.02,-116.22,-1.8,131.52,4
-0.83,-0.93,1.44,-122.16,-68.96,219.12,-1.37,0.65,0.87,-133.69,147.23,62.1,4
-0.84,-0.38,1.72,-97.26,47.68,268.26,-1.56,0.29,0.3,-182.1,185.61,-4.3,4
-0.71,1.22,0.96,-70.27,141.74,172.9,-1.19,0.51,0.17,-174.18,158.05,-91.31,4
-0.77,0.79,0.31,-127.29,146.71,28.66,-1.11,0.1,-0.61,-75.91,-44.91,-146.8,4
-0.55,0.91,-0.12,81.19,105.46,-145.7,-0.64,0.29,0.04,-37.96,-102.38,-55.21,4
-0.45,0.05,-0.21,-132.01,5.43,-166.55,-0.57,-0.1,-0.01,-152.23,-172.65,13.23,4
-0.87,-0.75,-0.44,-75.88,-78.75,-143.08,-0.75,-0.13,0.54,-76.95,-140.12,20.18,4
-0.73,-1.39,0.22,-120.03,-132.68,6.37,-0.73,-0.01,1.03,-70.95,-47.99,105.18,4
-0.74,-1.9,0.98,-127.23,-132.9,172.56,-0.95,0.11,1.3,-47.84,116.04,101.25,4
-0.2,-0.93,1.67,-146.37,-33.08,320.98,-1.0,0.61,0.79,-115.76,212.68,60.43,4
-0.15,-0.11,1.81,-42.96,151.4,323.32,-1.21,0.57,0.47,-156.71,223.11,-97.26,4
-0.33,1.56,0.34,-150.95,226.46,194.42,-0.84,0.18,-0.19,-285.12,182.53,-168.05,4
-0.42,0.82,0.08,-126.71,213.93,44.91,-0.83,-0.1,-0.52,-82.35,-92.68,-173.72,4
-0.45,1.05,-0.42,-40.43,156.74,-126.62,-0.64,0.17,-0.29,-91.19,-128.54,-105.7,4
-0.45,0.35,-0.63,-155.91,61.77,-150.95,-0.4,-0.14,-0.1,-145.55,-170.27,-45.95,4
-0.82,-0.04,-0.62,-118.75,-56.04,-156.31,-0.79,-0.35,0.05,-84.66,-163.11,41.98,4
-1.09,-1.05,-0.45,-105.18,-160.61,-85.4,-1.0,-0.36,0.26,-116.62,-100.27,117.74,4
-0.97,-1.45,0.12,-222.29,-191.59,73.99,-0.88,-0.02,1.13,-74.21,-7.68,136.77,4
-0.68,-1.32,0.96,-57.07,-173.14,183.2,-1.25,0.01,0.77,-57.23,125.76,170.18,4
-0.33,-0.67,1.75,-70.24,-57.5,302.29,-1.24,0.7,0.39,-116.43,221.04,48.63,4
0.21,0.49,1.86,92.96,155.03,287.62,-1.19,0.53,-0.18,-92.59,254.63,-100.64,4
-0.12,1.9,0.6,-70.58,277.68,118.26,-0.98,0.49,-0.59,-159.76,132.74,-250.52,4
-0.09,1.26,-0.28,-30.27,286.74,-45.58,-0.53,-0.26,-0.61,-78.66,-97.59,-245.21,4
-0.24,0.97,-0.95,-82.16,213.45,-176.89,-0.44,-0.3,-0.54,-76.07,-191.74,-173.23,4
-0.63,0.39,-1.3,-51.37,108.45,-270.0,-0.49,-0.44,0.19,-157.59,-230.43,-115.52,4
-0.92,-0.75,-1.26,-156.31,-68.05,-219.91,-0.86,-0.73,0.52,-126.65,-229.09,28.17,4
-1.17,-1.56,-1.12,-156.01,-211.19,-129.24,-0.87,-0.69,0.68,-39.76,-187.74,116.65,4
-0.62,-1.96,0.47,-115.7,-283.75,20.37,-1.02,0.01,1.0,2.07,-33.96,252.01,4
0.02,-1.53,0.8,-39.27,-191.65,203.29,-0.59,0.32,0.76,-32.44,146.01,196.8,4
-0.14,-0.11,1.65,36.46,-36.04,271.37,-1.23,0.64,0.42,-23.6,216.46,47.23,4
-0.15,0.86,1.25,85.79,138.05,241.77,-1.0,0.42,-0.47,-123.72,223.05,-63.84,4
-0.18,1.52,0.63,-51.98,184.63,138.23,-0.88,0.11,-0.5,-107.29,111.34,-165.34,4
-0.46,1.94,-0.19,-59.6,192.29,-44.12,-0.9,-0.09,-1.03,17.77,-93.6,-176.25,4
-0.42,0.94,-0.54,-71.8,134.73,-169.76,-0.55,-0.16,-0.45,-70.03,-166.37,-91.22,4
-0.62,0.22,-0.72,-52.26,36.92,-202.47,-0.61,-0.54,-0.08,-91.89,-203.05,-6.89,4
-0.88,-0.32,-0.77,-76.83,-68.54,-203.08,-0.82,-0.47,0.3,-29.91,-181.01,0.82,4
-0.91,-1.12,-0.62,-139.76,-144.82,-136.59,-0.6,-0.3,0.72,-107.68,-167.13,79.66,4
-0.66,-1.6,0.12,-112.87,-200.55,9.76,-0.65,0.0,1.05,-2.5,-61.16,167.47,4
-0.55,-1.43,0.9,-17.71,-144.18,134.63,-0.93,0.09,1.0,-21.22,102.35,140.27,4
-0.54,-0.81,1.32,-67.35,-63.81,239.05,-1.16,0.49,0.64,-70.64,173.17,84.97,4
-0.38,-0.02,1.35,-35.73,29.36,262.1,-1.09,0.6,0.2,-114.02,195.88,6.28,4
-0.27,0.86,1.18,-38.54,128.9,207.74,-1.1,0.45,-0.4,-111.43,163.48,-84.45,4
-0.21,1.33,0.66,-36.71,175.73,87.71,-0.81,0.31,-0.59,-110.85,74.3,-135.95,4
-0.44,1.42,-0.05,-79.66,163.54,-36.1,-0.73,0.03,-0.66,-38.23,-76.89,-141.13,4
-0.54,0.8,-0.56,-58.72,115.98,-138.23,-0.6,-0.4,-0.52,-79.51,-135.34,-82.44,4
-0.73,0.13,-0.92,-38.08,32.9,-186.01,-0.52,-0.47,0.24,-132.99,-172.56,-30.43,4
-0.86,-0.61,-0.8,-71.77,-91.77,-166.52,-0.67,-0.42,0.54,-44.15,-174.09,47.5,4
-0.87,-1.26,-0.09,-65.88,-178.99,-68.96,-0.9,-0.28,0.83,-28.75,-101.55,142.68,4
-0.64,-2.05,0.82,-120.15,-157.84,98.11,-0.83,-0.07,1.03,-60.3,31.04,154.57,4
-0.57,-0.73,1.06,-49.82,-75.43,223.38,-1.09,0.37,0.73,-73.41,156.31,111.25,4
-0.56,-0.1,1.49,-68.54,20.3,255.03,-1.3,0.51,0.3,-104.21,182.35,14.36,4
-0.4,0.91,1.12,-29.57,115.85,196.37,-1.08,0.51,-0.23,-151.43,163.72,-56.07,4
-0.47,1.36,0.72,-98.38,139.02,93.99,-1.05,0.41,-0.66,-102.68,67.84,-115.58,4
-0.55,1.48,0.04,-59.97,138.69,-54.76,-0.86,0.11,-0.73,-14.63,-73.11,-125.15,4
-0.51,0.57,-0.49,-52.84,96.01,-153.72,-0.51,-0.32,-0.19,-103.14,-140.24,-59.79,4
-0.67,0.01,-0.82,-74.7,20.0,-172.47,-0.45,-0.31,0.31,-75.0,-175.43,-38.41,4
-0.84,-1.07,-0.71,-62.68,-87.04,-127.71,-0.49,-0.47,0.76,-100.95,-139.3,57.77,4
-0.76,-1.44,-0.07,-113.9,-152.29,9.3,-0.66,-0.19,0.9,-19.97,-59.88,121.92,4
-0.69,-1.48,0.76,-125.76,-160.24,143.6,-0.96,-0.02,1.05,-30.37,67.2,154.27,4
-0.84,-0.86,1.38,-140.43,-89.94,236.98,-1.46,0.39,0.75,-94.57,157.77,85.0,4
-0.56,-0.35,1.7,-106.25,17.41,276.89,-1.39,0.51,0.36,-144.7,182.13,12.74,4
-0.38,0.75,1.23,-108.96,125.4,223.02,-1.13,0.69,0.04,-154.12,140.4,-112.23,4
-0.24,1.27,0.86,-216.74,180.82,110.3,-1.01,0.35,-0.63,-173.29,33.72,-166.22,4
-0.21,1.14,0.02,-28.23,209.18,-49.48,-0.53,-0.01,-0.52,-87.13,-103.08,-149.76,4
-0.39,0.62,-0.45,-81.22,130.09,-147.5,-0.48,-0.12,-0.2,-74.54,-185.76,-70.67,4
-0.95,-0.17,-0.78,-3.93,-10.24,-169.3,-0.7,-0.44,-0.06,-73.66,-150.98,-5.0,4
-0.83,-1.03,-0.39,-18.66,-121.04,-89.57,-0.59,-0.34,0.55,-146.16,-104.45,120.79,4
-0.76,-1.23,0.05,-76.55,-141.22,32.65,-0.72,-0.05,0.83,-22.13,-14.45,123.26,4
-0.82,-1.14,0.73,-38.02,-139.94,166.98,-1.08,0.02,0.82,-31.43,93.84,145.34,4
-0.78,-0.38,1.7,-60.58,-36.71,244.7,-1.54,0.5,0.46,-47.62,168.96,70.58,4
-0.56,0.91,1.41,-6.16,92.1,207.01,-1.37,0.6,-0.06,-99.7,174.88,-43.38,4
-0.66,1.27,0.92,-187.9,152.8,101.8,-1.3,0.38,-0.58,-88.87,41.25,-150.24,4
-0.45,1.0,0.25,49.94,192.44,-51.31,-0.85,0.07,-0.57,-18.02,-40.61,-157.65,4
-0.31,0.83,-0.16,-14.45,146.68,-126.95,-0.47,0.01,-0.35,-14.42,-116.52,-120.88,4
-0.41,0.43,-0.49,-16.37,79.82,-170.88,-0.45,-0.3,-0.28,-62.96,-142.29,-68.57,4
-0.7,-0.23,-1.06,-15.76,-8.48,-182.9,-0.32,-0.52,0.3,-78.17,-171.31,-16.92,4
-0.85,-0.9,-0.9,-89.79,-110.79,-117.35,-0.51,-0.6,0.55,-53.66,-135.3,60.46,4
-0.69,-1.77,-0.16,-58.14,-194.21,35.61,-0.6,-0.22,0.93,43.14,-19.12,189.73,4
-0.79,-1.44,0.63,-91.89,-200.21,204.48,-1.21,-0.06,0.95,-36.46,146.46,169.63,4
-0.69,-0.36,1.48,-105.27,-101.28,283.35,-1.53,0.42,0.44,-86.8,196.68,92.8,4
-0.23,0.22,1.93,39.7,105.61,276.46,-1.39,0.51,-0.13,-98.29,209.88,-68.29,4
-0.38,1.71,0.85,-182.53,219.7,166.37,-1.15,0.35,-0.52,-215.37,136.86,-206.04,4
-0.14,1.26,0.16,-24.48,269.51,-11.01,-0.61,-0.12,-0.4,-98.38,-73.17,-212.77,4
-0.06,1.02,-0.65,-79.85,241.07,-160.03,-0.34,-0.19,-0.33,-90.24,-198.54,-174.21,4
-0.37,0.09,-1.22,-73.84,134.76,-200.46,-0.17,-0.52,-0.21,-92.62,-187.35,-111.01,4
-0.75,-0.24,-1.49,-121.74,-38.57,-191.04,-0.38,-0.7,0.1,-92.13,-185.0,20.67,4
-0.89,-1.0,-1.21,-117.62,-185.91,-120.18,-0.51,-0.59,0.52,-60.88,-165.7,131.71,4
-0.7,-1.71,0.01,-82.26,-248.72,12.8,-0.82,-0.16,1.04,17.16,-43.2,234.12,4
-0.73,-1.47,1.05,-38.87,-202.62,165.52,-1.32,0.14,0.89,-52.56,118.38,194.39,4
-0.76,-0.33,1.64,-55.73,-53.87,257.1,-1.61,0.41,0.45,-69.39,185.46,76.49,4
-0.43,0.61,1.45,-17.44,120.58,230.55,-1.29,0.43,-0.04,-104.05,168.51,-76.8,4
-0.3,1.34,0.6,-149.82,183.96,118.23,-0.88,0.2,-0.44,-179.33,101.07,-159.12,4
-0.32,1.17,-0.02,-60.52,187.9,-18.69,-0.6,-0.08,-0.51,-32.26,-79.48,-158.93,4
-0.35,0.92,-0.3,16.37,122.04,-145.67,-0.52,-0.02,-0.47,-24.54,-132.56,-62.9,4
-0.68,0.25,-0.67,1.83,14.09,-192.16,-0.58,-0.39,-0.32,-30.03,-168.11,-9.45,4
-0.94,-0.51,-0.82,75.61,-119.73,-188.69,-0.67,-0.45,0.33,-31.16,-158.2,91.92,4
-0.44,-0.91,0.07,103.75,-192.9,-83.9,-0.55,-0.03,0.56,23.02,-97.13,167.87,4
-0.68,-1.18,0.57,-47.47,-166.65,85.82,-1.06,-0.12,0.95,-44.85,-0.21,155.09,4
-1.02,-1.18,1.22,-110.55,-90.15,199.27,-1.45,0.19,0.87,-56.86,124.45,103.35,4
-0.89,-0.18,1.55,-113.93,-21.34,260.79,-1.6,0.6,0.44,-82.93,192.68,72.77,4
-0.39,0.26,1.69,-46.13,98.96,273.23,-1.34,0.56,-0.01,-78.23,200.18,-38.81,4
-0.19,0.96,0.89,-136.52,148.38,219.51,-0.84,0.43,-0.15,-133.05,179.36,-143.02,4
-0.31,1.51,0.36,-62.5,194.21,74.51,-0.9,0.09,-0.87,-47.5,32.96,-189.21,4
-0.26,1.07,-0.22,-12.53,185.52,-77.65,-0.46,-0.02,-0.36,-39.36,-99.51,-134.63,4
-0.31,0.57,-0.5,-55.3,128.48,-153.05,-0.44,-0.33,-0.4,-77.1,-157.07,-94.76,4
-0.76,0.2,-0.85,-8.02,18.9,-170.88,-0.54,-0.31,-0.08,-42.71,-141.22,-12.2,4
-0.89,-0.23,-0.72,-14.76,-80.67,-159.12,-0.71,-0.57,0.12,-74.94,-146.86,54.97,4
-0.93,-0.82,-0.27,-57.53,-153.99,-85.55,-0.85,-0.32,0.62,-62.9,-127.87,122.65,4
-0.83,-1.45,0.44,-116.43,-153.66,32.13,-0.95,-0.09,0.96,-60.27,-44.97,139.54,4
-0.89,-1.15,0.88,-189.97,-162.13,164.57,-1.21,0.31,0.91,-81.49,78.17,135.52,4
-0.51,-0.91,1.58,-7.2,-60.98,233.02,-1.23,0.49,0.64,-54.12,189.39,70.52,4
-0.44,0.26,1.73,-60.79,98.02,255.21,-1.33,0.56,0.17,-144.3,191.74,-59.94,4
-0.39,1.18,0.86,-193.51,185.12,182.99,-0.99,0.49,-0.32,-173.45,122.35,-164.15,4
-0.44,1.16,0.25,10.37,213.78,11.31,-0.85,-0.05,-0.55,-106.65,-7.56,-153.32,4
-0.47,1.07,-0.37,-40.37,155.95,-137.04,-0.62,0.02,-0.3,-30.37,-149.39,-120.03,4
-0.59,-0.09,-0.83,-18.69,53.23,-186.98,-0.34,-0.44,-0.22,-130.91,-160.43,-31.59,4
-0.83,-0.1,-0.7,-40.88,-80.3,-161.31,-0.66,-0.18,0.28,-28.57,-149.51,44.73,4
-0.69,-1.12,-0.31,-60.27,-156.43,-62.13,-0.59,-0.41,0.39,-52.68,-107.62,130.49,4
-0.67,-1.29,0.13,-124.27,-172.07,79.91,-0.71,-0.15,0.68,-57.26,24.63,148.05,4
-0.81,-1.07,0.77,-204.33,-171.98,204.85,-1.13,0.26,0.7,-58.57,132.77,116.16,4
-0.88,-1.35,1.42,-203.26,-143.45,282.41,-1.59,0.37,0.48,-127.13,189.3,119.42,4
-0.31,-0.03,1.92,-0.58,28.45,308.81,-1.48,0.59,0.06,-115.43,240.0,-33.29,4
-0.15,1.36,1.28,-94.09,187.23,223.72,-1.09,0.38,-0.23,-184.76,131.59,-189.18,4
-0.27,1.07,0.33,-103.75,257.8,69.27,-0.74,-0.07,-0.46,-129.24,-60.58,-222.01,4
-0.24,1.09,-0.32,2.35,240.58,-129.24,-0.53,-0.0,-0.15,-64.76,-169.3,-152.16,4
-0.44,0.09,-0.7,-89.3,119.97,-195.4,-0.46,-0.53,-0.02,-212.93,-229.85,-29.73,4
-1.06,-0.55,-1.14,-80.06,-68.93,-186.34,-0.68,-0.4,0.19,-61.22,-172.62,48.35,4
-0.59,-0.89,-0.44,-29.73,-208.66,-100.15,-0.71,-0.16,0.45,-48.26,-114.48,186.28,4
-0.59,-1.38,0.34,-67.13,-247.65,34.51,-0.7,0.14,0.72,-24.66,35.18,202.53,4
-0.45,-1.08,1.24,-121.43,-189.82,185.98,-1.2,0.28,0.71,5.24,132.96,158.99,4
-0.49,-0.45,1.62,-176.34,-83.54,248.48,-1.33,0.65,0.31,-179.51,149.91,37.1,4
-0.42,-0.21,1.89,-89.33,83.23,245.58,-1.52,0.59,0.12,-116.59,120.52,-102.41,4
-0.4,1.13,1.18,-83.63,203.26,188.41,-1.23,0.44,-0.25,-201.37,103.54,-209.39,4
-0.32,0.9,0.38,-94.12,242.26,82.62,-0.79,-0.26,-0.53,-85.73,-62.44,-211.59,4
-0.33,0.98,-0.51,-15.4,232.8,-88.14,-0.44,-0.17,-0.05,-57.93,-156.28,-141.46,4
-0.46,0.25,-1.0,-9.3,155.76,-161.71,-0.26,-0.66,0.13,-40.12,-191.07,-86.1,4
-0.73,-0.38,-1.41,-92.59,9.6,-199.18,-0.32,-0.92,0.52,-118.38,-203.11,14.91,4
-0.75,-1.34,-1.26,-48.48,-149.27,-167.5,-0.3,-0.35,0.91,-39.3,-147.07,147.35,4
-0.55,-1.93,-0.3,3.63,-243.14,-36.19,-0.5,-0.06,1.08,23.23,-18.48,220.88,4
-0.66,-1.58,0.68,8.66,-262.32,130.76,-1.17,0.34,0.93,-7.99,147.68,214.51,4
-0.26,-1.11,1.66,32.16,-176.86,253.6,-1.29,0.68,0.41,-8.99,224.7,139.54,4
0.28,-0.13,2.25,84.24,27.53,320.64,-1.12,0.79,-0.12,-58.66,256.89,5.64,4
0.13,1.77,1.24,-47.2,198.11,209.85,-1.02,0.65,-0.54,-117.84,167.26,-206.04,4
-0.25,1.38,0.32,-57.04,251.31,65.12,-0.91,-0.18,-1.02,-38.14,-20.34,-249.54,4
-0.29,1.25,-0.4,35.88,227.41,-98.9,-0.5,-0.06,-0.5,11.71,-112.53,-175.09,4
-0.26,0.48,-0.59,-66.77,147.56,-168.63,-0.37,-0.67,-0.25,-107.07,-181.4,-82.87,4
-0.73,0.11,-1.39,-77.59,66.59,-226.07,-0.42,-0.86,0.25,-85.52,-214.88,-58.02,4
-0.6,-0.4,-1.31,-107.04,-34.76,-226.34,-0.22,-0.46,0.73,13.05,-228.45,8.99,4
-0.82,-1.59,-1.35,-74.97,-173.29,-156.8,-0.35,-0.86,0.92,-57.26,-150.58,164.57,4
-0.61,-1.62,-0.42,-58.96,-239.79,-45.76,-0.62,-0.22,1.13,38.48,-45.15,215.24,4
-0.41,-1.73,0.35,28.41,-250.67,75.43,-0.82,0.09,0.84,13.41,98.48,217.47,4
-0.11,-1.02,1.12,53.32,-192.84,218.72,-0.98,0.65,0.55,-12.87,212.71,174.02,4
0.15,-0.17,1.79,15.95,-84.73,298.2,-1.11,0.79,0.05,-56.13,241.1,79.15,4
0.34,0.93,2.05,99.24,129.85,262.44,-1.08,0.83,-0.56,-84.7,215.3,-93.45,4
0.12,1.74,0.9,-93.45,225.15,161.37,-0.77,0.53,-0.8,-110.95,115.52,-226.28,4
-0.08,1.36,0.1,-35.24,252.71,14.7,-0.63,-0.09,-0.81,-35.43,-43.11,-215.64,4
-0.22,1.18,-0.52,-14.76,211.68,-115.7,-0.42,-0.21,-0.62,5.58,-148.35,-162.47,4
-0.32,0.61,-0.67,-75.27,132.35,-182.16,-0.34,-0.43,-0.16,-49.76,-193.72,-73.84,4
-0.7,0.04,-1.2,-74.66,60.43,-227.07,-0.47,-0.93,0.27,-37.32,-230.52,-37.38,4
-0.9,-0.81,-1.43,-100.0,-32.47,-222.32,-0.42,-0.88,0.78,-36.8,-208.02,11.01,4
-0.97,-1.07,-1.16,-67.74,-148.48,-171.07,-0.61,-0.8,0.96,20.27,-148.63,129.33,4
-0.87,-1.6,-0.47,-19.02,-227.01,-86.62,-0.79,-0.4,1.18,41.89,-67.13,203.14,4
-0.45,-1.67,0.18,49.02,-263.66,11.13,-0.75,0.17,1.03,22.38,52.1,237.07,4
0.07,-1.46,0.78,139.15,-221.37,158.54,-0.65,0.53,0.69,54.94,202.68,199.73,4
0.22,-0.12,1.73,93.11,-95.4,270.58,-1.04,1.02,0.18,-1.16,251.65,68.84,4
0.33,0.41,1.82,94.85,84.57,284.36,-0.95,0.78,-0.54,-39.42,224.33,-55.21,4
0.19,1.33,1.12,37.04,167.65,192.74,-0.81,0.8,-0.64,-87.29,158.69,-151.59,4
0.11,1.49,0.57,-0.52,236.52,58.38,-0.7,0.23,-0.77,-21.43,24.15,-224.57,4
-0.03,1.15,-0.22,-58.11,239.36,-46.07,-0.39,-0.06,-0.57,13.63,-88.11,-219.36,4
-0.19,0.81,-0.65,-20.76,188.69,-135.95,-0.26,-0.46,-0.37,0.82,-149.33,-134.36,4
-0.61,0.41,-1.29,-96.98,104.6,-215.06,-0.36,-0.82,0.41,-129.57,-231.22,-44.85,4
-1.11,-0.43,-1.49,-12.74,-25.61,-257.96,-0.61,-1.14,0.46,103.45,-217.2,10.49,4
-1.02,-1.06,-1.35,-89.48,-177.93,-201.62,-0.69,-0.66,0.86,0.43,-180.46,157.35,4
-0.54,-1.63,-0.36,33.54,-266.4,-122.9,-0.64,-0.36,1.1,127.53,-83.2,238.87,4
-0.18,-1.82,0.37,53.78,-246.65,48.93,-0.55,0.32,1.14,-12.16,68.96,206.1,4
0.01,-1.13,1.44,120.91,-145.7,190.91,-0.98,0.65,0.78,47.5,213.02,139.97,4
-0.2,-0.05,1.63,46.46,-40.15,258.32,-1.16,0.88,0.21,-77.71,207.84,56.46,4
-0.11,0.37,1.42,31.04,60.52,243.69,-1.06,0.69,-0.13,-26.16,188.6,-41.43,4
-0.14,1.1,1.12,-16.22,115.49,163.57,-0.91,0.6,-0.47,-115.49,158.72,-96.52,4
-0.14,1.28,0.74,21.89,155.15,61.22,-0.78,0.49,-0.72,-27.84,42.5,-137.44,4
-0.2,1.18,0.23,-73.14,151.04,-33.32,-0.59,0.33,-0.56,-19.12,-58.72,-134.39,4
-0.34,0.59,-0.26,-70.03,118.9,-101.37,-0.43,-0.19,-0.46,-26.19,-105.76,-91.55,4
-0.62,0.38,-0.51,-17.71,48.29,-141.83,-0.56,-0.34,-0.06,3.54,-130.82,-27.56,4
-1.02,-0.54,-0.8,1.68,-50.46,-162.99,-0.69,-0.75,0.24,-109.24,-140.91,44.18,4
-0.9,-0.94,-0.51,8.6,-143.66,-128.05,-0.65,-0.26,0.82,-13.2,-126.16,113.51,4
-0.73,-1.64,0.09,-72.01,-186.74,8.66,-0.73,-0.16,1.02,-1.4,-19.73,164.73,4
-0.71,-1.47,0.83,-46.95,-167.32,143.9,-1.08,0.31,1.04,-10.34,104.12,163.05,4
-0.5,-0.8,1.49,-60.3,-96.89,231.07,-1.25,0.74,0.58,-76.89,176.34,85.95,4
-0.14,-0.28,1.9,-19.6,10.91,261.4,-1.17,0.83,0.2,-85.37,195.12,-2.44,4
-0.14,0.43,1.36,-6.28,113.84,241.4,-0.99,0.79,-0.14,-108.57,182.04,-108.57,4
-0.21,1.19,0.97,-49.73,149.21,161.19,-1.0,0.55,-0.67,-87.23,122.68,-156.86,4
-0.18,1.29,0.51,4.05,168.17,34.36,-0.65,0.24,-0.63,-12.53,-12.84,-161.98,4
-0.24,1.02,-0.12,-25.4,149.57,-90.49,-0.43,0.03,-0.49,-20.21,-103.35,-107.62,4
-0.33,0.52,-0.4,-26.22,96.43,-141.25,-0.37,-0.34,-0.35,-44.48,-140.7,-55.73,4
-0.57,0.28,-0.65,-49.7,20.79,-171.19,-0.47,-0.39,-0.01,-57.04,-179.91,-5.88,4
-0.58,-0.33,-0.57,-48.93,-72.93,-186.92,-0.51,-0.32,0.43,-59.57,-180.55,67.77,4
-0.81,-1.18,-0.28,-43.08,-184.33,-131.22,-0.77,-0.23,0.83,-46.59,-121.98,156.22,4
-0.64,-1.94,0.15,-110.03,-204.97,23.2,-0.71,-0.08,1.18,-15.79,-22.87,171.34,4
-0.66,-1.66,1.05,-10.03,-167.9,162.23,-1.19,0.28,1.16,-9.02,143.57,150.98,4
-0.65,-1.04,1.57,-82.29,-98.87,275.73,-1.46,0.61,0.8,-86.89,208.14,81.04,4
-0.15,-0.48,1.79,-38.93,-8.38,314.18,-1.22,0.79,0.42,-113.26,236.92,4.24,4
0.14,0.31,1.63,-3.51,117.47,279.76,-0.96,0.93,-0.04,-130.64,203.29,-116.37,4
0.12,1.4,1.11,-31.65,186.16,186.22,-0.84,0.74,-0.66,-130.7,157.77,-181.49,4
0.12,1.41,0.58,-31.34,208.75,65.24,-0.54,0.28,-0.74,-48.66,11.77,-190.12,4
0.09,1.24,-0.11,-53.78,208.6,-77.47,-0.25,0.01,-0.56,-37.96,-112.13,-161.77,4
-0.17,0.67,-0.75,-94.82,161.19,-159.02,-0.23,-0.45,-0.45,-61.01,-190.12,-119.33,4
-0.65,0.19,-1.24,11.28,37.01,-229.48,-0.31,-0.44,0.18,-59.48,-206.37,-2.8,4
-0.9,-0.73,-1.17,-57.01,-139.33,-210.55,-0.54,-0.5,0.52,-33.63,-182.5,109.3,4
-0.59,-1.17,-0.12,-103.57,-273.41,-95.85,-0.82,-0.12,1.13,52.01,-118.23,226.49,4
-0.43,-2.22,0.35,-10.43,-247.1,58.11,-0.72,-0.06,1.2,10.15,46.62,218.48,4
-0.71,-1.22,1.61,-6.83,-147.99,213.02,-1.54,0.66,1.08,-24.76,194.18,122.23,4
-0.45,-0.72,1.58,-65.76,-64.39,301.1,-1.35,0.62,0.46,-105.46,227.26,54.91,4
-0.16,0.08,1.85,8.11,80.76,281.55,-1.27,0.82,0.22,-84.57,201.77,-77.65,4
-0.16,0.98,1.05,-59.02,145.61,198.05,-0.84,0.72,-0.22,-170.18,157.16,-143.41,4
-0.19,1.31,0.73,-14.54,175.52,56.31,-0.89,0.29,-0.84,-11.49,17.62,-180.73,4
-0.16,1.11,0.05,18.14,158.41,-75.3,-0.37,0.27,-0.55,1.37,-83.05,-121.46,4
-0.24,0.69,-0.18,-53.41,94.48,-129.24,-0.39,-0.05,-0.47,-13.14,-133.48,-70.06,4
-0.47,0.28,-0.57,24.12,10.24,-173.75,-0.38,-0.31,-0.17,3.93,-143.9,8.23,4
-0.63,-0.21,-0.77,55.55,-78.17,-196.34,-0.42,-0.51,0.45,-66.74,-162.99,86.86,4
-0.58,-0.79,-0.42,143.02,-171.4,-183.08,-0.52,-0.31,0.58,52.47,-172.84,130.91,4
-0.36,-1.36,0.65,-178.26,-238.57,-17.99,-0.74,0.22,1.23,-66.8,-128.63,177.07,4
-0.21,-2.58,1.02,-60.09,-154.7,132.01,-0.45,0.2,1.4,-9.48,78.41,157.59,4
-0.55,-1.13,1.96,-77.38,-64.3,278.23,-1.43,0.82,1.19,-61.1,213.57,99.54,4
-0.24,-0.55,1.74,-97.38,11.22,346.07,-1.25,0.86,0.61,-118.51,269.66,19.51,4
0.02,0.13,1.68,-11.07,127.16,329.12,-1.14,0.84,0.14,-117.59,245.79,-91.19,4
0.04,1.31,0.9,2.9,186.62,240.95,-0.85,0.75,-0.49,-128.05,216.86,-161.46,4
0.08,1.63,0.48,-33.63,206.68,105.49,-0.62,0.26,-0.77,-41.43,73.87,-208.08,4
-0.05,1.55,-0.2,-77.07,205.79,-62.44,-0.46,-0.05,-0.76,-39.09,-109.12,-175.82,4
-0.24,0.65,-0.73,-41.77,171.13,-181.31,-0.34,-0.45,-0.21,-88.35,-180.58,-108.6,4
-0.75,-0.02,-1.02,-102.2,49.09,-193.29,-0.52,-0.65,0.04,-98.78,-164.6,-50.03,4
-0.79,-0.36,-1.22,-122.59,-74.3,-158.57,-0.42,-0.54,0.4,-47.07,-172.5,49.15,4
-0.86,-1.28,-0.66,-111.8,-192.32,-82.04,-0.7,-0.54,0.71,-55.67,-104.12,163.35,4
-0.7,-1.46,0.22,-105.95,-222.68,25.15,-0.86,0.01,0.85,-16.4,13.75,194.7,4
-0.57,-1.41,0.94,1.89,-168.02,147.16,-1.11,0.21,0.78,-18.51,139.54,156.25,4
-0.57,-0.72,1.59,-25.34,-78.69,259.24,-1.44,0.6,0.4,-96.49,203.9,66.52,4
-0.17,-0.17,1.71,39.57,69.02,275.18,-1.14,0.6,-0.04,-98.72,209.94,-52.01,4
-0.08,1.39,1.14,11.19,187.5,184.66,-0.99,0.65,-0.41,-123.08,155.88,-168.14,4
-0.14,1.4,0.36,-43.81,217.38,57.93,-0.7,0.14,-0.93,-19.21,1.1,-221.43,4
0.03,1.27,-0.11,17.04,206.55,-74.54,-0.34,-0.05,-0.65,4.05,-90.67,-158.66,4
-0.09,0.79,-0.66,-88.75,161.86,-146.95,-0.21,-0.38,-0.42,-44.27,-168.48,-121.68,4
-0.73,0.38,-1.21,-38.26,72.29,-206.83,-0.46,-0.82,-0.12,-30.12,-207.99,-52.59,4
-1.05,-0.37,-1.19,-76.62,-71.07,-208.81,-0.73,-0.83,0.24,-58.32,-192.04,35.21,4
-0.96,-1.23,-0.81,-78.17,-203.72,-113.45,-0.68,-0.31,0.75,-34.21,-116.16,182.62,4
-0.79,-1.77,0.33,-43.93,-238.66,16.28,-1.01,-0.1,1.07,31.49,16.13,211.65,4
-0.75,-1.26,0.96,3.9,-189.82,146.49,-1.33,0.34,0.66,-36.86,146.1,163.87,4
-0.52,-0.63,1.31,10.49,-115.61,247.29,-1.32,0.46,0.28,-26.68,218.84,94.39,4
-0.06,0.14,1.66,27.04,22.62,265.18,-1.11,0.58,-0.11,-58.75,212.23,-33.48,4
0.08,0.97,1.05,1.65,149.51,194.82,-0.75,0.56,-0.37,-109.94,151.92,-152.29,4
0.04,1.44,0.71,-6.22,200.46,82.62,-0.75,0.31,-1.03,-31.43,31.1,-196.37,4
0.03,1.43,0.16,4.24,193.75,-44.24,-0.42,0.18,-0.91,5.95,-74.85,-175.73,4
-0.02,1.09,-0.32,-9.6,157.62,-142.13,-0.27,-0.23,-0.66,22.8,-154.27,-110.91,4
-0.27,0.51,-0.83,-19.76,108.05,-212.1,-0.23,-0.63,-0.08,-45.09,-208.81,-57.04,4
-0.52,-0.05,-1.31,-80.82,30.34,-224.27,-0.25,-0.96,0.15,-52.29,-227.96,-20.95,4
-1.13,-0.88,-1.54,-27.5,-108.32,-208.93,-0.5,-0.88,0.54,-13.26,-189.15,90.4,4
-0.97,-1.4,-0.42,-53.08,-262.53,-98.48,-1.09,-0.23,1.05,-29.18,-112.71,246.62,4
-0.57,-2.17,0.61,5.52,-261.01,34.18,-0.99,0.12,1.24,43.17,38.75,247.65,4
-0.72,-1.24,1.35,34.82,-163.08,199.63,-1.43,0.61,0.85,-31.55,201.74,132.32,4
-0.43,-0.56,1.38,10.49,-89.36,282.01,-1.32,0.64,0.34,-46.28,253.32,64.66,4
-0.02,0.02,1.35,3.17,-16.4,286.65,-0.96,0.62,0.06,-45.15,251.49,-23.78,4
0.4,0.9,1.3,50.37,116.25,219.42,-0.55,0.67,-0.62,-96.74,176.77,-117.8,4
0.12,1.6,0.77,-39.79,178.26,112.41,-0.63,0.44,-0.84,-38.02,59.27,-182.35,4
0.08,1.34,0.11,-21.4,192.16,-14.79,-0.32,-0.02,-0.78,-37.26,-60.49,-167.47,4
-0.02,0.86,-0.32,-65.98,170.24,-102.71,-0.22,-0.25,-0.47,-25.82,-151.31,-122.16,4
-0.38,0.51,-0.76,-54.15,115.98,-147.93,-0.3,-0.44,-0.24,-36.62,-170.34,-69.76,4
-0.61,0.16,-0.82,-83.72,34.94,-175.79,-0.46,-0.56,0.3,-118.93,-181.19,25.88,4
-1.25,-0.71,-1.06,-99.73,-86.01,-171.13,-0.83,-0.77,0.4,-80.06,-171.52,83.23,4
-1.09,-1.23,-0.44,-163.78,-196.49,-108.17,-1.11,-0.18,0.87,-69.57,-130.58,179.85,4
-0.76,-2.2,0.17,-116.13,-232.01,17.65,-0.89,0.13,1.24,-38.54,9.12,215.34,4
-0.79,-1.57,1.5,-20.52,-175.7,188.2,-1.66,0.58,0.98,-59.57,177.41,138.72,4
-0.49,-1.03,1.45,-23.2,-94.51,295.79,-1.32,0.78,0.52,-119.76,240.91,54.36,4
0.14,-0.09,1.88,48.72,43.48,292.41,-1.07,0.89,0.13,-92.1,227.59,-58.72,4
0.19,0.98,1.27,34.57,158.54,208.35,-0.76,0.82,-0.46,-127.1,173.29,-156.65,4
-0.05,1.39,0.68,21.68,215.3,60.91,-0.76,0.37,-0.7,-41.59,42.53,-197.53,4
-0.12,1.2,-0.02,15.3,206.95,-84.63,-0.47,0.12,-0.58,-22.96,-89.09,-173.84,4
-0.1,0.63,-0.43,-103.72,155.79,-147.74,-0.3,-0.13,-0.2,-92.13,-169.36,-122.5,4
-0.55,0.07,-0.94,-68.45,67.07,-173.72,-0.36,-0.51,-0.12,-75.27,-169.05,-51.68,4
-0.88,-0.33,-0.99,-131.46,-61.77,-142.32,-0.57,-0.46,0.31,-50.67,-144.88,27.74,4
-0.9,-1.17,-0.75,-117.04,-155.18,-67.26,-0.62,-0.41,0.69,-77.77,-116.59,147.77,4
-0.99,-1.51,0.24,-115.21,-206.04,54.7,-1.11,-0.03,1.05,-35.98,25.88,179.7,4
-0.96,-1.34,0.95,-51.31,-180.18,180.91,-1.38,0.3,0.77,-85.79,146.77,153.75,4
-0.5,-0.57,1.66,-81.71,-77.16,292.59,-1.4,0.46,0.42,-120.12,209.18,65.79,4
-0.28,0.33,1.5,2.99,83.99,267.77,-1.17,0.58,0.02,-135.95,202.96,-75.09,4
-0.27,1.11,1.0,-99.54,194.42,174.91,-1.08,0.4,-0.38,-179.97,104.85,-175.76,4
-0.31,1.03,0.4,-76.74,225.85,48.63,-0.73,0.14,-0.22,-122.04,-5.06,-198.32,4
-0.41,0.94,-0.22,-10.7,185.49,-96.77,-0.63,-0.03,-0.48,-29.82,-120.67,-138.32,4
-0.53,0.38,-0.65,-12.35,69.57,-182.41,-0.43,-0.08,-0.13,-62.13,-162.29,-26.31,4
-0.86,0.01,-0.52,59.76,-94.3,-170.79,-0.76,-0.17,-0.08,20.98,-117.53,68.84,4
-0.78,-0.35,-0.02,-32.32,-158.48,-96.89,-0.94,-0.15,0.26,-89.24,-114.94,143.57,4
-0.81,-1.22,0.19,-64.09,-168.87,-45.58,-0.84,-0.12,0.78,1.49,-92.04,149.02,4
-0.34,-1.12,0.76,-26.71,-129.45,107.2,-0.7,0.14,0.74,-58.51,50.98,139.51,4
-0.86,-0.85,1.19,-105.98,-74.57,230.55,-1.39,0.39,0.77,-53.96,163.96,79.66,4
-0.65,-0.38,1.4,-183.57,-46.68,289.79,-1.3,0.67,0.37,-131.16,187.47,61.49,4
-0.18,0.07,1.78,-17.32,51.25,271.68,-1.17,0.82,-0.05,-105.88,209.21,-37.29,4
-0.09,1.36,1.28,-14.51,173.78,184.76,-1.1,0.74,-0.51,-108.05,167.38,-154.66,4
-0.22,0.99,0.57,-74.97,208.05,88.87,-0.77,0.32,-0.54,-79.6,40.7,-199.45,4
-0.12,1.05,0.16,25.73,227.87,-32.04,-0.56,0.11,-0.49,-38.54,-41.31,-191.59,4
-0.19,0.88,-0.38,-80.21,194.36,-103.57,-0.34,-0.1,-0.27,-65.91,-118.17,-169.18,4
-0.32,0.67,-0.71,-72.04,144.6,-169.57,-0.42,-0.52,-0.42,-56.74,-186.65,-117.71,4
-0.58,0.11,-1.08,-64.02,46.49,-219.97,-0.43,-0.58,0.18,-107.1,-207.65,-32.04,4
-0.86,-0.66,-1.12,-74.45,-97.53,-185.95,-0.49,-0.47,0.46,-17.8,-173.6,57.04,4
-0.79,-1.36,-0.7,-117.29,-225.46,-46.04,-0.58,-0.46,0.71,-1.8,-86.71,193.48,4
-0.64,-1.54,0.39,-54.6,-250.95,71.22,-0.94,-0.06,0.95,17.84,52.01,225.55,4
-0.57,-1.06,1.2,-54.85,-181.31,199.45,-1.25,0.45,0.63,-68.41,156.92,168.41,4
-0.56,-0.3,1.8,-34.09,-83.87,265.43,-1.54,0.71,0.22,-91.07,208.93,64.09,4
-0.38,0.28,1.83,1.89,81.13,251.92,-1.43,0.56,-0.21,-98.96,185.34,-56.28,4
-0.14,1.18,1.02,-26.65,160.4,164.02,-0.82,0.6,-0.3,-124.7,136.77,-142.8,4
-0.22,1.16,0.51,-79.85,197.87,57.47,-0.74,0.1,-0.69,-53.57,-16.43,-197.99,4
-0.18,1.07,-0.11,-5.15,212.59,-75.95,-0.52,-0.01,-0.47,-32.53,-96.83,-171.22,4
-0.36,0.54,-0.48,-88.66,157.1,-148.93,-0.46,-0.26,-0.12,-64.94,-176.83,-116.49,4
-0.67,0.14,-0.9,-27.53,61.68,-192.62,-0.52,-0.52,-0.14,-11.52,-182.04,-41.04,4
-0.77,-0.24,-0.87,-41.16,-61.83,-178.51,-0.55,-0.54,0.15,-4.24,-157.8,43.84,4
-0.9,-0.86,-0.73,18.93,-167.35,-133.45,-0.69,-0.52,0.55,-23.2,-122.23,157.77,4
-0.63,-1.25,0.07,-67.23,-213.02,-19.33,-0.68,-0.05,0.85,31.04,-35.55,189.76,4
-0.48,-1.46,0.5,-42.56,-203.02,115.79,-0.79,0.12,0.88,-35.79,81.77,191.07,4
-0.68,-0.86,1.44,-43.54,-149.76,199.24,-1.39,0.77,0.69,-46.92,159.94,128.26,4
-0.49,-0.23,1.87,-10.73,-49.88,242.23,-1.47,0.72,0.09,-75.95,190.85,50.58,4
-0.27,0.64,1.48,53.75,84.54,214.57,-1.2,0.72,-0.18,-37.29,171.4,-84.79,4
-0.25,1.06,0.89,-77.41,156.16,131.8,-0.95,0.39,-0.47,-80.46,83.26,-157.32,4
-0.26,1.03,0.3,-45.46,207.29,1.55,-0.71,0.03,-0.35,-44.3,-29.33,-189.51,4
-0.32,0.69,-0.25,-40.61,177.74,-94.57,-0.45,-0.07,-0.26,-13.81,-120.58,-134.66,4
-0.58,0.24,-0.65,-7.26,89.15,-146.62,-0.42,-0.27,-0.12,-23.38,-130.21,-65.0,4
-0.81,-0.01,-0.7,-3.51,-31.13,-159.51,-0.59,-0.36,0.2,15.85,-129.54,32.35,4
-0.95,-0.57,-0.45,6.34,-138.81,-120.43,-0.83,-0.34,0.28,27.2,-93.48,110.76,4
-0.9,-0.86,0.17,-29.27,-182.01,-30.46,-1.0,-0.02,0.58,33.14,-30.49,164.7,4
-0.81,-0.92,0.48,-36.49,-181.01,73.72,-1.04,0.13,0.66,-3.08,64.45,143.96,4
-0.66,-0.78,1.24,-47.38,-129.54,171.65,-1.28,0.37,0.56,-27.2,139.7,92.77,4
-0.73,-0.47,1.31,-100.61,-52.59,239.39,-1.39,0.45,0.24,-99.85,170.61,26.86,4
-0.42,0.11,1.45,52.84,54.73,218.63,-1.27,0.59,-0.04,-62.5,169.97,-58.38,4
-0.33,0.92,0.94,-5.4,121.83,154.09,-0.96,0.53,-0.32,-82.68,121.98,-120.88,4
-0.3,0.76,0.57,-30.09,147.29,69.54,-0.71,0.19,-0.45,-46.25,22.2,-141.13,4
-0.33,0.87,0.13,19.6,156.52,-35.12,-0.57,0.08,-0.27,-25.55,-53.45,-115.58,4
-0.52,0.34,-0.45,-1.31,117.26,-105.34,-0.48,-0.23,-0.19,-36.28,-100.67,-92.23,4
-0.95,-0.18,-0.84,123.69,-9.27,-149.02,-0.58,-0.36,0.06,2.32,-105.15,10.98,4
-0.82,-0.16,-0.19,131.07,-120.61,-102.07,-0.79,0.01,0.25,-8.72,-55.15,122.07,4
-0.89,-0.37,0.44,-156.49,-144.91,46.43,-1.0,-0.0,0.36,-30.34,-28.26,107.1,4
-1.01,-0.42,0.7,-131.74,-122.87,113.96,-1.31,0.15,0.17,-33.26,51.55,87.35,4
-0.93,-0.35,1.24,-147.2,-56.86,179.54,-1.4,0.35,0.08,-45.79,105.18,48.75,4
-0.64,0.19,1.22,-45.58,5.98,198.05,-1.26,0.51,-0.06,-67.41,154.33,-16.37,4
-0.4,0.67,1.31,-41.25,97.07,172.84,-1.21,0.52,-0.46,-53.45,108.69,-108.17,4
-0.25,1.09,0.72,-40.34,163.02,92.01,-0.82,0.32,-0.5,-85.18,72.59,-156.52,4
