0.21,-1.12,0.53,-19.91,22.04,32.59,0.26,0.79,0.76,-24.7,10.12,-16.59,0
0.06,-0.96,0.48,-5.4,38.26,54.24,0.12,0.7,0.77,-19.27,30.79,-42.68,0
-0.05,-0.98,0.39,1.95,37.84,64.48,0.02,0.63,0.66,-9.79,42.16,-41.19,0
-0.15,-0.73,0.35,24.63,32.47,71.16,-0.08,0.63,0.69,-8.75,56.89,-49.21,0
-0.17,-0.76,0.36,16.77,22.2,71.71,-0.05,0.61,0.66,-6.43,58.48,-41.46,0
-0.19,-0.65,0.34,15.95,14.54,56.34,-0.06,0.62,0.69,4.48,50.88,-39.7,0
-0.13,-0.72,0.32,5.43,3.35,32.1,-0.01,0.62,0.69,-5.4,31.89,-20.58,0
-0.05,-0.65,0.32,16.98,-7.9,6.95,0.07,0.66,0.69,14.21,15.55,-7.07,0
-0.05,-0.65,0.24,3.63,-27.44,-26.89,0.07,0.58,0.64,9.42,-12.2,22.96,0
0.1,-0.39,0.24,70.03,-50.43,-77.13,0.15,0.58,0.49,45.03,-46.31,50.06,0
0.54,-0.52,0.36,-18.6,-75.61,-111.8,0.47,0.68,0.49,21.28,-83.96,81.92,0
1.06,-1.27,0.58,-8.57,-67.13,-106.55,0.99,0.86,0.49,28.41,-81.98,78.11,0
1.02,-1.39,0.82,-67.77,-33.78,-25.34,0.94,1.11,0.74,8.54,-30.85,31.71,0
0.32,-1.56,0.67,-66.31,-13.48,25.52,0.44,1.06,0.97,-18.23,12.87,25.7,0
-0.3,-1.48,0.79,-39.15,-1.8,98.35,-0.28,0.82,0.85,-38.57,77.13,-0.34,0
-0.68,-0.67,0.51,-0.61,27.32,164.76,-0.76,0.43,0.63,-46.77,133.6,-58.35,0
-0.37,-0.22,0.26,71.68,44.85,144.6,-0.45,0.29,0.48,2.32,139.63,-99.12,0
0.03,0.33,-0.05,-20.76,39.09,18.96,0.12,0.48,0.54,16.71,-3.9,-74.6,0
0.62,-0.22,-0.28,124.54,-22.56,-125.79,0.68,0.31,0.01,29.15,-90.0,56.74,0
1.21,-0.69,-0.15,-71.95,-121.25,-173.96,1.12,1.01,0.87,6.16,-132.9,161.43,0
1.11,-2.06,0.85,-40.82,-99.05,-91.19,1.06,1.05,1.29,86.71,-70.21,96.22,0
0.12,-2.12,1.04,-86.95,-38.54,27.41,0.07,0.87,1.07,-97.93,20.43,70.67,0
0.12,-1.22,1.34,47.1,94.91,124.33,-0.23,0.81,0.82,-26.46,73.57,-94.97,0
0.6,-0.45,0.62,54.33,222.68,104.51,0.23,0.5,0.67,-48.75,46.28,-233.26,0
0.76,-0.1,0.05,7.29,306.25,-27.74,0.36,0.43,0.82,-49.21,-101.25,-305.52,0
0.65,-0.34,-0.34,-16.83,303.14,-155.49,0.37,0.36,0.55,-29.48,-242.59,-257.38,0
0.44,-0.42,-0.35,29.09,227.9,-245.37,0.19,0.51,0.55,20.95,-272.23,-154.15,0
0.29,-1.48,-0.3,8.17,147.53,-247.32,0.3,0.18,0.89,-23.72,-257.13,-57.38,0
0.43,-1.9,-0.04,-98.75,127.56,-123.11,0.76,0.63,1.14,-56.16,-162.16,-85.64,0
0.08,-1.82,0.15,-55.34,130.82,-8.93,0.3,0.48,1.11,-65.18,-53.84,-97.32,0
-0.13,-1.31,0.48,-21.46,159.97,84.57,-0.13,0.5,1.01,-102.32,21.37,-147.26,0
-0.2,-0.45,0.34,47.99,214.79,70.73,-0.41,0.38,0.73,-41.31,5.4,-223.45,0
-0.16,-0.04,0.02,38.29,229.63,-27.07,-0.26,0.4,0.59,-28.99,-80.79,-223.57,0
-0.13,0.04,-0.25,14.73,181.98,-138.96,-0.18,0.34,0.5,-8.05,-177.04,-160.98,0
0.21,-0.4,-0.43,20.52,71.07,-260.18,0.39,0.63,0.67,52.1,-243.11,-4.48,0
0.96,-1.58,-0.06,-84.09,-20.73,-237.99,1.02,0.67,0.85,37.23,-203.05,69.42,0
0.78,-2.56,0.49,-52.47,-24.48,-57.23,1.14,0.9,1.27,16.59,-44.33,30.24,0
0.1,-1.82,0.68,-37.59,12.41,84.18,0.08,0.57,0.98,-23.81,59.7,-30.49,0
-0.1,-1.16,1.0,15.3,103.2,143.41,-0.31,0.83,1.02,-52.77,80.88,-115.91,0
-0.04,-0.43,0.57,50.3,179.97,138.63,-0.37,0.47,0.47,-74.85,84.42,-205.21,0
-0.08,0.35,0.0,40.3,181.71,39.48,-0.14,0.47,0.45,14.79,-7.77,-214.33,0
0.18,0.17,-0.34,-33.14,77.44,-108.93,0.34,0.54,0.12,18.96,-134.57,-43.41,0
0.42,-0.18,-0.46,45.18,-66.34,-229.18,0.46,0.59,0.2,73.9,-159.42,103.26,0
1.17,-2.04,0.33,-18.38,-147.65,-176.92,1.14,1.04,0.85,61.95,-108.41,169.7,0
0.73,-2.5,0.68,-4.6,-155.82,27.13,0.9,1.38,1.17,43.23,70.24,126.25,0
0.14,-1.5,1.17,23.51,-119.12,138.99,-0.22,0.86,0.76,17.26,156.13,68.02,0
-0.19,-0.55,0.95,89.21,-9.63,170.79,-0.49,0.68,0.55,14.3,155.12,-41.74,0
-0.31,0.31,0.24,59.57,44.24,89.12,-0.42,0.32,0.44,27.93,86.16,-97.01,0
-0.25,0.07,-0.38,44.79,6.04,-66.13,-0.01,0.31,0.4,72.01,-64.12,-29.66,0
0.06,-0.32,-0.72,85.24,-178.69,-170.46,0.31,0.65,0.56,176.77,-70.55,144.09,0
1.18,-2.37,0.04,191.98,-317.01,-67.93,1.27,0.42,1.07,226.37,22.99,264.27,0
1.24,-2.13,0.45,62.74,-305.61,151.83,0.99,1.18,1.31,154.15,214.7,227.68,0
0.6,-1.17,0.51,155.37,-257.1,210.85,-0.01,0.71,0.81,166.19,261.71,179.97,0
0.46,-0.95,0.5,119.54,-207.56,217.1,-0.06,0.7,0.81,118.72,258.14,137.77,0
0.36,-1.35,0.43,98.35,-148.81,237.38,0.06,0.53,1.09,86.71,247.32,88.38,0
-0.01,-0.98,0.06,14.79,-99.54,272.23,-0.04,0.27,1.1,16.19,248.11,22.13,0
-0.11,-0.3,-0.22,-22.01,-99.88,205.18,-0.06,0.02,0.89,-3.23,207.41,42.62,0
-0.2,0.08,-0.55,-85.61,-110.85,45.4,-0.07,0.07,0.69,-13.35,62.26,78.96,0
0.24,-0.02,-0.43,84.36,-170.98,-137.77,0.27,0.08,0.59,124.27,-78.87,153.08,0
1.41,-0.83,-0.07,-26.83,-233.51,-183.84,1.13,0.71,0.53,138.32,-97.87,232.1,0
1.59,-1.79,0.56,129.39,-204.36,-93.96,1.3,0.68,0.68,143.32,-27.65,193.29,0
0.9,-1.78,0.54,-72.13,-144.09,40.27,0.94,1.02,1.04,21.68,60.91,127.68,0
0.36,-1.57,0.68,14.76,-87.99,106.98,0.31,0.88,0.93,50.34,113.63,71.65,0
-0.19,-1.24,0.65,12.96,-34.88,180.03,-0.24,0.6,0.83,-19.02,161.77,-5.55,0
-0.09,-0.45,0.4,78.2,10.98,214.09,-0.28,0.42,0.44,-2.8,200.06,-74.02,0
-0.05,0.0,0.12,68.32,21.55,131.43,-0.07,0.38,0.59,44.6,137.1,-107.38,0
0.21,0.3,-0.13,48.78,12.74,-43.69,0.26,0.33,0.57,46.22,-35.12,-27.2,0
1.1,-0.07,-0.52,25.76,-35.73,-204.6,1.13,0.17,0.08,42.96,-163.38,67.01,0
1.86,-0.4,-0.07,35.64,-134.12,-266.16,1.62,1.12,0.25,83.84,-172.93,146.43,0
2.01,-2.63,0.98,-36.25,-88.81,-98.2,1.97,1.04,0.77,20.27,-68.96,115.18,0
0.75,-2.03,0.97,-108.93,-24.05,51.25,0.8,1.13,1.08,-58.51,25.76,54.33,0
0.07,-1.28,0.89,-49.21,57.26,132.8,0.0,0.9,0.81,-42.26,79.7,-57.84,0
-0.44,-0.88,0.63,-1.31,77.53,195.55,-0.58,0.44,0.53,-83.11,145.0,-96.8,0
-0.15,-0.2,0.34,57.47,94.7,206.43,-0.41,0.44,0.34,0.03,166.25,-164.15,0
-0.27,0.08,0.21,69.76,79.09,120.88,-0.28,0.58,0.52,14.27,107.01,-155.64,0
-0.1,0.3,-0.08,-22.77,23.41,-43.54,0.01,0.68,0.54,23.63,-53.11,-33.35,0
0.78,-0.11,-0.11,57.35,-49.27,-204.33,0.64,0.31,0.12,45.58,-142.29,90.37,0
1.41,-0.12,-0.2,27.56,-124.12,-271.07,1.1,0.79,0.23,61.13,-185.67,142.44,0
2.3,-1.67,0.6,7.71,-90.64,-212.2,1.93,0.77,0.25,12.01,-175.46,116.49,0
1.84,-1.95,0.67,-173.23,-16.31,-33.6,1.74,1.05,1.03,-49.54,-66.22,45.49,0
0.95,-1.75,0.58,-77.32,49.79,62.93,0.95,0.84,0.97,-32.74,17.32,-9.54,0
0.17,-1.49,0.81,-83.96,108.17,139.27,0.05,0.62,1.07,-86.13,56.22,-81.52,0
-0.24,-0.79,0.58,59.42,208.35,158.41,-0.69,0.34,0.71,-102.84,76.89,-196.49,0
0.14,-0.1,0.22,64.48,269.85,156.1,-0.34,0.26,0.41,-62.32,107.93,-300.95,0
0.4,0.13,0.01,80.03,301.86,37.56,-0.05,0.32,0.46,30.06,-36.46,-340.3,0
0.46,0.07,-0.34,86.92,298.41,-144.79,0.2,0.33,0.69,-19.57,-192.2,-272.65,0
0.46,0.04,-0.5,-26.13,216.89,-325.21,0.03,0.45,0.69,-26.04,-363.99,-126.83,0
0.9,-1.72,-0.21,-66.86,115.21,-354.6,0.82,0.67,1.14,39.09,-343.48,-15.12,0
1.06,-3.03,0.3,-117.65,91.22,-160.24,1.4,0.73,1.46,-76.59,-182.68,-1.98,0
-0.1,-2.07,0.16,-58.05,106.07,20.49,0.25,0.55,1.41,-89.57,-15.61,-66.77,0
-0.2,-1.2,0.62,-73.41,137.41,114.21,-0.27,0.5,0.99,-97.68,45.34,-120.98,0
-0.35,-0.26,0.61,49.54,206.89,69.3,-0.65,0.4,0.64,-67.8,14.09,-198.96,0
-0.1,0.28,0.18,43.72,238.14,-59.21,-0.35,0.44,0.46,1.86,-95.03,-250.18,0
0.16,0.16,-0.1,-34.09,197.38,-198.05,-0.13,0.53,0.38,6.92,-242.56,-175.4,0
0.67,-0.08,-0.54,-47.29,130.21,-314.05,0.49,0.5,0.46,16.01,-323.87,-32.01,0
1.57,-0.84,-0.34,-211.13,39.82,-308.66,1.29,0.82,0.43,-38.02,-279.76,36.62,0
1.86,-2.45,-0.14,65.49,-10.37,-134.02,1.98,0.46,0.38,38.14,-101.13,64.57,0
0.91,-1.97,0.07,-39.12,-43.69,52.04,1.17,0.56,0.79,-20.61,82.2,-1.65,0
0.5,-1.48,0.48,3.2,-11.37,146.71,0.12,0.97,1.05,7.87,99.48,-17.87,0
0.18,-1.48,0.64,5.12,29.09,218.08,0.0,0.69,0.81,-33.87,167.29,-59.12,0
-0.21,-0.34,0.52,86.19,87.16,230.03,-0.61,0.51,0.43,-72.71,177.99,-135.09,0
-0.3,0.22,0.11,102.68,94.15,157.2,-0.52,0.4,0.38,24.76,145.49,-170.12,0
-0.36,0.45,-0.06,6.16,58.78,10.03,-0.32,0.36,0.49,24.54,-8.9,-97.32,0
0.29,0.11,-0.39,33.78,-4.39,-176.92,0.43,0.2,0.46,16.16,-152.53,40.27,0
1.04,-0.07,-0.64,4.3,-103.17,-292.74,0.99,0.48,0.36,71.37,-212.71,127.65,0
2.32,-1.94,-0.03,-1.86,-140.37,-234.33,2.07,0.45,0.47,32.74,-147.74,178.38,0
1.98,-1.84,0.54,-45.27,-129.76,-62.84,1.75,1.28,0.85,76.49,-23.99,120.98,0
1.09,-1.84,0.78,-18.96,-43.14,76.71,0.95,0.95,0.93,40.82,59.91,43.02,0
0.49,-1.68,0.75,-58.51,17.77,172.84,0.45,0.96,0.94,-52.68,108.84,-38.81,0
-0.07,-0.82,0.64,4.57,60.91,223.38,-0.41,0.58,0.61,-53.23,160.0,-103.99,0
-0.31,-0.38,0.33,88.23,86.46,211.37,-0.59,0.32,0.4,-22.74,177.99,-167.96,0
-0.35,0.61,0.08,82.35,99.88,107.71,-0.52,0.29,0.35,35.49,86.16,-168.32,0
0.01,0.4,-0.17,53.05,65.43,-80.73,0.11,0.37,0.47,85.0,-88.11,-76.31,0
0.91,0.19,-0.57,64.91,-13.29,-256.65,0.97,0.23,0.11,32.26,-202.59,83.93,0
1.51,-0.97,-0.48,-36.98,-128.57,-273.81,1.35,0.79,0.59,60.0,-175.34,167.07,0
1.87,-2.29,0.31,-18.66,-160.21,-151.04,1.66,0.86,0.75,103.2,-65.52,162.23,0
1.24,-1.89,0.61,-22.8,-129.45,49.88,1.03,1.21,0.83,62.35,71.52,116.19,0
0.69,-1.67,0.76,24.39,-98.32,162.68,0.44,1.33,0.79,40.64,163.78,59.54,0
0.07,-1.24,0.51,10.88,-129.42,226.22,-0.22,0.96,0.54,-5.46,219.73,33.99,0
-0.34,-0.4,0.49,158.66,-147.56,218.2,-0.77,0.69,0.31,52.38,273.11,49.24,0
-0.57,0.11,-0.03,120.95,-142.99,169.18,-0.71,0.33,0.65,94.88,232.16,31.46,0
-0.55,0.04,-0.32,122.56,-164.15,51.83,-0.58,-0.04,0.8,80.37,127.99,105.58,0
0.01,-0.27,-1.03,153.93,-234.76,-87.56,0.28,-0.17,0.88,154.39,-14.02,197.5,0
1.45,-1.49,-0.75,254.73,-362.93,-117.59,1.36,0.08,1.31,257.5,-16.49,309.79,0
1.85,-2.09,0.34,98.96,-307.59,16.34,1.33,0.73,1.27,146.13,78.66,254.54,0
1.09,-1.42,0.8,121.22,-214.82,174.57,0.56,0.92,0.85,120.34,219.02,152.74,0
0.86,-1.1,0.71,128.45,-142.35,229.97,0.4,0.85,0.68,91.98,249.45,105.3,0
0.63,-1.05,0.49,19.73,-114.3,276.49,0.33,0.86,0.88,58.02,271.25,62.41,0
0.54,-1.04,0.28,91.25,-86.74,297.44,0.2,0.33,0.86,47.29,297.5,15.3,0
0.2,-0.37,0.07,-1.86,-46.07,268.23,-0.06,0.23,0.78,-37.13,260.4,-15.98,0
0.13,0.15,-0.02,-2.1,-2.41,130.15,0.09,0.1,0.69,17.47,130.27,-64.54,0
0.32,0.09,-0.16,24.42,-5.64,-67.35,0.4,0.32,0.52,40.4,-66.04,6.43,0
0.88,-0.02,-0.22,31.95,-67.16,-217.62,0.78,0.45,0.16,113.26,-163.63,72.84,0
1.55,-0.99,-0.23,58.14,-127.29,-215.27,1.42,0.5,0.47,26.49,-149.91,166.68,0
1.68,-1.8,0.35,-114.09,-123.75,-127.96,1.52,1.08,0.81,63.69,-101.95,141.98,0
1.11,-1.64,0.64,-22.77,-80.64,-26.95,1.03,1.16,1.07,90.21,-15.49,76.95,0
0.58,-1.84,0.9,-30.49,-20.43,64.54,0.51,0.94,0.95,-29.48,49.76,27.65,0
0.01,-1.29,0.69,-28.26,31.52,138.35,-0.02,0.9,0.81,-48.2,87.16,-34.33,0
-0.27,-0.63,0.56,31.95,59.09,194.27,-0.52,0.51,0.44,-56.68,148.72,-94.05,0
-0.27,-0.09,0.18,78.54,66.28,165.24,-0.42,0.39,0.34,26.28,147.1,-145.7,0
-0.25,0.13,0.08,50.58,36.65,55.52,-0.17,0.54,0.57,44.85,50.82,-105.27,0
0.08,0.12,-0.11,2.2,-5.88,-72.53,0.18,0.42,0.43,25.85,-56.98,11.95,0
0.77,-0.32,-0.31,26.65,-48.29,-192.44,0.87,0.44,0.42,35.15,-140.4,92.8,0
1.49,-0.41,-0.06,-11.19,-95.37,-220.46,1.21,0.69,0.3,51.98,-167.26,114.97,0
1.87,-1.66,0.38,-38.87,-86.07,-153.96,1.63,0.72,0.36,-5.3,-119.76,125.76,0
1.42,-1.77,0.65,-87.87,-40.73,-36.1,1.34,1.29,0.82,-25.18,-56.46,77.44,0
0.69,-1.56,0.81,-31.31,6.04,39.51,0.61,1.03,0.85,-9.82,15.34,10.4,0
0.13,-1.45,0.77,-31.86,39.05,103.48,0.1,0.87,0.81,-24.18,54.18,-36.07,0
-0.47,-1.18,0.58,-11.13,53.75,177.29,-0.47,0.65,0.76,-52.9,125.49,-83.93,0
-0.24,-0.43,0.33,62.35,67.99,230.43,-0.55,0.35,0.39,-22.41,194.33,-147.16,0
-0.16,-0.1,0.13,115.98,60.79,149.91,-0.21,0.6,0.61,23.72,149.48,-150.03,0
-0.09,0.13,0.03,14.88,35.58,19.42,-0.03,0.51,0.61,2.71,9.57,-71.43,0
0.8,-0.13,-0.25,63.6,-9.7,-152.59,0.88,0.48,0.37,18.29,-122.8,63.48,0
1.63,-0.12,-0.21,16.04,-61.95,-248.41,1.37,0.64,0.1,76.07,-171.19,78.08,0
2.01,-1.35,0.06,-52.5,-51.74,-216.01,1.69,0.19,0.35,-25.61,-189.27,79.02,0
1.65,-1.74,0.23,-183.48,-1.37,-136.46,1.54,1.14,1.16,-68.14,-161.8,47.5,0
0.9,-1.97,0.52,-120.91,83.2,-32.53,0.89,0.65,1.27,-72.32,-85.55,-37.38,0
0.2,-1.66,0.38,-156.16,163.45,50.88,0.27,0.6,1.38,-154.15,-39.42,-112.56,0
0.12,-1.25,0.49,-62.1,242.13,108.93,-0.15,0.41,1.02,-137.74,2.8,-190.95,0
0.12,-0.84,0.25,-8.9,308.23,146.89,-0.29,0.37,0.83,-143.32,29.33,-290.37,0
0.29,-0.19,0.03,104.39,345.58,80.03,-0.3,0.37,0.45,-55.7,0.21,-350.85,0
0.16,0.2,-0.16,91.19,328.26,-41.71,-0.24,0.38,0.32,-10.24,-92.9,-336.16,0
-0.2,0.1,-0.41,48.05,262.29,-185.79,-0.37,0.35,0.67,2.62,-233.17,-236.34,0
0.12,-0.27,-0.47,13.63,129.66,-323.81,-0.02,0.43,0.66,10.12,-332.65,-32.87,0
0.91,-1.48,-0.2,-114.36,27.29,-294.91,0.96,0.57,0.74,-24.36,-244.15,29.6,0
1.16,-2.36,0.2,-86.19,1.62,-132.77,1.28,0.44,0.93,-27.77,-131.59,23.96,0
0.43,-1.92,0.41,-91.8,31.31,14.6,0.73,0.75,1.27,-87.41,-14.91,-7.8,0
0.01,-1.55,0.49,-101.59,42.44,100.49,0.15,0.75,1.01,-60.52,61.89,-37.5,0
-0.21,-1.17,0.88,-9.51,92.87,154.85,-0.39,0.63,0.97,-39.21,94.15,-127.74,0
-0.3,-0.51,0.5,29.54,150.46,137.84,-0.46,0.36,0.6,-26.59,89.39,-189.57,0
-0.08,0.0,0.17,69.66,169.51,46.77,-0.25,0.38,0.5,40.15,11.43,-218.41,0
0.15,0.09,-0.17,42.62,158.05,-96.59,0.14,0.47,0.63,38.23,-129.76,-145.24,0
0.46,0.02,-0.38,-2.44,89.15,-211.25,0.41,0.27,0.14,2.07,-206.95,-33.87,0
0.69,-0.5,-0.25,14.91,-12.5,-276.52,0.58,0.78,0.43,85.4,-205.98,36.86,0
1.08,-1.76,0.03,106.8,-81.4,-224.63,1.04,0.54,0.55,47.5,-164.73,110.03,0
1.44,-2.36,0.26,-36.62,-115.61,-30.03,1.53,1.0,0.85,11.62,-0.98,104.3,0
0.97,-1.66,0.44,2.5,-100.34,87.38,0.94,0.99,0.94,83.57,96.16,69.54,0
0.6,-1.28,0.6,-23.87,-59.91,162.77,0.44,0.85,0.74,-2.32,147.2,29.7,0
0.03,-0.97,0.8,-31.04,-4.66,201.04,-0.2,0.72,0.81,-18.14,145.3,-52.93,0
-0.14,-0.49,0.7,55.3,61.71,177.44,-0.41,0.6,0.44,-53.2,131.62,-102.65,0
-0.21,0.09,0.31,65.64,105.88,100.24,-0.38,0.39,0.42,12.29,76.92,-165.18,0
0.03,0.24,-0.0,15.85,108.05,-38.66,0.03,0.33,0.45,17.04,-65.73,-109.05,0
0.45,0.08,-0.41,81.83,68.84,-199.85,0.47,0.19,0.19,58.66,-188.51,-13.02,0
1.01,-0.42,-0.5,96.95,-67.53,-291.59,0.94,0.66,0.31,92.77,-211.89,93.69,0
1.72,-1.76,-0.0,31.98,-139.02,-199.88,1.5,0.69,0.38,19.45,-141.04,152.01,0
1.56,-1.98,0.62,-26.86,-119.7,-8.9,1.44,1.23,0.93,70.76,12.1,98.17,0
0.86,-1.62,0.65,-30.91,-80.76,98.45,0.8,0.93,0.85,39.18,94.42,67.53,0
0.4,-1.42,0.79,-8.84,-51.43,176.49,0.28,1.0,0.8,-7.01,154.39,27.96,0
-0.04,-0.81,0.74,36.19,-12.93,215.64,-0.3,0.75,0.56,-42.44,190.67,-29.6,0
-0.13,-0.19,0.58,113.2,33.23,183.11,-0.47,0.52,0.29,3.29,172.38,-95.3,0
-0.34,0.34,0.2,52.13,39.51,75.3,-0.39,0.57,0.55,47.8,74.88,-96.65,0
0.0,-0.07,-0.07,103.66,-10.76,-73.69,0.15,0.37,0.38,50.58,-46.62,10.61,0
0.39,0.02,-0.34,72.47,-95.06,-179.39,0.48,0.45,0.48,127.87,-115.0,82.04,0
1.17,-0.85,-0.34,-99.48,-160.27,-195.03,1.04,0.4,0.56,61.98,-119.36,146.83,0
1.53,-1.93,0.08,159.45,-190.46,-125.46,1.45,0.73,0.65,154.02,-11.28,172.16,0
1.09,-1.89,0.27,26.77,-202.65,70.12,0.91,0.91,0.91,84.85,127.8,157.13,0
0.59,-1.16,0.13,150.82,-213.78,151.49,0.28,0.84,0.6,130.09,218.81,138.17,0
0.65,-0.96,0.19,180.88,-221.49,186.28,0.21,0.76,0.62,139.48,254.42,144.6,0
0.85,-1.13,0.32,195.24,-201.37,201.19,0.41,0.81,1.11,169.3,266.43,125.79,0
0.67,-1.26,0.43,103.32,-111.13,250.7,0.39,0.65,1.12,60.24,262.16,40.98,0
0.02,-0.59,0.19,-2.59,-64.79,243.41,-0.16,0.35,0.79,-30.88,234.21,0.7,0
-0.29,0.04,0.02,-46.49,-67.62,163.11,-0.29,0.11,0.61,-40.64,169.24,-0.49,0
-0.28,0.11,-0.5,-68.17,-106.04,37.84,-0.14,0.17,0.33,17.5,61.55,71.62,0
0.3,-0.07,-0.28,110.91,-203.99,-118.72,0.3,0.4,0.48,124.09,-11.19,177.44,0
1.11,-0.06,-0.06,156.28,-257.38,-194.48,0.68,0.71,0.36,166.01,-58.23,243.6,0
1.85,-1.55,0.81,121.49,-195.76,-130.0,1.43,0.75,0.48,161.59,-56.19,147.32,0
1.33,-1.79,0.62,-76.65,-128.66,7.26,1.27,1.19,1.18,43.05,22.62,107.13,0
0.64,-1.75,0.5,23.2,-85.03,106.86,0.58,0.8,0.87,41.13,115.73,59.15,0
0.09,-1.55,0.56,-14.18,-54.42,202.71,0.02,0.65,0.89,-36.19,175.34,20.4,0
0.08,-0.57,0.4,32.38,-17.8,251.34,-0.19,0.48,0.45,-37.35,224.33,-32.07,0
0.04,0.03,0.27,59.27,-2.8,191.31,-0.17,0.41,0.39,-10.15,185.52,-62.9,0
0.22,0.29,0.06,1.83,-10.12,27.1,0.28,0.49,0.62,22.99,34.51,-21.95,0
0.63,0.06,-0.18,6.62,-15.49,-133.72,0.61,0.23,0.27,18.87,-106.83,34.51,0
1.03,-0.62,-0.05,8.66,-56.1,-227.01,0.92,0.67,0.39,78.63,-165.73,71.55,0
1.4,-1.44,0.25,28.78,-82.32,-176.52,1.27,0.86,0.41,21.55,-128.02,109.02,0
1.35,-2.18,0.5,-31.65,-65.67,-23.05,1.42,1.01,0.85,2.29,-10.95,79.12,0
0.71,-1.65,0.65,-25.43,-26.31,74.57,0.68,1.01,0.92,17.5,54.12,20.4,0
0.19,-1.31,0.72,-46.65,23.9,137.26,0.11,0.86,0.91,-37.96,96.07,-33.75,0
-0.16,-0.99,0.61,-10.49,61.1,196.65,-0.34,0.55,0.66,-64.33,141.1,-89.51,0
-0.21,-0.29,0.32,36.86,78.78,195.15,-0.47,0.37,0.41,-45.46,150.98,-134.97,0
-0.29,0.2,0.12,64.02,79.85,96.01,-0.35,0.4,0.55,25.7,76.95,-147.65,0
-0.14,0.16,-0.05,18.48,40.98,-51.98,-0.04,0.47,0.5,21.92,-62.65,-35.76,0
0.58,-0.0,-0.26,6.1,-13.99,-186.31,0.61,0.36,0.24,46.34,-149.15,51.37,0
1.14,-0.33,-0.38,84.51,-107.23,-263.02,1.05,0.58,0.28,33.87,-173.78,148.32,0
2.19,-1.64,0.44,11.04,-129.21,-184.57,1.82,0.8,0.31,38.87,-145.27,144.91,0
1.57,-2.1,0.75,-85.91,-59.3,-14.12,1.55,1.17,1.08,-7.47,-14.18,74.7,0
0.74,-1.67,0.86,-49.94,14.57,63.87,0.68,0.97,1.01,-25.06,33.23,6.04,0
0.22,-1.43,0.72,-84.24,85.12,124.02,0.14,0.81,1.05,-47.04,56.49,-83.29,0
-0.23,-1.05,0.43,-23.6,113.45,189.7,-0.33,0.46,0.73,-76.83,110.98,-138.38,0
-0.35,-0.35,0.18,34.97,110.67,210.79,-0.54,0.28,0.45,-57.74,151.19,-169.57,0
-0.18,0.13,0.08,118.78,105.03,120.82,-0.36,0.3,0.47,14.27,106.98,-179.09,0
-0.1,0.29,0.03,21.25,76.01,-22.16,-0.08,0.52,0.48,24.36,-47.41,-98.9,0
0.6,-0.04,0.04,35.49,24.24,-191.34,0.6,0.69,0.36,82.53,-165.43,22.44,0
1.19,-0.27,-0.07,34.18,-23.32,-284.6,0.84,0.54,0.16,19.51,-217.74,81.89,0
1.59,-1.19,0.21,-50.27,0.91,-232.13,1.69,0.65,0.54,-4.82,-178.14,-20.37,0
1.39,-1.88,0.49,-69.33,44.45,-125.79,1.39,0.86,1.06,-37.07,-132.13,-6.34,0
0.79,-1.88,0.28,-97.87,80.73,8.93,0.95,0.51,1.08,-65.0,-30.43,-48.96,0
0.36,-1.42,0.32,-81.83,123.26,84.91,0.4,0.52,1.08,-59.18,19.3,-102.71,0
0.09,-1.15,0.52,-18.57,197.71,122.23,-0.12,0.39,1.05,-80.46,32.99,-174.48,0
0.03,-0.65,0.33,11.71,274.02,119.42,-0.36,0.39,0.85,-103.02,21.4,-273.14,0
-0.05,-0.2,0.01,63.99,316.74,37.5,-0.44,0.31,0.67,-38.17,-47.84,-324.57,0
-0.01,-0.0,-0.12,68.78,300.15,-91.31,-0.27,0.42,0.59,10.98,-151.01,-293.17,0
0.12,-0.02,-0.27,58.78,237.74,-211.65,-0.17,0.32,0.32,7.74,-245.7,-182.93,0
0.17,-0.22,-0.31,11.55,137.13,-293.51,-0.04,0.48,0.49,3.6,-298.45,-59.15,0
0.7,-0.68,-0.39,-101.86,31.01,-323.2,0.46,0.49,0.71,6.07,-304.48,24.66,0
1.66,-1.73,0.04,-58.2,-27.65,-278.63,1.47,0.4,0.5,17.13,-240.7,47.84,0
1.55,-2.2,0.21,-67.5,-13.75,-74.42,1.67,0.68,0.94,-25.82,-68.72,29.09,0
1.01,-1.79,0.23,-74.88,-1.34,49.21,1.2,0.85,1.06,-22.2,24.88,13.05,0
0.51,-1.58,0.64,-73.08,17.23,130.79,0.51,0.82,0.91,-19.6,85.58,-18.41,0
0.17,-1.09,0.94,2.16,71.62,185.15,-0.22,0.72,0.76,-38.81,131.46,-88.11,0
-0.12,-0.48,0.56,47.29,137.47,185.21,-0.44,0.57,0.55,-48.75,124.76,-166.34,0
-0.29,0.07,0.16,45.15,142.93,127.26,-0.47,0.3,0.39,-9.94,101.77,-195.06,0
-0.19,0.26,-0.14,37.71,128.26,3.38,-0.15,0.23,0.52,29.33,-29.97,-153.41,0
0.14,0.09,-0.22,37.53,77.99,-154.42,0.21,0.35,0.48,43.54,-165.55,-49.24,0
0.56,-0.17,-0.35,49.73,3.05,-267.74,0.5,0.43,0.39,5.06,-222.2,54.05,0
1.43,-0.81,0.05,-59.3,-85.34,-310.27,0.97,0.77,0.41,44.94,-248.99,90.34,0
1.85,-1.63,0.39,-7.01,-101.07,-178.6,1.59,0.81,0.37,56.4,-136.8,83.05,0
1.52,-1.92,0.48,3.51,-71.28,-1.55,1.46,0.86,0.56,23.11,7.93,82.62,0
0.96,-1.43,0.45,-19.66,-54.73,99.63,0.83,0.93,0.79,15.49,83.57,40.58,0
0.56,-1.23,0.63,-3.45,-23.51,155.82,0.37,0.86,0.82,24.57,128.93,11.98,0
0.09,-1.08,0.63,-13.14,28.81,196.89,-0.07,0.71,0.85,-35.98,146.92,-58.54,0
-0.26,-0.54,0.54,34.85,62.38,209.63,-0.48,0.47,0.5,-83.63,162.84,-100.24,0
-0.26,0.09,0.17,110.98,83.66,138.32,-0.41,0.32,0.38,39.6,131.62,-154.15,0
-0.2,0.26,0.02,35.24,66.86,11.31,-0.16,0.41,0.55,28.63,0.09,-109.05,0
0.24,0.17,-0.19,47.96,27.87,-153.96,0.31,0.33,0.43,17.32,-137.32,5.95,0
0.89,-0.22,-0.45,79.3,-61.07,-272.8,0.82,0.43,0.24,54.6,-208.9,89.45,0
1.8,-1.0,-0.07,-76.01,-140.24,-246.52,1.5,0.9,0.44,34.09,-184.73,124.57,0
2.0,-1.65,0.58,35.46,-116.95,-86.43,1.76,0.8,0.61,127.74,-52.87,83.87,0
1.12,-1.6,0.59,-55.55,-76.25,56.4,1.03,0.85,0.8,4.48,46.52,72.96,0
0.67,-1.34,0.73,-18.05,-45.58,123.57,0.61,0.98,0.82,25.73,113.48,41.65,0
0.23,-1.21,0.68,-12.5,-10.55,174.12,0.09,0.87,0.73,2.84,148.51,-15.09,0
0.04,-0.97,0.71,10.95,13.29,225.55,-0.22,0.78,0.65,-11.34,188.87,-64.88,0
-0.16,-0.39,0.49,74.66,37.62,208.54,-0.43,0.54,0.49,-12.01,182.1,-103.35,0
-0.12,0.28,0.24,65.82,37.8,109.05,-0.22,0.55,0.42,46.16,107.35,-113.41,0
-0.04,0.27,-0.05,-9.09,7.87,-36.8,0.04,0.4,0.38,45.52,-21.65,-22.13,0
0.29,0.1,-0.25,13.63,-17.01,-187.41,0.29,0.21,0.5,53.66,-146.28,57.26,0
0.89,-0.64,-0.57,-17.68,-79.15,-276.19,0.9,0.5,0.51,134.39,-186.19,113.72,0
1.47,-1.68,-0.3,161.01,-200.55,-223.02,1.36,0.64,0.41,133.23,-85.58,223.05,0
1.31,-2.3,-0.04,122.59,-252.38,7.8,1.21,0.94,0.88,140.09,104.82,202.93,0
0.72,-1.4,0.29,159.27,-256.77,140.18,0.3,1.06,0.78,164.21,225.06,171.83,0
0.78,-1.22,0.13,268.93,-243.63,213.26,0.26,0.77,0.74,180.18,297.77,166.04,0
0.88,-1.09,-0.03,202.38,-222.99,270.21,0.4,0.64,1.06,180.34,321.55,117.16,0
0.57,-1.16,-0.21,158.81,-198.02,273.2,0.22,0.32,1.1,124.73,314.88,120.67,0
0.39,-1.38,0.06,33.84,-177.44,300.64,0.16,0.43,1.31,98.66,322.29,81.13,0
0.21,-0.5,-0.05,79.63,-118.66,273.38,-0.08,0.04,0.89,11.19,280.3,42.47,0
0.12,0.59,-0.16,-72.32,-90.27,154.02,0.02,0.14,0.4,-42.53,155.12,51.34,0
0.15,0.38,-0.17,-41.83,-126.16,-84.6,0.04,0.18,0.37,25.49,-59.66,124.66,0
0.74,0.04,-0.16,68.66,-183.26,-256.68,0.43,0.35,0.21,83.32,-180.09,192.29,0
1.64,-1.71,0.24,-12.71,-205.43,-219.09,1.29,0.66,0.74,85.52,-150.73,210.18,0
1.62,-2.19,0.69,-7.5,-144.82,-4.51,1.6,1.18,1.13,103.63,22.41,115.4,0
0.53,-1.79,0.62,-6.55,-98.35,100.12,0.51,0.7,0.92,19.88,104.24,87.32,0
0.19,-1.23,0.86,-7.56,-33.81,173.99,0.02,0.9,0.88,-24.91,149.09,18.6,0
-0.03,-0.77,0.62,14.42,18.45,199.12,-0.21,0.59,0.65,-48.45,169.54,-58.32,0
0.1,-0.24,0.3,44.94,37.62,158.11,-0.02,0.41,0.46,-12.35,144.05,-85.85,0
0.17,0.03,0.08,50.55,43.11,25.64,0.24,0.46,0.63,39.12,25.27,-83.63,0
0.46,0.09,-0.14,32.9,26.22,-115.67,0.53,0.28,0.35,25.7,-97.1,-14.15,0
0.66,-0.07,-0.18,11.22,-14.73,-226.62,0.3,0.56,0.39,35.27,-201.52,61.92,0
1.22,-0.77,-0.14,16.16,-87.04,-283.11,0.92,0.66,0.3,15.88,-216.1,123.72,0
1.95,-2.17,0.54,-18.02,-75.03,-131.92,1.75,0.92,0.52,1.55,-106.62,80.37,0
1.25,-1.91,0.65,-50.43,-26.65,41.19,1.3,1.0,0.99,9.91,30.61,27.32,0
0.61,-1.49,0.6,-43.69,6.89,125.76,0.57,0.81,0.82,-7.47,95.43,-1.37,0
0.11,-1.13,0.64,-26.8,37.56,186.1,-0.0,0.72,0.8,-41.8,134.3,-52.41,0
-0.23,-0.72,0.55,-8.2,67.26,222.13,-0.48,0.47,0.59,-53.6,161.01,-102.99,0
-0.26,-0.08,0.24,82.9,87.59,193.26,-0.51,0.31,0.36,-10.64,163.63,-157.07,0
-0.3,0.29,0.01,51.28,66.59,68.54,-0.19,0.52,0.61,33.02,48.35,-124.88,0
0.06,0.15,-0.29,31.22,11.77,-95.52,0.19,0.34,0.44,15.34,-86.59,12.53,0
0.56,-0.08,-0.28,53.2,-81.83,-227.44,0.6,0.45,0.36,82.56,-170.76,106.95,0
1.62,-0.96,0.21,42.53,-141.55,-269.6,1.24,0.65,0.33,38.69,-206.07,178.87,0
2.03,-2.15,0.93,-73.38,-78.14,-104.12,1.85,1.06,0.67,-18.99,-93.99,79.27,0
1.01,-1.83,0.7,-73.2,9.27,10.85,1.11,1.0,1.08,-41.65,-5.12,10.21,0
0.29,-1.49,0.66,-62.41,33.96,91.92,0.38,0.79,0.89,-42.99,55.24,-24.7,0
-0.15,-1.09,0.58,-47.26,42.93,169.73,-0.14,0.65,0.75,-46.89,125.82,-41.25,0
-0.46,-0.39,0.38,47.59,57.23,188.08,-0.63,0.28,0.4,-52.71,161.25,-84.12,0
-0.4,-0.03,0.2,50.95,61.55,148.35,-0.44,0.36,0.54,16.74,138.17,-121.95,0
-0.33,-0.13,0.15,39.94,37.68,45.24,-0.25,0.47,0.75,51.59,45.61,-91.74,0
0.0,-0.04,0.05,54.7,5.12,-94.57,0.06,0.44,0.66,36.46,-72.26,-15.18,0
0.74,-0.34,-0.09,47.32,-42.07,-213.08,0.99,0.32,0.38,61.52,-183.84,71.74,0
1.52,-0.66,0.09,-30.03,-65.4,-220.58,1.24,0.6,0.53,28.51,-199.82,72.41,0
1.77,-1.27,0.23,-55.43,-52.65,-183.32,1.56,0.55,0.38,-39.39,-176.43,80.3,0
1.39,-1.62,0.62,-84.27,14.54,-35.88,1.43,0.82,0.77,-20.61,-46.55,-17.74,0
0.91,-1.47,0.58,-66.13,73.78,38.72,0.89,0.38,0.87,-32.41,8.2,-79.24,0
0.53,-1.17,0.51,-78.48,159.33,76.4,0.41,0.51,1.02,-110.73,10.03,-117.47,0
0.34,-0.86,0.32,-73.66,252.41,87.35,0.04,0.25,0.95,-128.54,-6.37,-219.39,0
0.21,-0.59,-0.05,30.27,319.88,45.4,-0.19,0.06,0.8,-104.91,-33.57,-288.45,0
0.27,-0.17,-0.22,36.89,352.59,-49.51,-0.18,0.21,0.64,-66.92,-115.79,-323.17,0
0.11,-0.12,-0.4,-14.79,328.05,-143.51,-0.16,0.34,0.67,-47.8,-213.35,-296.49,0
-0.03,-0.13,-0.44,-14.36,220.46,-243.66,-0.24,0.39,0.46,-45.98,-272.99,-157.38,0
0.1,-0.24,-0.33,-78.99,87.93,-288.2,-0.09,0.52,0.39,-35.76,-278.78,-9.94,0
0.77,-1.0,0.07,-102.26,10.24,-288.02,0.47,0.54,0.57,6.62,-263.2,25.52,0
1.66,-2.83,0.49,-21.16,29.15,-162.32,1.79,0.93,1.01,-71.07,-145.64,19.6,0
1.39,-2.19,0.4,-92.5,72.71,87.32,1.49,1.07,1.12,-83.81,52.29,-56.25,0
0.63,-1.4,0.16,-50.55,79.85,186.28,0.59,0.45,0.87,-29.66,132.32,-84.79,0
0.16,-0.83,0.41,-34.94,80.3,214.57,-0.01,0.6,0.81,-90.88,141.86,-87.32,0
-0.11,-0.44,0.63,91.89,129.24,170.7,-0.42,0.39,0.58,-40.27,120.58,-147.59,0
-0.3,0.28,0.27,128.57,166.98,50.76,-0.47,0.47,0.45,35.37,42.01,-202.07,0
-0.29,0.25,-0.13,10.88,146.34,-67.26,-0.31,0.21,0.39,48.29,-92.9,-174.36,0
0.09,0.07,-0.34,75.88,68.32,-224.3,0.13,0.29,0.48,73.9,-213.17,-43.87,0
0.7,-0.6,-0.55,-9.42,-67.16,-290.58,0.66,0.48,0.32,40.79,-234.24,97.23,0
1.63,-1.69,0.09,-63.84,-154.02,-191.28,1.42,0.74,0.59,88.17,-156.13,146.16,0
1.47,-2.21,0.54,-7.16,-147.44,-30.64,1.54,1.0,0.95,85.34,-2.01,125.12,0
0.81,-1.73,0.79,-7.99,-93.14,91.28,0.69,0.95,0.87,8.14,87.68,89.85,0
0.44,-1.33,1.07,15.55,-11.52,166.68,0.18,1.0,0.81,-13.54,136.95,0.67,0
0.18,-0.77,0.98,12.44,74.3,209.82,-0.19,0.72,0.58,-52.8,155.88,-102.65,0
0.01,-0.18,0.45,94.63,137.16,176.07,-0.34,0.42,0.33,-6.31,138.84,-197.01,0
-0.18,0.36,0.04,45.0,133.66,67.23,-0.26,0.43,0.37,42.56,37.26,-197.01,0
-0.17,0.14,-0.18,53.75,88.41,-79.48,-0.05,0.36,0.5,38.99,-89.57,-82.13,0
0.26,0.13,-0.35,-10.79,8.41,-206.52,0.29,0.35,0.36,25.88,-178.54,47.16,0
0.79,-0.48,-0.45,112.13,-98.26,-299.97,0.67,0.21,0.4,42.71,-215.79,143.41,0
2.25,-2.45,0.21,-44.82,-164.39,-195.37,2.11,0.79,0.43,-31.74,-147.65,194.73,0
1.67,-1.93,0.7,-47.93,-109.27,35.18,1.62,1.44,1.01,65.7,35.95,84.21,0
0.91,-1.43,0.73,-40.12,-57.84,110.15,0.75,0.91,0.75,24.27,91.59,55.82,0
0.44,-1.2,0.57,-87.99,-46.43,161.95,0.4,0.87,0.67,-50.43,125.88,30.58,0
0.04,-0.93,0.66,-45.85,-33.81,180.61,-0.13,0.66,0.7,-17.9,154.54,-4.33,0
-0.23,-0.56,0.58,41.49,27.26,190.15,-0.42,0.41,0.46,-5.18,152.35,-85.4,0
-0.23,-0.09,0.32,55.73,73.32,157.8,-0.37,0.38,0.38,42.38,117.26,-165.73,0
-0.3,0.04,0.07,77.77,87.68,49.24,-0.2,0.42,0.59,39.82,42.71,-154.05,0
-0.07,0.12,-0.17,49.05,72.71,-97.74,-0.04,0.33,0.64,47.16,-101.59,-70.55,0
0.38,-0.08,-0.25,46.52,24.7,-244.88,0.35,0.37,0.43,43.02,-205.64,55.58,0
0.86,-0.4,-0.29,51.74,-78.9,-321.77,0.66,0.73,0.57,70.0,-213.87,129.27,0
1.79,-1.84,0.02,42.62,-122.38,-263.41,1.52,0.66,0.37,51.49,-171.55,152.74,0
1.82,-1.97,0.3,3.11,-145.15,-59.27,1.65,1.13,0.6,66.8,-8.08,130.55,0
1.07,-1.64,0.5,83.38,-114.79,92.87,0.91,1.17,0.81,124.02,108.2,78.14,0
0.58,-1.21,0.46,118.02,-123.54,159.73,0.32,1.01,0.57,54.63,181.16,86.86,0
0.18,-0.78,0.29,182.2,-155.49,191.74,-0.05,0.9,0.55,93.11,226.22,102.8,0
0.08,-0.57,0.18,182.41,-192.38,208.9,-0.28,0.63,0.56,114.73,254.39,138.14,0
0.19,-0.75,0.09,179.82,-212.07,213.72,-0.07,0.58,0.76,157.96,258.35,159.39,0
0.29,-1.24,0.16,104.33,-204.05,229.54,0.16,0.37,1.3,144.45,251.89,138.66,0
0.02,-1.04,-0.11,-1.92,-168.6,249.79,-0.03,0.08,1.18,22.87,250.4,120.21,0
-0.04,-0.44,-0.23,-36.31,-147.44,200.46,0.02,-0.08,0.81,3.9,207.99,109.42,0
-0.11,-0.05,-0.42,-93.38,-153.11,85.09,-0.02,0.09,0.67,18.41,104.91,105.73,0
0.17,-0.05,-0.29,100.58,-188.57,-94.79,0.15,0.08,0.69,87.96,-38.9,174.91,0
0.97,-0.28,-0.16,74.57,-267.93,-212.29,0.68,0.7,0.6,182.44,-109.15,220.52,0
2.39,-2.21,0.84,24.27,-212.77,-133.81,2.07,0.98,0.7,70.37,-79.15,195.0,0
1.31,-1.76,0.91,-68.48,-105.91,73.26,1.16,1.32,1.12,66.1,81.71,76.4,0
0.57,-1.48,0.62,23.26,-43.48,135.15,0.46,0.66,0.68,14.85,122.96,33.57,0
-0.08,-1.0,0.43,-60.49,-12.29,205.67,-0.11,0.68,0.87,-54.7,160.43,-33.51,0
