0.6,-0.66,0.39,-2.99,-1.16,1.07,-0.87,0.45,0.18,-0.7,0.52,-1.07,0
0.59,-0.66,0.4,-3.38,-0.46,0.18,-0.88,0.45,0.19,0.55,-1.04,-0.95,0
0.6,-0.66,0.4,-4.09,0.09,0.3,-0.87,0.46,0.18,0.73,-0.4,-1.55,0
0.59,-0.66,0.4,-3.6,0.95,0.15,-0.87,0.45,0.18,1.1,-0.15,-1.8,0
0.59,-0.65,0.4,-6.04,1.62,-0.24,-0.87,0.45,0.19,2.53,-1.92,-1.68,0
0.62,-0.64,0.37,-11.37,2.38,-4.12,-0.86,0.5,0.21,7.26,-6.01,1.13,0
0.72,-0.57,0.26,-22.68,0.43,-11.46,-0.84,0.62,0.23,15.43,-20.4,10.49,0
0.79,-0.61,0.23,-28.26,-9.45,-21.43,-0.74,0.68,0.11,21.86,-18.81,23.66,0
0.93,-0.8,0.37,-2.23,-16.43,-30.73,-1.03,0.79,0.18,18.17,-11.65,35.73,0
0.95,-1.17,0.78,-1.07,-2.2,-2.07,-1.28,0.66,0.3,13.11,-5.46,11.46,0
0.43,-1.18,0.91,-26.37,20.64,62.1,-1.35,0.14,0.33,-22.9,-9.6,-48.2,0
-0.12,-0.78,0.69,-32.32,44.36,107.41,-0.82,-0.35,0.21,-49.09,-15.85,-94.79,0
-0.32,-0.41,0.3,10.79,54.24,118.57,-0.38,-0.46,0.18,-59.21,-5.64,-122.56,0
-0.18,-0.24,0.04,24.63,40.82,98.17,-0.36,-0.19,0.24,-47.9,4.51,-100.7,0
0.15,-0.14,-0.06,21.1,7.47,20.79,-0.53,0.23,0.26,-16.43,17.47,-22.93,0
0.95,-0.37,-0.2,21.31,-32.32,-94.97,-0.73,1.09,0.22,38.51,36.77,96.77,0
1.72,-0.75,-0.19,-59.73,-93.6,-133.84,-1.03,1.69,0.19,46.13,3.6,165.79,0
1.69,-1.26,0.25,-14.91,-101.04,-120.91,-1.15,1.43,0.17,37.16,-6.04,150.91,0
1.2,-1.24,0.68,11.07,-107.68,-78.63,-1.56,0.94,0.16,6.46,5.21,134.15,0
0.81,-1.39,1.02,-70.85,-87.44,23.81,-1.38,0.43,0.33,-59.21,-37.41,76.37,0
0.2,-1.08,1.03,-22.44,2.77,87.2,-1.0,-0.21,0.31,-48.72,-27.29,-35.46,0
-0.13,-0.61,0.56,-6.46,64.85,143.9,-0.49,-0.41,0.09,-81.22,-33.6,-136.19,0
-0.05,-0.24,0.14,54.66,78.51,139.02,-0.33,-0.21,0.12,-69.21,18.6,-167.16,0
0.11,-0.09,-0.17,39.42,40.64,58.87,-0.61,0.22,0.39,-31.37,19.79,-85.4,0
0.76,-0.28,-0.3,38.57,-12.68,-67.23,-0.53,0.9,0.32,25.06,54.33,50.61,0
1.32,-0.37,-0.51,-49.57,-71.71,-138.75,-0.74,1.48,0.41,53.38,25.98,136.83,0
1.65,-1.01,-0.05,-2.9,-71.37,-159.66,-0.76,1.45,0.22,86.1,18.2,142.1,0
1.51,-1.33,0.39,-70.21,-78.78,-86.89,-1.41,1.24,0.3,35.58,-48.02,113.96,0
1.09,-1.45,0.75,-0.49,-35.18,-33.26,-1.19,0.77,0.28,12.96,-1.52,53.93,0
0.57,-1.26,0.79,-8.17,7.71,59.85,-1.21,0.32,0.33,-37.32,-13.45,-33.75,0
0.13,-1.02,0.67,7.68,52.65,129.57,-0.84,-0.16,0.34,-57.65,-20.79,-115.95,0
-0.2,-0.45,0.3,39.24,77.01,163.23,-0.44,-0.38,0.15,-91.31,-3.78,-173.08,0
-0.11,-0.34,0.1,49.63,54.82,154.45,-0.4,-0.24,0.23,-89.88,10.7,-159.88,0
0.26,-0.12,-0.16,78.9,35.21,35.67,-0.63,0.4,0.54,-25.88,53.45,-63.29,0
1.51,-0.78,-0.15,-50.95,14.73,-64.48,-1.0,1.59,0.42,64.48,9.73,46.74,0
1.63,-1.14,0.37,-29.12,49.48,-57.32,-1.14,1.35,0.23,77.9,-48.72,0.4,0
0.68,-0.91,0.33,-70.55,96.22,-47.84,-0.96,0.44,0.49,105.18,-75.52,-31.8,0
0.43,-0.94,0.29,-105.34,141.77,-45.43,-0.85,0.1,0.5,147.56,-78.2,-71.37,0
0.4,-0.91,0.19,-57.32,179.36,-42.26,-0.78,0.27,0.41,155.21,-16.83,-96.07,0
0.42,-0.8,0.22,-65.37,190.61,-35.18,-0.84,0.24,0.36,152.56,-25.46,-88.93,0
0.39,-0.81,0.16,-50.95,191.68,-32.74,-0.82,0.18,0.35,150.15,-60.55,-94.02,0
0.38,-0.81,0.21,-54.48,188.29,-38.14,-0.96,0.11,0.36,164.02,-72.32,-102.16,0
0.26,-0.87,0.13,-109.24,180.24,-20.95,-0.91,0.07,0.42,175.3,-87.9,-119.7,0
0.16,-0.89,0.04,-73.9,177.56,-12.04,-0.73,0.05,0.4,145.82,-65.37,-109.09,0
0.16,-0.94,-0.1,-68.51,160.52,-11.19,-0.85,0.25,0.63,126.92,-64.88,-70.88,0
0.22,-1.01,-0.12,-53.05,143.51,-28.75,-0.76,0.08,0.66,131.04,-42.68,-82.77,0
0.15,-0.87,-0.21,-43.66,139.45,-44.85,-0.73,0.26,0.72,133.66,-32.29,-62.1,0
0.24,-0.95,-0.28,-48.78,132.2,-49.12,-0.53,0.22,0.71,128.54,-47.04,-45.79,0
0.15,-0.78,-0.33,-15.24,129.3,-68.93,-0.54,0.21,0.72,136.62,-22.71,-41.95,0
0.4,-0.97,-0.36,-69.36,128.51,-69.51,-0.59,0.41,0.88,145.55,-70.85,-32.38,0
0.5,-1.11,-0.4,-74.45,137.84,-60.55,-0.7,0.6,0.91,149.45,-71.16,-36.86,0
0.64,-1.38,-0.32,-53.81,126.89,-43.48,-0.69,0.61,0.79,131.34,-75.34,-57.13,0
0.52,-1.64,-0.13,-43.11,122.07,5.46,-1.1,0.72,1.06,93.08,-35.12,-83.81,0
-0.06,-1.42,0.22,-12.99,117.96,53.41,-0.96,-0.48,0.81,29.3,-52.2,-109.45,0
-0.44,-1.16,0.41,-28.51,114.85,103.75,-0.92,-0.54,0.64,7.56,-50.88,-137.04,0
-0.49,-0.44,0.31,91.65,118.2,105.21,-0.4,-0.69,0.1,-16.89,21.37,-171.95,0
-0.53,0.32,0.17,4.36,83.26,72.68,-0.41,-0.55,0.14,-9.73,27.84,-134.66,0
-0.1,0.0,-0.12,52.99,69.66,-74.33,-0.25,-0.03,0.36,72.32,74.3,-20.91,0
0.83,-0.17,-0.59,-2.41,19.97,-195.82,-0.64,1.08,0.44,146.62,71.16,107.99,0
1.87,-1.13,-0.42,-36.98,-46.52,-204.76,-0.98,1.86,0.27,128.08,29.33,173.41,0
1.57,-1.72,0.12,1.04,-93.69,-136.01,-1.15,1.31,0.38,40.67,16.68,148.32,0
0.95,-1.86,0.54,-52.2,-100.37,-47.47,-1.8,0.8,0.88,-12.77,-9.48,116.65,0
0.19,-1.81,0.78,-28.23,-55.61,31.34,-1.35,0.22,0.85,-52.44,-43.11,81.01,0
-0.23,-1.04,0.66,-26.52,-13.81,126.74,-0.86,-0.51,0.46,-104.36,-25.95,-73.87,0
-0.37,-0.57,0.44,21.49,40.98,146.83,-0.25,-0.67,0.18,-80.09,-18.84,-130.91,0
-0.2,0.04,0.12,51.43,64.82,107.23,-0.42,-0.32,0.24,-38.75,49.36,-145.52,0
0.24,-0.1,-0.25,56.25,62.04,-19.15,-0.51,0.18,0.57,36.07,25.18,-54.36,0
1.07,-0.27,-0.49,3.02,22.96,-155.67,-0.7,1.31,0.44,118.23,66.34,83.51,0
1.6,-0.84,-0.63,-21.19,-38.14,-201.55,-0.68,1.61,0.24,121.65,9.94,161.8,0
1.75,-1.55,-0.12,-44.91,-78.72,-141.19,-1.22,1.65,0.51,54.33,10.7,138.32,0
1.07,-1.87,0.36,-23.45,-53.54,-49.39,-1.26,0.85,0.74,19.79,-12.29,85.03,0
0.55,-1.64,0.44,-53.08,-32.9,52.62,-1.24,0.47,0.71,-36.22,-48.63,27.96,0
0.19,-1.22,0.48,4.45,8.23,136.62,-0.73,-0.1,0.44,-83.96,-20.55,-96.74,0
-0.1,-0.36,0.38,33.23,59.39,171.59,-0.48,-0.4,0.33,-87.62,-23.66,-153.41,0
-0.22,-0.17,0.17,46.77,82.2,158.9,-0.28,-0.42,0.15,-65.91,-12.26,-171.89,0
-0.16,-0.2,-0.09,31.83,63.96,95.4,-0.57,-0.06,0.47,-32.99,7.32,-118.08,0
0.26,-0.29,-0.29,21.59,17.93,-31.13,-0.63,0.47,0.62,17.59,34.76,0.43,0
0.66,-0.54,-0.41,-97.23,-55.46,-99.27,-0.99,0.9,0.62,40.7,27.99,99.33,0
0.87,-1.03,-0.25,43.48,-100.85,-188.2,-0.47,0.74,0.17,51.22,83.32,185.24,0
0.75,-1.59,-0.19,59.3,-172.56,-139.27,-1.52,0.74,0.73,-45.43,91.86,173.87,0
0.51,-1.73,-0.02,112.56,-218.45,-26.13,-1.15,0.42,0.84,-140.12,141.04,146.49,0
0.39,-1.3,-0.01,133.32,-238.26,62.93,-0.84,0.1,0.54,-224.36,81.25,107.84,0
0.45,-0.92,-0.14,163.78,-227.53,98.35,-0.78,0.19,0.63,-244.57,130.7,74.27,0
0.39,-0.88,-0.28,123.05,-211.01,105.82,-0.64,0.2,0.88,-227.68,94.51,62.53,0
0.34,-0.96,-0.36,100.52,-193.02,85.79,-0.46,0.24,0.89,-202.59,82.16,69.48,0
0.25,-0.91,-0.43,91.71,-191.1,71.13,-0.56,0.29,0.9,-190.15,85.52,76.07,0
0.26,-0.92,-0.35,92.59,-190.03,45.06,-0.48,0.23,0.89,-175.46,88.14,88.54,0
0.28,-0.87,-0.31,87.59,-181.31,29.97,-0.57,0.29,0.88,-150.03,87.71,97.07,0
0.26,-0.7,-0.25,74.85,-172.01,5.85,-0.5,0.24,0.74,-131.62,87.87,101.13,0
0.39,-0.69,-0.14,85.24,-156.37,-33.48,-0.52,0.32,0.65,-89.12,101.16,116.19,0
0.58,-0.57,-0.11,55.7,-140.34,-65.61,-0.7,0.54,0.59,-51.65,103.99,121.98,0
1.03,-0.79,-0.0,86.01,-112.8,-105.4,-0.66,0.87,0.41,-20.3,117.35,117.9,0
1.45,-0.84,0.21,60.85,-96.19,-76.59,-1.14,1.29,0.2,-14.18,77.5,102.35,0
1.27,-1.4,0.48,61.86,-66.49,-11.71,-1.07,0.97,0.34,-39.18,63.05,48.99,0
0.62,-1.25,0.57,12.23,-42.62,72.93,-1.28,0.43,0.48,-76.74,38.32,-15.64,0
0.11,-1.03,0.51,6.95,-7.07,145.85,-0.81,-0.15,0.38,-100.58,6.83,-89.18,0
-0.19,-0.57,0.2,44.73,15.0,190.7,-0.34,-0.41,0.24,-131.43,-7.62,-147.2,0
-0.11,0.07,-0.06,96.04,15.43,165.49,-0.17,-0.23,0.04,-123.45,35.7,-142.87,0
0.05,0.06,-0.22,81.4,-21.28,61.16,-0.44,0.16,0.41,-82.35,49.48,-45.95,0
0.74,-0.05,-0.4,46.74,-49.7,-88.35,-0.57,0.92,0.5,14.02,92.16,85.79,0
1.84,-0.47,-0.43,-24.76,-85.43,-202.32,-0.59,1.69,0.19,83.51,17.8,197.1,0
2.02,-0.86,-0.07,-18.63,-126.68,-199.6,-1.15,1.79,-0.05,66.13,25.91,211.4,0
1.97,-1.68,0.69,-30.52,-131.52,-94.05,-1.68,1.49,0.18,8.78,-30.43,163.08,0
1.07,-1.79,1.06,-48.9,-87.04,22.32,-1.69,0.59,0.47,-47.07,-20.76,68.11,0
0.26,-1.26,1.05,6.86,15.85,110.3,-1.11,-0.17,0.35,-56.83,-23.17,-60.03,0
-0.05,-0.68,0.61,36.62,76.34,176.49,-0.48,-0.44,0.08,-88.6,-26.01,-168.69,0
-0.09,-0.26,0.21,72.74,102.29,188.69,-0.4,-0.32,0.21,-96.04,2.9,-217.56,0
-0.04,-0.1,-0.07,60.61,83.14,132.74,-0.52,-0.07,0.38,-64.3,6.52,-165.46,0
0.28,0.01,-0.28,27.53,24.39,-17.23,-0.62,0.51,0.37,12.1,44.48,-12.74,0
1.03,-0.22,-0.33,-18.41,-49.51,-148.02,-0.73,1.14,0.27,66.55,29.24,136.01,0
1.66,-0.65,-0.14,-49.02,-102.26,-201.43,-0.77,1.46,0.14,91.04,29.94,196.77,0
1.93,-1.36,0.25,-22.56,-106.8,-173.35,-1.13,1.58,0.08,71.77,-5.67,180.67,0
1.5,-1.45,0.66,-33.66,-84.15,-81.89,-1.6,1.21,0.36,28.81,-2.96,119.36,0
0.92,-1.65,0.83,-35.67,-42.99,2.77,-1.35,0.58,0.34,-12.74,-6.43,42.53,0
0.24,-1.34,0.81,-20.67,2.77,99.63,-1.07,-0.1,0.38,-54.97,-19.66,-51.86,0
-0.19,-0.75,0.53,13.72,58.08,169.57,-0.55,-0.46,0.21,-84.63,-19.73,-150.0,0
-0.11,-0.29,0.22,83.72,84.91,197.04,-0.24,-0.42,0.04,-101.62,-7.35,-208.38,0
-0.09,-0.06,-0.07,53.69,60.52,156.04,-0.59,-0.1,0.37,-82.84,1.1,-164.42,0
0.34,-0.25,-0.16,47.38,11.16,27.59,-0.61,0.48,0.37,-35.98,45.95,-33.41,0
0.88,-0.22,-0.39,-22.77,-53.45,-89.09,-0.78,1.13,0.43,18.17,54.66,100.34,0
1.4,-0.54,-0.31,-19.3,-90.43,-189.36,-0.76,1.36,0.3,75.52,27.53,181.74,0
1.68,-1.05,-0.0,-43.6,-122.77,-186.55,-1.1,1.48,0.17,63.81,13.29,203.23,0
1.65,-1.44,0.55,-28.69,-87.8,-100.88,-1.2,1.26,0.42,37.87,-15.88,128.96,0
0.99,-1.19,0.52,-24.09,7.87,-35.09,-0.92,0.66,0.49,35.0,-37.9,18.99,0
0.68,-0.68,0.28,-57.9,83.57,-10.64,-0.74,0.46,0.44,67.35,-62.04,-45.76,0
0.63,-0.55,0.11,-83.54,124.27,-11.65,-0.49,0.48,0.31,99.6,-91.77,-73.11,0
0.57,-0.42,0.03,-99.21,145.4,-18.81,-0.59,0.45,0.24,118.17,-95.27,-82.23,0
0.7,-0.44,0.11,-116.98,147.62,-29.51,-0.65,0.54,0.15,129.66,-99.76,-71.01,0
0.74,-0.55,0.15,-142.1,147.26,-21.55,-0.69,0.52,0.11,130.12,-112.59,-70.03,0
0.73,-0.6,0.16,-103.93,163.69,-35.43,-0.77,0.52,0.22,141.13,-99.09,-75.7,0
0.67,-0.68,0.12,-174.88,158.05,-7.96,-0.83,0.55,0.28,124.97,-139.42,-72.59,0
0.6,-0.7,0.14,-136.74,164.3,-4.54,-0.76,0.3,0.19,136.68,-109.27,-88.57,0
0.56,-0.71,0.15,-151.07,162.59,8.87,-0.77,0.41,0.26,126.43,-127.68,-88.75,0
0.53,-0.81,0.09,-117.99,170.79,6.04,-0.84,0.38,0.38,135.67,-106.52,-97.2,0
0.4,-0.84,0.09,-113.51,162.53,-0.3,-0.92,0.28,0.4,132.47,-105.24,-85.64,0
0.38,-0.9,0.07,-79.12,157.44,-12.8,-0.85,0.26,0.45,133.14,-80.21,-81.07,0
0.45,-0.8,-0.01,-94.27,146.4,-21.74,-0.86,0.42,0.42,137.44,-89.21,-63.41,0
0.42,-0.8,-0.11,-73.6,129.63,-40.55,-0.74,0.41,0.47,128.99,-60.85,-48.35,0
0.46,-0.8,-0.22,-111.25,100.64,-49.82,-0.68,0.48,0.47,118.41,-83.05,-15.4,0
0.48,-0.83,-0.24,-42.68,111.83,-58.99,-0.51,0.43,0.58,127.93,-51.37,-26.22,0
0.67,-1.03,-0.32,-84.27,109.76,-45.79,-0.78,0.7,0.73,123.38,-87.87,-23.54,0
0.68,-1.15,-0.34,-86.13,91.74,-33.35,-0.8,0.87,0.72,101.13,-80.7,-15.52,0
0.7,-1.46,-0.11,-47.32,67.1,-3.05,-0.87,0.75,0.66,56.22,-57.93,-28.08,0
0.35,-1.46,0.23,-54.33,65.91,72.29,-1.15,0.33,0.85,16.95,-56.4,-72.65,0
-0.07,-1.15,0.45,0.52,91.01,122.59,-0.8,-0.28,0.48,-22.1,-38.45,-140.88,0
-0.32,-0.62,0.36,13.81,113.6,168.78,-0.69,-0.53,0.4,-25.85,-46.28,-187.96,0
-0.43,-0.04,0.24,70.21,110.58,122.04,-0.4,-0.49,0.13,-38.84,7.44,-184.7,0
-0.41,0.0,-0.01,50.18,60.55,21.25,-0.56,-0.21,0.28,0.73,43.35,-77.41,0
0.19,-0.1,-0.19,38.87,15.58,-115.95,-0.48,0.44,0.35,73.23,69.63,55.15,0
1.32,-0.45,-0.46,9.45,-21.1,-222.32,-0.59,1.32,0.37,129.18,61.25,169.15,0
2.11,-1.18,-0.54,-56.4,-88.9,-228.35,-0.97,2.03,0.25,115.21,-3.26,218.17,0
1.87,-1.68,0.18,-20.43,-129.24,-152.04,-1.48,1.68,0.41,42.9,11.37,190.46,0
1.21,-2.01,0.71,-65.46,-110.64,-54.24,-1.69,0.44,0.83,-10.85,-27.35,86.04,0
0.31,-1.81,0.96,6.31,-12.29,32.87,-1.47,0.11,0.69,-11.25,-48.66,23.2,0
-0.26,-1.1,0.72,-25.85,46.49,148.32,-0.87,-0.57,0.5,-65.55,-52.23,-116.55,0
-0.23,-0.48,0.27,90.55,104.73,192.01,-0.13,-0.63,-0.02,-87.13,7.71,-201.8,0
-0.2,-0.04,0.03,85.76,91.52,172.29,-0.47,-0.37,0.23,-93.81,30.58,-210.0,0
0.13,-0.14,-0.13,80.76,58.02,39.48,-0.51,0.39,0.41,-28.02,76.77,-90.85,0
0.9,-0.04,-0.43,40.18,-0.79,-130.73,-0.76,1.15,0.47,73.35,82.59,75.09,0
1.94,-0.6,-0.73,-65.64,-85.34,-234.12,-0.4,1.82,0.26,137.1,17.2,215.91,0
2.05,-1.54,0.15,-43.32,-112.23,-187.62,-1.26,1.52,0.23,94.6,3.11,188.32,0
1.45,-1.81,0.59,-68.11,-94.15,-79.82,-1.74,1.07,0.68,18.96,-20.27,121.98,0
0.79,-1.71,0.71,-39.3,-39.3,-0.43,-1.32,0.44,0.52,-8.08,-18.87,38.32,0
0.37,-1.32,0.68,-30.55,-6.62,93.81,-0.96,0.1,0.39,-74.02,-18.99,-62.26,0
-0.11,-0.75,0.48,3.2,47.35,145.46,-0.63,-0.33,0.36,-63.84,-22.62,-105.98,0
-0.19,-0.49,0.25,47.87,75.21,167.23,-0.24,-0.48,0.13,-70.43,-16.34,-165.37,0
-0.24,-0.3,0.03,83.2,74.48,155.03,-0.44,-0.33,0.31,-77.32,0.76,-170.95,0
-0.05,-0.35,-0.08,36.77,26.68,90.09,-0.61,0.05,0.48,-66.92,-3.51,-83.96,0
0.39,-0.47,-0.2,9.21,-6.86,-19.51,-0.78,0.54,0.66,3.51,27.26,14.85,0
0.96,-0.71,-0.23,-30.73,-43.96,-126.28,-0.95,1.02,0.51,59.12,31.25,119.24,0
1.0,-0.92,-0.19,-60.91,-103.11,-156.34,-0.87,0.97,0.24,49.09,21.22,171.37,0
0.84,-1.24,0.01,-6.19,-156.04,-129.88,-1.15,0.79,0.38,-3.72,74.76,175.27,0
0.67,-1.78,0.04,67.77,-193.96,-68.35,-1.09,0.49,0.59,-91.34,61.19,160.27,0
0.49,-1.41,0.14,114.63,-201.89,35.4,-1.25,0.31,0.62,-179.94,116.83,91.19,0
0.44,-1.03,0.07,160.7,-191.83,84.18,-0.72,0.15,0.4,-214.18,117.41,53.48,0
0.42,-0.79,-0.08,159.91,-180.7,95.52,-0.73,0.21,0.54,-219.91,116.8,39.94,0
0.37,-0.82,-0.23,123.84,-175.12,85.55,-0.62,0.31,0.72,-195.09,95.91,48.99,0
0.36,-0.9,-0.27,105.82,-168.51,66.46,-0.63,0.32,0.84,-175.03,94.48,57.32,0
0.3,-0.98,-0.28,85.3,-164.54,52.53,-0.58,0.27,0.84,-157.62,77.16,69.63,0
0.33,-1.11,-0.23,87.29,-157.2,49.48,-0.67,0.31,0.86,-150.61,82.38,66.98,0
0.31,-1.15,-0.21,85.76,-147.8,63.23,-0.74,0.31,0.91,-156.95,79.54,48.02,0
0.28,-0.91,-0.18,80.37,-131.74,61.52,-0.6,0.24,0.78,-143.69,68.45,41.8,0
0.29,-0.64,-0.12,84.6,-115.18,28.17,-0.56,0.26,0.62,-112.41,74.36,47.29,0
0.34,-0.46,-0.01,92.53,-108.26,-25.18,-0.56,0.31,0.41,-70.27,95.0,71.65,0
0.64,-0.33,0.04,90.76,-114.33,-85.3,-0.72,0.6,0.27,-23.96,120.46,109.21,0
1.32,-0.84,0.23,93.45,-101.89,-114.51,-0.92,1.1,0.16,5.06,89.79,121.71,0
1.35,-1.12,0.44,6.62,-101.28,-34.85,-1.21,1.1,0.29,-36.62,46.55,87.2,0
0.94,-1.22,0.58,3.23,-60.76,33.96,-1.15,0.64,0.3,-55.85,38.05,26.52,0
0.39,-1.25,0.63,2.29,-35.18,102.56,-1.16,0.14,0.37,-91.04,-8.2,-30.09,0
-0.02,-0.84,0.48,-7.77,-27.23,172.87,-0.76,-0.23,0.17,-133.29,-21.86,-82.29,0
-0.08,-0.52,0.35,62.47,-21.59,203.78,-0.45,-0.39,0.08,-171.49,-17.41,-121.89,0
-0.05,-0.3,0.2,85.46,-24.27,180.03,-0.52,-0.25,0.16,-154.88,23.81,-117.1,0
0.12,-0.18,0.04,91.37,-28.9,66.19,-0.69,0.13,0.51,-88.87,52.5,-42.44,0
0.67,-0.14,-0.29,63.41,-43.32,-93.41,-0.5,0.76,0.44,16.04,75.61,80.7,0
1.48,-0.26,-0.42,-1.31,-83.75,-201.22,-0.74,1.51,0.34,91.59,63.17,177.62,0
2.12,-1.08,0.03,-43.63,-123.2,-205.85,-0.9,1.72,-0.07,79.54,-16.31,218.48,0
1.84,-1.59,0.54,-30.49,-137.29,-92.59,-1.64,1.56,0.19,2.32,0.37,160.95,0
1.27,-1.84,1.1,-72.84,-100.21,15.58,-1.82,0.79,0.59,-44.7,-17.2,86.07,0
0.25,-1.48,1.15,6.59,4.09,106.19,-1.15,-0.27,0.31,-65.95,-7.53,-60.37,0
-0.32,-0.6,0.72,30.98,75.91,170.67,-0.57,-0.75,0.1,-77.5,-12.04,-169.09,0
-0.25,-0.09,0.23,75.95,113.05,173.35,-0.14,-0.57,-0.0,-70.4,-1.19,-217.8,0
-0.11,-0.12,-0.01,55.46,81.65,115.15,-0.68,-0.1,0.32,-39.63,18.41,-156.46,0
0.28,-0.28,-0.11,38.9,11.71,-3.2,-0.88,0.51,0.32,-8.9,46.59,-11.59,0
0.86,-0.63,-0.12,6.25,-62.53,-89.18,-0.88,0.93,0.32,11.52,17.56,105.46,0
1.13,-0.73,0.04,-9.09,-94.97,-106.71,-0.97,1.04,0.19,23.17,45.85,128.96,0
1.23,-1.03,0.2,-27.93,-84.6,-105.79,-0.82,0.9,0.3,25.4,-21.74,127.44,0
1.26,-1.06,0.39,-45.64,-54.18,-70.52,-1.41,1.12,0.44,41.31,-15.18,90.67,0
1.02,-1.09,0.49,-65.67,-6.71,-34.97,-0.88,0.7,0.43,40.82,-57.74,44.57,0
0.64,-0.96,0.44,-99.42,60.64,-17.23,-0.98,0.39,0.52,71.13,-82.62,-10.52,0
0.38,-0.93,0.35,-82.01,122.47,-10.27,-0.69,0.12,0.42,106.43,-86.22,-66.43,0
0.36,-0.87,0.26,-61.52,149.91,2.53,-0.85,0.19,0.39,104.7,-77.53,-98.69,0
0.52,-0.75,0.3,-50.79,166.86,13.17,-0.83,0.31,0.31,99.82,-70.0,-121.68,0
0.62,-0.69,0.25,-73.78,170.18,14.91,-0.91,0.43,0.27,108.84,-75.79,-122.59,0
0.58,-0.67,0.29,-76.4,176.19,9.42,-0.81,0.33,0.26,116.28,-69.97,-125.58,0
0.44,-0.64,0.15,-48.99,192.16,-16.89,-0.81,0.29,0.35,142.59,-54.15,-125.43,0
0.35,-0.64,0.13,-97.62,183.69,-27.59,-0.84,0.18,0.36,156.19,-63.63,-101.19,0
0.38,-0.84,0.14,-52.04,186.22,-51.89,-0.77,0.2,0.34,163.93,-54.97,-90.95,0
0.32,-0.85,0.2,-76.8,168.96,-45.06,-0.95,0.15,0.39,158.54,-52.53,-86.22,0
0.22,-0.88,0.18,-50.12,165.91,-46.01,-0.82,0.1,0.41,152.65,-41.01,-80.55,0
0.23,-0.8,0.14,-78.78,161.71,-37.35,-0.76,0.1,0.44,136.49,-67.2,-74.15,0
0.14,-0.79,0.03,-67.62,156.13,-41.22,-0.73,0.1,0.48,147.16,-52.56,-70.21,0
0.11,-0.89,-0.05,-106.31,138.48,-23.05,-0.71,0.07,0.53,126.22,-80.98,-62.59,0
0.05,-0.86,-0.19,-70.64,116.62,-41.16,-0.76,0.16,0.6,124.6,-50.82,-36.55,0
0.26,-0.99,-0.22,-49.27,78.51,-52.16,-0.64,0.33,0.58,91.37,-55.3,-7.35,0
0.4,-0.87,-0.33,-73.72,58.84,-61.98,-0.84,0.61,0.92,92.16,-42.04,11.92,0
0.59,-1.08,-0.31,-8.26,70.15,-113.41,-0.49,0.58,0.79,128.87,-38.11,33.45,0
0.82,-1.25,-0.3,-95.79,52.99,-80.21,-0.92,0.94,0.85,96.43,-76.98,33.51,0
0.65,-1.3,-0.11,-30.76,47.96,-51.55,-0.71,0.71,0.56,75.82,-43.11,16.52,0
0.61,-1.51,0.12,-24.97,41.52,9.63,-1.03,0.61,0.76,30.09,-41.74,-18.78,0
0.23,-1.52,0.35,-2.53,70.21,81.25,-1.0,0.05,0.91,-27.93,-42.07,-102.16,0
-0.16,-1.02,0.41,31.95,113.41,135.06,-0.66,-0.37,0.55,-38.45,-25.82,-164.18,0
-0.28,-0.44,0.14,91.65,138.41,145.24,-0.32,-0.38,0.42,-39.39,-5.67,-208.2,0
-0.29,0.01,-0.03,56.83,110.73,108.11,-0.47,-0.28,0.29,-34.45,32.5,-188.93,0
-0.05,0.04,-0.16,37.84,49.7,-8.29,-0.38,0.05,0.37,0.27,48.78,-60.12,0
0.53,-0.07,-0.3,26.07,-10.67,-155.49,-0.65,0.78,0.46,105.27,91.68,95.21,0
1.45,-0.56,-0.52,-48.05,-62.2,-237.99,-0.6,1.45,0.52,148.11,8.93,192.9,0
2.06,-1.38,-0.11,-38.63,-93.78,-211.55,-1.23,1.92,0.31,122.56,18.54,190.46,0
1.47,-1.75,0.37,-20.7,-96.28,-97.26,-1.25,1.15,0.43,25.52,-0.27,126.52,0
0.98,-1.79,0.71,-53.69,-97.99,-0.12,-1.66,0.85,0.74,-47.84,9.21,66.31,0
0.32,-1.6,0.82,17.87,-28.26,87.23,-1.44,-0.04,0.31,-71.31,8.17,-20.12,0
-0.17,-1.04,0.66,-9.24,18.93,175.24,-0.73,-0.41,0.38,-117.41,-6.77,-128.23,0
-0.22,-0.39,0.29,85.88,82.96,184.12,-0.3,-0.52,0.15,-81.55,-43.87,-156.25,0
-0.17,-0.11,-0.03,134.97,94.7,126.8,-0.36,-0.3,0.27,-81.19,38.57,-167.87,0
0.16,-0.09,-0.24,90.67,53.96,-1.13,-0.62,0.48,0.79,-4.15,49.57,-52.77,0
0.93,-0.14,-0.47,42.44,-24.66,-150.18,-0.49,1.22,0.36,92.13,78.17,97.87,0
1.6,-0.62,-0.36,-43.84,-122.38,-210.34,-0.84,1.56,0.28,109.3,41.8,208.54,0
1.86,-1.58,0.4,-65.06,-141.62,-134.97,-1.24,1.62,0.36,53.2,1.77,175.91,0
1.11,-1.61,0.68,-26.46,-97.65,-32.32,-1.46,0.87,0.63,-2.38,-6.28,113.81,0
0.66,-1.49,0.71,-29.54,-58.78,42.26,-1.15,0.36,0.53,-79.02,4.27,0.95,0
0.33,-1.24,0.59,-16.77,-16.49,131.31,-0.97,-0.04,0.52,-96.13,-52.13,-22.93,0
-0.06,-0.65,0.44,2.68,34.48,177.47,-0.65,-0.23,0.41,-105.52,-14.36,-122.23,0
-0.1,-0.29,0.26,57.5,84.42,139.94,-0.26,-0.36,0.24,-73.69,-10.46,-156.22,0
-0.0,-0.17,0.03,-1.34,89.21,80.37,-0.65,-0.02,0.5,-3.75,14.45,-126.28,0
0.37,-0.37,-0.12,30.37,80.64,-26.8,-0.53,0.47,0.41,50.06,14.36,-54.27,0
0.71,-0.43,-0.24,-75.76,25.85,-97.35,-0.85,0.86,0.57,90.55,5.15,36.52,0
1.1,-0.74,-0.21,-51.04,-11.49,-165.21,-0.65,1.11,0.21,126.98,31.34,117.16,0
0.96,-1.05,-0.18,-27.53,-62.68,-169.09,-0.62,1.06,0.28,54.51,35.7,131.19,0
0.75,-1.38,0.0,-0.24,-100.52,-107.23,-1.28,0.81,0.71,10.15,74.94,116.83,0
0.55,-1.49,0.17,86.98,-118.02,-49.18,-0.88,0.41,0.48,-49.79,66.43,98.48,0
0.4,-1.24,0.18,100.46,-139.66,24.6,-1.05,0.29,0.47,-132.84,79.85,59.6,0
0.43,-0.97,0.08,150.98,-147.74,63.48,-0.79,0.27,0.43,-167.56,120.55,44.15,0
0.49,-0.82,0.0,166.68,-150.73,78.69,-0.76,0.31,0.49,-180.91,114.91,37.44,0
0.51,-0.8,-0.1,147.47,-143.81,78.51,-0.74,0.43,0.68,-168.87,114.51,36.77,0
0.52,-0.82,-0.12,111.28,-142.59,67.71,-0.65,0.42,0.66,-159.18,87.71,49.36,0
0.47,-0.81,-0.13,92.26,-144.27,56.89,-0.63,0.42,0.63,-145.27,87.53,58.32,0
0.51,-0.89,-0.09,92.71,-141.55,47.29,-0.62,0.45,0.68,-134.48,86.1,63.72,0
0.43,-0.84,-0.13,94.85,-132.01,41.1,-0.58,0.39,0.67,-125.03,92.68,56.59,0
0.37,-0.87,-0.08,87.44,-127.71,24.05,-0.61,0.36,0.72,-109.39,92.16,62.62,0
0.46,-0.97,0.01,89.6,-114.42,14.91,-0.77,0.44,0.72,-95.85,93.96,55.88,0
0.41,-0.84,0.01,67.07,-106.1,14.7,-0.68,0.37,0.61,-89.66,81.59,51.34,0
0.42,-0.71,-0.02,74.57,-101.34,-2.65,-0.64,0.39,0.55,-75.21,93.41,56.28,0
0.58,-0.74,0.0,83.6,-94.21,-26.07,-0.68,0.54,0.49,-54.63,94.66,64.05,0
0.84,-0.82,0.11,78.35,-86.07,-26.1,-0.75,0.73,0.36,-48.14,96.31,57.59,0
1.03,-0.93,0.23,54.33,-73.32,-8.87,-1.07,0.91,0.39,-46.62,68.72,46.34,0
1.03,-1.14,0.38,38.72,-61.74,37.29,-1.02,0.81,0.22,-71.25,41.98,18.02,0
0.68,-1.14,0.46,-4.91,-60.12,100.91,-1.19,0.46,0.31,-104.76,22.77,-14.76,0
0.26,-0.99,0.44,60.03,-31.59,133.6,-0.82,-0.03,0.32,-121.86,25.49,-65.88,0
0.05,-0.63,0.35,64.18,-8.2,153.41,-0.67,-0.19,0.34,-123.96,13.93,-102.44,0
-0.07,-0.21,0.2,66.07,18.93,124.94,-0.44,-0.2,0.2,-87.41,14.6,-104.3,0
0.01,-0.21,-0.02,13.41,-15.91,75.91,-0.51,0.04,0.18,-74.79,2.38,-47.93,0
0.41,0.01,-0.31,73.41,-43.54,-55.24,-0.39,0.57,0.29,-7.59,84.45,52.87,0
1.13,-0.18,-0.45,11.71,-101.04,-162.38,-0.51,1.19,0.23,37.47,47.2,166.98,0
1.79,-0.55,-0.13,-17.41,-140.21,-184.66,-0.95,1.61,0.05,48.17,61.37,205.58,0
1.95,-1.21,0.3,-22.77,-144.36,-127.13,-1.02,1.54,0.08,8.51,5.27,180.73,0
1.58,-1.41,0.6,-38.14,-106.52,-42.93,-1.45,1.22,0.23,-24.66,-1.98,113.78,0
1.12,-1.78,0.84,-30.88,-57.35,44.73,-1.48,0.73,0.4,-53.72,-35.0,33.14,0
0.28,-1.1,0.82,40.82,20.3,121.34,-1.01,-0.12,0.33,-72.23,2.41,-89.33,0
-0.03,-0.49,0.54,46.89,81.86,164.48,-0.5,-0.42,0.1,-72.23,-16.62,-171.92,0
-0.09,-0.17,0.15,74.76,107.96,146.83,-0.37,-0.32,0.12,-52.93,20.03,-195.61,0
0.08,-0.21,-0.05,53.45,74.7,65.12,-0.71,0.15,0.33,-16.22,15.7,-107.1,0
0.54,-0.16,-0.29,15.15,4.27,-50.98,-0.69,0.75,0.28,32.74,39.42,21.01,0
1.27,-0.39,-0.35,-21.37,-59.76,-141.68,-0.52,1.28,0.07,57.59,22.47,128.57,0
1.67,-0.8,-0.12,-46.04,-88.38,-136.52,-0.93,1.53,0.17,49.97,-7.9,141.1,0
1.63,-1.15,0.31,-32.44,-76.62,-85.03,-1.2,1.4,0.19,32.5,-3.35,112.5,0
1.15,-1.49,0.63,-44.24,-36.98,-19.33,-1.25,0.8,0.31,11.37,-43.66,58.17,0
0.44,-1.43,0.69,-55.85,-14.63,66.31,-1.36,0.28,0.56,-45.67,-37.71,-18.23,0
-0.03,-0.96,0.63,8.48,39.18,116.28,-0.8,-0.3,0.34,-48.99,-6.77,-97.13,0
-0.14,-0.56,0.44,21.55,58.99,140.3,-0.58,-0.34,0.14,-67.62,-25.12,-137.1,0
-0.06,-0.37,0.21,45.67,55.09,120.49,-0.52,-0.19,0.14,-54.97,10.79,-137.5,0
0.04,-0.31,-0.01,61.59,22.2,41.74,-0.67,0.11,0.32,-33.9,37.04,-62.1,0
0.44,-0.46,-0.14,12.96,-27.44,-37.53,-0.81,0.59,0.44,-3.11,49.88,32.04,0
0.85,-0.58,-0.16,23.66,-52.74,-105.21,-0.58,0.85,0.27,20.91,47.96,87.77,0
1.05,-0.44,-0.14,-52.5,-88.41,-116.8,-0.88,1.04,0.27,25.88,28.51,126.92,0
1.31,-0.73,0.08,53.66,-77.16,-138.29,-0.55,1.05,-0.02,31.31,45.88,123.6,0
1.46,-1.04,0.23,-55.73,-76.55,-56.25,-1.23,1.18,0.29,9.3,-33.14,90.98,0
1.09,-1.01,0.43,-8.9,-20.64,-12.2,-0.88,0.77,0.3,4.82,-14.27,31.34,0
0.91,-0.91,0.43,-24.33,38.87,14.91,-0.93,0.63,0.32,24.09,-62.9,-19.76,0
0.77,-0.67,0.28,-48.69,90.61,26.1,-0.81,0.52,0.33,65.7,-65.09,-59.33,0
0.69,-0.65,0.2,-70.82,121.59,21.4,-0.66,0.45,0.24,94.05,-77.16,-83.2,0
0.67,-0.55,0.17,-88.29,147.38,16.31,-0.72,0.33,0.27,115.43,-83.96,-94.94,0
0.6,-0.57,0.14,-100.06,158.96,6.92,-0.65,0.28,0.17,119.94,-91.62,-93.48,0
0.55,-0.53,0.13,-120.15,170.52,-6.43,-0.67,0.29,0.26,139.36,-100.27,-84.39,0
0.55,-0.7,0.01,-123.05,174.09,-11.92,-0.74,0.44,0.29,131.13,-98.66,-82.01,0
0.53,-0.8,0.01,-118.81,177.01,-13.48,-0.81,0.38,0.42,141.28,-104.54,-82.1,0
0.53,-0.85,0.04,-94.36,178.23,-19.73,-0.82,0.38,0.35,149.48,-84.54,-79.3,0
0.41,-0.91,0.11,-98.93,179.85,-5.3,-0.87,0.19,0.38,153.75,-87.01,-99.05,0
0.24,-0.8,0.08,-91.19,181.07,-9.94,-0.88,0.16,0.43,144.12,-74.85,-94.21,0
0.28,-0.87,0.06,-65.34,175.4,-19.54,-0.83,0.15,0.37,142.38,-69.97,-89.39,0
0.23,-0.84,0.02,-79.66,154.79,-16.25,-0.88,0.22,0.42,128.51,-76.74,-76.86,0
0.27,-0.83,-0.06,-65.37,139.15,-37.65,-0.86,0.29,0.5,121.98,-81.52,-50.52,0
0.36,-0.84,-0.14,-80.52,112.96,-59.85,-0.72,0.37,0.46,130.4,-77.87,-28.6,0
0.45,-0.82,-0.28,-95.09,90.0,-59.18,-0.47,0.41,0.52,121.74,-68.2,-9.39,0
0.62,-1.01,-0.46,-12.32,95.88,-94.66,-0.55,0.63,0.8,137.1,-31.83,-3.02,0
0.85,-1.47,-0.4,-126.74,83.96,-43.69,-0.89,0.99,0.95,132.41,-80.06,-12.96,0
0.59,-1.5,-0.1,-58.6,94.09,-0.49,-1.04,0.65,0.8,98.78,-53.48,-35.12,0
0.25,-1.55,0.16,-46.65,102.23,66.92,-0.82,0.02,0.76,17.59,-99.6,-83.84,0
-0.12,-1.0,0.36,4.6,121.68,126.28,-0.87,-0.24,0.59,-1.77,-21.62,-168.14,0
-0.28,-0.7,0.42,21.83,118.02,162.5,-0.45,-0.57,0.13,-32.84,-54.7,-182.9,0
-0.36,-0.03,0.25,56.37,106.8,129.45,-0.37,-0.51,-0.02,-20.34,42.44,-178.32,0
-0.22,0.06,0.12,26.13,66.62,21.43,-0.54,-0.28,0.1,17.93,35.46,-83.02,0
0.18,-0.15,-0.35,18.72,22.04,-118.32,-0.5,0.39,0.44,70.15,55.15,51.95,0
1.13,-0.71,-0.75,29.88,-34.7,-233.14,-0.63,1.26,0.66,115.88,66.74,172.5,0
1.9,-1.44,-0.23,-10.12,-96.01,-183.45,-1.23,1.78,0.49,74.85,31.92,174.24,0
1.49,-1.7,0.29,-29.3,-98.9,-80.18,-1.35,1.21,0.45,5.37,5.24,128.41,0
1.04,-1.68,0.55,-79.12,-74.51,1.22,-1.48,0.72,0.64,-19.66,-49.51,80.43,0
0.3,-1.52,0.56,-25.09,-34.51,53.14,-1.02,0.11,0.48,-49.63,-41.34,-4.94,0
-0.04,-1.1,0.47,-23.14,-19.15,121.22,-1.13,-0.67,0.42,-79.12,-66.74,-1.86,0
-0.17,-0.7,0.38,93.41,37.99,125.21,-0.42,-0.51,0.31,-63.96,22.47,-118.14,0
-0.21,-0.31,0.27,89.76,75.76,104.09,-0.52,-0.34,0.3,-47.29,26.01,-135.18,0
-0.11,-0.2,0.04,46.37,78.08,40.15,-0.48,-0.05,0.49,-6.43,56.77,-106.07,0
0.35,-0.14,-0.23,25.24,65.3,-78.84,-0.53,0.46,0.46,82.87,41.07,-6.1,0
0.94,-0.5,-0.6,-27.41,13.41,-176.25,-0.66,1.1,0.54,130.58,-0.03,98.78,0
1.57,-0.98,-0.45,-73.35,-78.87,-174.09,-1.18,1.78,0.39,93.51,44.91,171.49,0
1.6,-1.71,0.21,50.88,-87.38,-98.54,-0.8,1.27,0.2,19.09,10.43,114.73,0
0.98,-1.54,0.46,-27.35,-89.66,9.97,-1.51,0.76,0.57,-49.97,-32.8,77.59,0
0.42,-1.49,0.62,-7.2,-47.23,84.63,-1.23,0.23,0.56,-77.62,-7.56,-2.71,0
0.07,-1.11,0.61,-9.42,-23.57,155.34,-0.87,-0.22,0.37,-122.71,-34.39,-70.7,0
-0.18,-0.82,0.51,25.7,15.4,176.62,-0.72,-0.48,0.47,-113.51,-22.71,-119.51,0
-0.09,-0.34,0.36,44.91,59.09,138.08,-0.45,-0.34,0.34,-73.9,8.54,-150.0,0
-0.01,-0.15,0.14,30.91,83.6,62.59,-0.53,-0.1,0.37,-2.16,28.87,-121.13,0
0.28,-0.43,-0.17,20.43,73.14,-29.73,-0.57,0.35,0.42,62.44,36.4,-44.82,0
0.59,-0.44,-0.38,27.87,48.9,-126.62,-0.69,0.76,0.64,110.18,57.68,37.13,0
0.76,-0.94,-0.43,-122.74,-20.27,-140.88,-0.96,0.94,0.49,97.01,-17.2,116.37,0
0.7,-1.18,-0.13,-5.64,-79.54,-169.63,-0.78,0.62,0.26,57.53,33.66,162.56,0
0.53,-1.59,-0.1,-18.41,-158.9,-109.24,-1.48,0.58,0.74,-32.23,31.37,171.13,0
0.49,-1.6,0.22,110.7,-181.01,-41.74,-1.06,0.24,0.51,-105.43,114.27,134.48,0
0.28,-1.15,0.09,132.1,-197.68,30.15,-1.0,0.1,0.5,-176.19,100.15,87.59,0
0.44,-0.93,-0.0,155.82,-192.16,57.35,-0.75,0.19,0.52,-196.74,127.56,62.77,0
0.37,-0.88,-0.28,147.29,-171.49,72.04,-0.58,0.28,0.75,-192.87,110.43,38.35,0
0.39,-0.85,-0.3,109.42,-153.54,76.19,-0.48,0.3,0.78,-178.17,76.52,37.01,0
0.33,-0.86,-0.32,103.45,-137.1,60.15,-0.61,0.34,0.87,-149.36,79.73,38.32,0
0.41,-0.84,-0.26,97.16,-138.78,30.52,-0.59,0.43,0.67,-133.81,83.29,60.46,0
0.4,-0.74,-0.17,101.55,-145.06,-1.46,-0.69,0.38,0.65,-108.6,101.74,82.41,0
0.53,-0.77,-0.14,134.02,-149.91,-49.27,-0.65,0.48,0.55,-92.38,136.77,107.38,0
0.9,-0.95,0.02,113.84,-144.18,-39.33,-0.94,0.8,0.55,-79.33,129.21,100.03,0
1.13,-1.12,0.21,82.04,-127.01,3.96,-1.03,0.91,0.41,-98.41,93.72,73.11,0
0.88,-1.4,0.24,54.15,-119.97,71.28,-1.2,0.7,0.51,-134.05,65.58,32.8,0
