-0.24,-0.53,0.71,8.02,-7.26,-11.92,-0.24,0.74,0.62,11.55,-9.85,5.37,2
-0.2,-0.55,0.79,0.61,-7.93,-9.85,-0.24,0.73,0.61,3.17,-6.98,7.47,2
-0.18,-0.5,0.78,4.15,-2.65,-10.43,-0.2,0.8,0.61,4.6,-8.75,2.29,2
-0.16,-0.56,0.81,-5.06,-2.5,-5.67,-0.2,0.76,0.6,6.71,-5.52,-2.2,2
-0.19,-0.51,0.75,1.46,-0.58,-7.1,-0.19,0.78,0.61,6.62,-5.0,-3.51,2
-0.16,-0.55,0.77,-1.16,-2.32,-5.85,-0.21,0.75,0.61,6.22,-5.85,-0.76,2
-0.19,-0.5,0.73,-2.53,-2.38,-5.58,-0.21,0.76,0.58,-0.79,-5.55,3.38,2
-0.15,-0.53,0.76,-2.5,0.4,-3.32,-0.18,0.75,0.57,-2.65,-2.87,-1.13,2
-0.14,-0.58,0.77,8.6,1.71,2.1,-0.15,0.78,0.6,-4.39,4.21,-0.43,2
-0.13,-0.6,0.86,-10.34,-3.45,32.16,-0.14,0.82,0.55,-13.05,26.65,0.61,2
-0.07,-0.37,1.13,-22.2,26.16,60.46,-0.28,0.8,0.54,-13.78,41.77,-34.24,2
0.03,-0.23,1.04,-66.13,116.43,41.86,-0.32,0.76,0.49,-12.32,15.49,-136.62,2
-0.15,-0.34,0.64,-100.37,224.09,-18.11,-0.47,0.68,0.61,-35.34,-53.54,-223.78,2
-0.17,-0.56,0.46,-48.78,242.07,-40.34,-0.5,0.47,0.49,-33.78,-88.26,-201.95,2
-0.55,-0.63,0.02,-92.9,221.19,-17.65,-0.5,0.48,0.79,18.54,-94.12,-207.32,2
-0.46,-0.73,-0.28,-140.0,172.56,16.07,-0.29,0.4,0.71,-75.15,-86.95,-163.51,2
-0.75,-0.78,-0.8,1.83,90.95,-23.26,-0.29,0.11,0.86,-17.38,-50.98,-59.82,2
-0.86,-0.98,-0.77,55.12,-3.96,-38.99,-0.36,0.07,1.21,43.38,-13.84,30.49,2
-0.81,-0.99,-0.63,89.21,-72.35,-14.7,-0.41,0.05,1.11,-26.13,28.72,108.93,2
-0.57,-1.19,-0.3,135.61,-156.16,44.97,-0.35,0.34,0.98,-44.3,112.93,186.59,2
-0.3,-0.85,0.44,46.34,-244.21,151.52,-0.49,0.57,0.76,-90.79,175.21,233.78,2
-0.33,0.17,1.43,-69.33,-233.02,168.99,-1.06,0.54,0.45,-42.1,104.73,182.23,2
0.19,1.0,1.08,-93.51,-52.26,91.59,-0.08,0.28,0.17,146.52,6.77,-48.2,2
-0.56,-0.64,0.36,-140.18,229.15,-61.52,-1.18,0.01,0.47,-108.17,-65.58,-252.53,2
-1.14,-0.52,-0.38,11.37,209.51,-93.38,-0.75,0.1,0.97,121.19,-113.35,-165.64,2
-0.78,-0.74,-0.37,7.38,110.06,-61.65,-0.46,-0.08,0.66,-30.24,-75.24,-49.91,2
-0.87,-1.67,-1.12,92.16,-28.2,-38.29,0.02,0.21,1.25,36.68,-20.79,56.95,2
-0.6,-1.2,-0.6,56.13,-246.71,93.96,-0.53,0.49,0.86,-146.74,151.25,305.88,2
-0.0,-0.43,0.85,-45.37,-356.55,191.19,-0.58,0.67,0.56,-103.02,144.39,378.05,2
-0.31,-0.56,1.29,-14.45,-312.29,125.4,-1.07,0.62,0.34,59.79,97.71,183.48,2
1.72,0.97,1.29,-21.07,-304.51,97.04,1.4,0.75,0.04,201.4,-26.95,194.85,2
-0.05,-0.72,1.98,-18.05,83.81,-44.97,-1.09,0.92,0.59,-93.48,-45.58,-21.37,2
-0.38,-0.71,0.81,66.65,92.99,-69.33,-0.48,0.84,0.51,126.04,2.44,-133.87,2
-0.3,-0.29,0.56,72.99,63.32,-21.46,-0.24,0.64,0.43,24.12,-4.48,-58.57,2
-0.31,-0.34,0.81,45.06,56.8,-13.11,-0.48,0.71,0.43,63.32,-12.41,-72.44,2
-0.2,-0.35,0.98,30.98,68.05,-2.68,-0.49,0.7,0.46,42.1,-10.61,-92.13,2
-0.0,0.1,1.34,10.09,155.34,-18.29,-0.68,0.76,0.21,61.83,-35.43,-183.45,2
-0.22,-0.18,0.57,-16.95,288.35,-76.37,-0.73,0.54,0.25,40.09,-90.52,-302.71,2
-0.65,-0.11,-0.2,106.71,271.71,-139.05,-0.78,0.22,0.29,112.23,-130.76,-253.93,2
-0.91,-0.34,-0.53,-48.99,152.26,-123.05,-0.64,0.1,0.74,29.45,-136.71,-94.57,2
-0.64,-0.47,-0.42,-2.23,91.13,-134.15,-0.48,-0.24,0.64,14.6,-115.27,-13.66,2
-0.64,-1.72,-1.04,112.07,-35.61,-76.46,0.15,-0.02,1.2,51.89,-34.54,50.4,2
-0.79,-1.27,-0.3,42.04,-205.79,63.72,-0.66,0.47,1.05,-50.91,71.77,210.61,2
-0.47,-0.78,0.32,-102.04,-345.52,183.99,-0.75,0.7,0.5,-98.66,166.8,323.63,2
-0.29,-1.43,0.84,100.82,-230.85,238.6,-0.97,0.8,0.66,-91.52,225.09,103.54,2
1.33,0.59,2.88,-142.41,8.2,143.08,-0.3,1.58,0.61,111.37,103.26,-42.74,2
0.3,-0.33,1.05,26.4,334.88,-10.52,-0.7,0.43,-0.0,29.97,-40.09,-374.88,2
-0.32,-0.08,-0.62,83.54,414.39,-106.34,-0.55,0.16,0.23,283.11,-181.65,-375.46,2
-1.3,-0.68,-1.61,68.48,206.74,-99.51,-0.22,-0.19,0.92,113.72,-146.98,-148.35,2
-0.55,-0.09,0.29,-45.24,122.93,-80.12,-1.38,-0.11,0.65,-22.32,-110.61,-55.88,2
-0.59,-0.63,-1.2,3.87,124.73,-85.49,0.47,-0.26,0.58,34.51,-121.37,-79.15,2
-0.63,-1.12,-0.75,16.74,-24.6,-18.93,0.05,0.05,1.68,36.1,44.6,10.58,2
-0.79,-0.58,-0.11,56.07,22.41,5.43,-0.74,-0.34,0.74,-5.43,-5.64,3.72,2
-0.75,-0.7,-0.13,24.33,51.65,-2.53,-0.73,0.11,1.04,13.48,-40.0,-43.08,2
-0.85,-0.71,-0.51,-129.36,-9.24,54.15,-0.49,-0.05,0.86,-98.48,87.26,-64.18,2
-0.94,-0.26,-0.56,111.28,11.92,-28.96,-0.57,-0.42,0.72,49.45,-5.3,19.05,2
-0.9,-0.41,-0.31,56.83,-4.79,-45.85,-0.73,-0.3,0.87,23.23,-56.92,41.31,2
-0.85,-0.78,-0.44,-75.61,-18.51,-28.48,-0.6,-0.15,1.04,12.5,-57.8,22.1,2
-0.86,-0.98,-0.72,-19.94,-49.15,-6.01,-0.58,-0.29,0.95,-6.16,-5.79,56.77,2
-0.76,-0.93,-0.87,85.3,-108.96,8.29,-0.41,-0.14,1.08,-84.6,74.18,152.96,2
-0.47,-1.02,-0.42,-7.1,-218.9,101.25,-0.29,0.29,0.83,-125.34,155.49,239.63,2
-0.41,-0.55,-0.03,-99.88,-364.09,153.57,-0.58,0.3,0.53,-159.91,198.81,315.79,2
-0.01,-0.14,1.61,-130.88,-292.9,109.54,-1.07,0.36,0.22,-3.11,24.6,249.85,2
1.12,1.19,1.86,-105.12,-148.48,29.82,-0.32,0.82,0.29,158.14,-88.02,-44.63,2
-0.31,-0.74,0.32,-77.1,368.45,-106.28,-1.1,-0.16,0.53,47.2,-165.0,-281.74,2
-1.14,-0.96,-1.07,70.76,264.85,-123.69,-0.46,0.0,1.1,171.16,-212.84,-187.01,2
-0.96,-0.33,-0.06,-99.48,138.08,-33.32,-1.03,-0.24,0.64,-29.76,-96.89,-90.21,2
-0.59,-1.47,-0.95,-25.24,111.25,21.4,0.12,0.32,1.02,37.13,-46.46,-112.23,2
-1.07,-0.98,-1.15,54.63,-126.34,27.77,-0.6,-0.06,1.15,-47.96,110.95,131.95,2
-0.64,-0.91,-0.06,40.09,-179.88,97.38,-0.55,0.49,0.93,-98.05,189.85,162.47,2
-0.88,-0.14,0.88,-98.75,-293.14,173.2,-1.04,0.33,0.1,-260.06,324.51,192.32,2
-0.96,-0.63,0.31,82.77,-364.97,161.68,-1.12,0.26,0.16,22.16,208.75,106.68,2
1.0,-0.44,1.75,-225.03,132.53,60.12,-1.13,0.58,0.09,92.65,46.04,-105.15,2
-1.3,-0.1,0.0,45.12,102.5,43.17,-0.75,0.19,0.26,25.21,31.4,-54.6,2
-0.92,-0.05,0.19,-38.57,-49.82,18.32,-0.77,0.26,0.14,42.04,40.82,-3.54,2
-0.56,0.03,0.61,-22.07,-62.77,3.45,-0.9,0.22,0.01,-6.62,29.73,19.15,2
-0.76,-0.1,0.38,-31.95,10.06,-21.25,-0.86,0.26,0.05,12.23,-31.86,16.31,2
-0.71,-0.44,0.47,15.55,-17.9,-20.67,-0.93,0.28,0.07,-18.2,3.29,36.37,2
-0.85,-0.12,0.28,0.43,-65.85,-24.09,-0.85,0.31,0.11,-63.17,15.55,78.08,2
-0.7,-0.16,0.29,-95.98,-125.12,-20.95,-0.84,0.41,0.05,-127.47,12.44,143.66,2
-0.05,-0.47,1.59,40.03,-18.2,-3.11,-0.87,0.69,-0.07,-6.4,-12.07,36.65,2
0.12,-0.45,1.36,100.34,205.55,-64.42,-0.86,0.75,-0.04,159.97,-168.35,-167.01,2
-0.3,-0.59,0.51,140.24,286.1,-113.51,-0.9,0.51,0.24,136.86,-211.37,-182.5,2
-0.71,-0.12,-0.11,155.58,258.9,-158.99,-0.79,0.0,0.33,112.32,-217.1,-152.71,2
-0.64,-0.59,-0.01,-48.84,166.95,-123.99,-0.76,0.31,0.63,69.51,-164.12,-36.74,2
-0.54,-0.54,-0.64,-9.63,156.46,-118.6,-0.58,-0.0,0.24,-23.54,-176.68,-31.16,2
-0.58,-1.48,-1.43,118.29,-6.95,-128.87,0.46,0.04,1.36,64.7,-57.29,60.67,2
-0.61,-1.39,-0.49,48.29,-170.34,3.93,-0.58,0.48,0.98,-49.15,51.13,186.95,2
-0.51,-1.1,0.2,52.29,-301.28,113.14,-0.6,0.27,0.82,-99.76,153.75,269.91,2
-0.2,-0.92,1.24,-47.16,-265.73,191.19,-0.99,0.87,0.5,-97.93,191.43,196.16,2
0.29,1.27,2.86,64.82,-112.16,145.49,-0.41,0.96,-0.13,114.63,157.16,-35.7,2
0.63,-0.06,1.41,-66.37,294.54,-0.91,-0.87,0.58,-0.13,-33.57,20.55,-391.31,2
-0.15,-0.3,-0.24,91.77,455.34,-59.3,-0.67,0.37,0.18,334.66,-187.8,-399.91,2
-1.24,0.24,-1.27,71.8,296.31,-143.17,-0.59,-0.05,0.8,171.62,-212.74,-203.69,2
-0.39,-1.01,-0.27,-83.72,201.34,-88.11,-1.0,-0.57,0.92,-84.66,-134.97,-20.12,2
0.34,-0.71,-1.53,-155.64,176.1,-68.6,0.68,0.29,0.55,49.57,-150.18,-101.98,2
-0.49,-1.21,-1.62,106.62,-5.03,-57.01,-0.24,-0.7,1.32,-10.55,-29.85,40.0,2
-0.7,-0.77,-0.36,68.02,-10.58,-33.66,-0.46,0.11,1.13,58.11,-14.85,20.79,2
-0.73,-0.79,-0.21,-8.6,7.1,-12.56,-0.69,-0.12,0.92,-8.87,-28.63,-0.4,2
-0.8,-0.66,-0.6,-40.12,23.93,-11.22,-0.54,-0.17,1.07,-13.05,-31.52,-24.54,2
-0.67,-0.73,-0.67,-3.08,-4.85,-29.33,-0.27,-0.06,1.06,8.99,-25.82,31.8,2
-0.53,-0.92,-0.71,-21.19,-30.52,-17.1,-0.28,-0.14,1.14,-8.54,-0.82,44.63,2
-0.57,-0.92,-0.78,-6.13,-31.34,1.68,-0.33,-0.26,1.18,-11.49,13.05,26.16,2
-0.49,-1.12,-1.09,11.65,-77.26,29.79,-0.07,-0.1,1.19,-4.15,63.6,61.28,2
-0.3,-1.32,-1.14,42.01,-179.05,67.99,-0.04,0.22,1.23,-1.46,131.25,143.81,2
-0.12,-0.91,-0.57,71.25,-268.72,122.87,-0.2,0.24,0.83,-60.79,198.75,216.86,2
-0.06,-0.42,0.25,-22.41,-344.82,173.08,-0.53,0.4,0.43,-127.74,270.52,273.05,2
0.4,-1.25,1.6,33.87,-205.21,169.33,-0.88,0.43,-0.13,-99.63,256.83,93.38,2
0.57,1.11,1.45,-132.74,-29.42,70.76,-0.45,0.76,0.27,59.6,50.52,-100.61,2
-0.49,-0.44,0.29,-152.59,275.76,-99.91,-1.2,-0.08,0.18,172.99,-273.69,-219.3,2
-0.86,-0.39,-0.32,73.23,267.87,-171.37,-0.9,0.19,0.76,175.91,-257.8,-124.73,2
-0.89,-0.38,-0.51,4.94,170.37,-193.72,-0.75,-0.05,0.58,46.37,-180.46,37.04,2
-0.17,-1.21,-0.82,-215.88,116.68,-121.07,-0.45,0.27,1.11,43.02,-152.35,7.47,2
-0.15,-1.61,-2.56,16.68,-17.68,-57.87,1.03,-0.74,1.41,29.51,-16.74,108.05,2
-0.42,-1.66,-1.38,241.71,-160.18,29.3,-0.24,0.34,1.42,57.32,153.57,97.99,2
-0.19,-1.18,-0.58,172.2,-242.41,152.99,-0.38,0.68,0.94,-54.82,211.22,196.89,2
0.42,-0.34,1.4,13.57,-365.52,267.26,-0.88,1.43,-0.18,-204.12,377.41,332.35,2
-0.0,-2.0,0.23,188.38,-224.21,209.18,-1.52,0.99,-0.32,-17.41,432.41,-35.91,2
0.52,1.33,0.22,-330.55,-155.85,149.27,-0.81,1.29,0.52,-311.92,227.62,181.74,2
-0.23,-0.5,0.9,126.46,82.8,-25.64,-0.55,0.7,0.35,49.09,-14.15,33.32,2
-0.43,-0.2,0.6,54.6,12.93,-12.99,-0.52,0.55,0.04,52.62,-6.65,-28.38,2
-0.4,-0.37,0.71,-22.01,-62.29,9.91,-0.6,0.76,0.15,-19.48,6.77,60.73,2
-0.31,-0.19,1.08,4.97,-26.59,2.44,-0.76,0.75,0.14,12.13,1.92,12.23,2
-0.37,-0.28,0.73,19.6,19.79,-7.68,-0.59,0.68,0.18,9.76,-2.44,-13.75,2
-0.42,-0.2,0.81,-10.34,10.85,2.26,-0.67,0.69,0.11,-2.59,-1.04,-6.89,2
-0.36,-0.15,0.83,0.3,8.23,7.8,-0.62,0.69,0.15,4.85,-3.02,-8.26,2
-0.3,-0.15,0.95,-24.6,32.32,-15.06,-0.64,0.78,0.1,37.8,-33.75,-42.62,2
-0.11,0.09,1.4,-25.95,91.92,-42.96,-0.68,0.82,-0.06,109.54,-113.26,-92.04,2
0.25,-0.54,1.14,67.41,252.65,-112.2,-0.76,0.67,0.01,152.71,-230.61,-238.29,2
-0.69,-0.14,-0.04,10.73,277.35,-154.94,-0.64,0.41,0.54,109.24,-218.87,-201.55,2
-0.8,-0.58,-0.27,-50.88,206.92,-130.09,-0.66,0.01,0.62,19.57,-190.06,-85.98,2
-0.69,-0.46,-0.78,-36.86,123.66,-99.82,-0.82,-0.17,0.36,-9.6,-161.31,13.29,2
-0.61,-1.99,-1.28,98.72,-75.46,-70.55,0.34,0.36,1.35,40.06,-5.7,85.88,2
-0.54,-1.35,0.12,53.69,-215.3,75.58,-0.69,0.77,0.87,-60.12,103.32,218.99,2
-0.67,-0.44,0.84,-80.55,-347.62,192.77,-1.34,1.01,0.1,-179.82,254.97,260.18,2
0.75,1.0,1.33,225.43,-197.9,306.65,-0.39,0.47,0.08,59.7,281.49,51.4,2
0.55,-0.03,1.83,-183.96,67.16,124.73,-1.09,0.83,0.22,-218.63,229.39,-84.05,2
-0.09,0.09,0.91,21.83,242.53,16.46,-0.54,0.51,-0.05,213.26,-142.8,-226.22,2
-0.02,-0.17,0.43,148.81,366.46,-130.3,-0.99,0.27,0.22,176.01,-197.93,-311.01,2
-1.51,-0.02,-1.55,-61.31,193.17,-183.51,-1.11,-0.22,0.54,39.54,-304.54,-17.84,2
-0.57,-1.21,0.05,-21.07,73.69,-141.71,-0.64,-0.61,1.04,81.8,-113.84,52.99,2
-0.02,-0.94,-0.2,-117.47,154.27,-11.07,-0.23,0.59,0.33,-129.05,-122.77,-95.21,2
-0.43,-1.62,-0.94,12.35,73.96,-4.15,-0.15,-0.09,1.44,51.89,-48.48,-44.18,2
-0.6,-0.62,-0.2,-69.18,70.03,40.67,-0.6,0.01,0.71,-124.24,-3.41,-77.71,2
-0.81,-0.66,-0.74,33.96,62.16,-6.28,-0.47,-0.29,1.12,40.91,-29.48,-42.8,2
-0.69,-0.72,-0.68,-40.7,-7.07,-9.05,-0.39,-0.23,0.97,-32.47,-10.49,9.42,2
-0.6,-0.64,-0.52,0.61,0.95,-26.13,-0.44,-0.36,0.9,14.18,-24.48,5.24,2
-0.6,-0.79,-0.56,-2.04,-5.4,-17.2,-0.29,-0.15,1.0,2.35,-12.2,12.38,2
-0.52,-0.8,-0.45,9.97,-11.52,-13.66,-0.36,-0.22,0.92,28.6,-10.88,14.18,2
-0.56,-0.81,-0.42,39.73,13.29,-11.71,-0.42,-0.16,1.01,2.47,-8.26,-7.96,2
-0.58,-0.88,-0.55,50.06,14.6,-4.24,-0.41,-0.13,1.0,44.39,-5.58,-12.96,2
-0.35,-1.25,-0.69,55.46,-21.25,38.29,-0.01,-0.1,1.18,30.61,35.67,8.32,2
-0.39,-1.14,-0.7,34.79,-79.39,93.6,-0.01,0.24,1.02,2.62,87.59,32.59,2
-0.71,-0.88,-0.44,110.18,-179.36,130.27,-0.64,-0.03,1.03,-15.76,167.13,119.85,2
-0.93,-0.03,-0.52,-115.34,-324.02,183.6,-0.75,0.04,0.45,-188.54,310.12,258.9,2
-0.08,-0.34,1.4,-154.45,-296.31,107.96,-1.17,-0.13,-0.07,-156.98,42.23,283.78,2
0.23,0.96,1.65,-31.65,-48.63,-26.71,-0.73,0.62,0.1,113.93,-87.5,-26.37,2
-0.39,-0.68,0.62,-51.07,251.98,-101.4,-0.93,0.24,0.49,104.45,-206.52,-184.85,2
-0.67,-0.82,-0.12,39.63,217.16,-147.01,-0.68,0.26,0.67,136.65,-205.06,-141.01,2
-0.7,-0.51,-0.13,42.53,189.6,-158.14,-0.82,-0.04,0.87,101.59,-146.31,-119.97,2
-0.36,-1.03,-0.44,-101.59,142.8,-42.96,-0.28,0.27,1.1,-12.35,-57.1,-105.49,2
-0.39,-1.38,-1.34,78.08,98.41,-67.04,0.16,-0.22,1.06,92.96,-97.84,-23.02,2
-0.54,-1.31,-1.31,43.66,-98.78,7.77,0.11,0.14,1.27,-18.35,69.76,81.77,2
-0.33,-1.49,-0.81,15.15,-208.14,96.95,-0.12,0.13,1.37,45.43,156.68,154.66,2
0.13,-1.04,0.26,-105.27,-298.41,231.4,-0.31,0.76,0.55,-217.41,273.66,235.06,2
-0.58,-0.14,2.12,-92.74,-242.26,235.61,-1.28,1.22,-0.02,-156.37,415.15,-16.74,2
-1.51,2.07,0.19,180.18,-245.4,271.98,0.09,0.56,0.49,-5.0,172.13,48.66,2
-0.35,-1.25,0.18,-125.43,72.71,-5.85,-0.71,0.31,0.54,73.57,-81.43,28.45,2
-0.72,-0.27,0.99,48.93,-6.4,2.99,-0.96,0.35,0.17,-48.23,50.37,49.82,2
-0.88,-0.12,0.37,-20.85,-100.95,13.69,-0.83,0.47,0.21,8.41,31.01,34.76,2
-0.41,-0.3,0.66,-72.13,-95.91,18.78,-0.8,0.44,0.15,-10.03,22.13,38.41,2
-0.5,-0.29,0.62,-41.8,0.18,-1.55,-0.82,0.4,0.14,-3.11,-10.24,22.32,2
-0.61,-0.3,0.62,13.75,2.87,-17.8,-0.79,0.48,0.17,1.92,-2.96,0.61,2
-0.45,-0.31,0.74,12.68,4.12,-15.95,-0.79,0.56,0.15,27.53,-27.35,10.76,2
-0.34,-0.54,0.96,21.55,79.88,-28.2,-0.83,0.68,0.14,98.96,-58.54,-55.73,2
-0.32,-0.35,1.01,78.96,174.6,-79.88,-0.83,0.71,0.14,201.37,-154.6,-127.56,2
-0.4,-0.53,0.45,143.02,221.37,-121.71,-0.65,0.46,0.32,164.45,-207.1,-137.71,2
-0.79,-0.27,0.1,55.82,174.94,-138.2,-0.88,0.33,0.45,80.52,-170.64,-81.31,2
-0.83,-0.39,-0.04,3.35,176.28,-141.95,-0.97,-0.15,0.61,55.61,-155.27,-52.47,2
-0.58,-0.29,-0.34,-64.45,119.63,-127.84,-0.47,0.25,0.69,-14.85,-119.12,-19.3,2
-0.33,-1.82,-1.7,-10.43,-34.02,-44.88,0.89,0.19,1.62,41.89,5.46,68.96,2
-0.43,-1.3,-0.58,131.19,-152.62,13.05,-0.55,0.43,0.97,-10.34,72.26,153.2,2
-0.49,-0.94,0.5,74.02,-264.97,121.25,-0.78,1.06,0.64,-72.13,169.73,184.39,2
0.16,-1.42,1.5,44.82,-242.84,214.3,-0.86,0.75,0.27,-175.85,265.09,199.27,2
-0.04,0.42,1.66,-92.93,-213.38,256.95,-0.76,0.82,0.17,-12.77,264.18,29.09,2
0.49,0.46,1.54,-66.16,88.17,94.94,-0.69,0.51,-0.31,-38.45,144.27,-153.96,2
-0.38,-0.22,0.64,22.13,254.63,-43.48,-0.68,0.54,0.04,211.01,-150.09,-205.43,2
-0.2,-0.96,0.58,211.95,303.29,-115.55,-0.86,0.27,0.17,282.23,-225.58,-252.93,2
-1.02,0.41,-0.89,102.44,269.63,-166.55,-0.62,-0.01,0.54,228.93,-235.4,-192.13,2
-1.01,-0.73,-0.32,-53.38,156.04,-111.4,-0.99,-0.24,0.99,-61.77,-197.9,16.83,2
-0.37,-0.49,-0.17,-105.0,154.45,-117.38,-0.48,0.05,0.68,62.32,-133.84,-70.21,2
0.05,-1.63,-1.69,-108.84,121.86,-71.28,0.7,0.05,1.18,-10.88,-139.7,15.49,2
-0.41,-0.93,-1.16,8.84,-25.79,-33.99,-0.1,-0.31,1.1,-29.82,5.24,20.7,2
-0.64,-0.86,-0.43,38.81,-10.61,-23.05,-0.52,0.01,1.16,23.45,-9.27,25.3,2
-0.62,-0.73,-0.26,-81.4,-18.69,6.34,-0.53,0.09,0.93,-65.37,-3.75,22.07,2
-0.49,-0.83,-0.49,-27.5,7.59,-13.57,-0.36,-0.08,0.99,8.38,-21.31,3.45,2
-0.49,-0.68,-0.59,-26.77,7.77,-8.9,-0.32,-0.05,1.0,-27.26,-13.51,-1.34,2
-0.45,-0.79,-0.71,25.46,6.01,-20.03,-0.17,-0.08,1.06,26.25,-12.53,7.13,2
-0.41,-0.97,-0.9,5.58,-25.21,-0.88,-0.06,-0.05,1.24,30.67,15.37,28.72,2
-0.38,-1.02,-1.13,59.45,-80.46,20.27,-0.07,-0.14,1.2,41.37,51.89,70.73,2
-0.22,-1.17,-0.74,1.62,-168.38,93.02,0.05,0.35,1.07,-30.91,142.04,79.18,2
-0.21,-0.76,-0.37,-4.76,-234.36,122.71,-0.14,0.31,0.92,-77.93,173.84,116.74,2
-0.42,0.03,1.14,-71.77,-223.17,148.57,-1.04,0.22,0.16,-125.24,297.53,97.87,2
-0.8,0.41,0.74,83.35,-85.58,138.11,-0.91,-0.01,0.06,28.6,84.15,16.4,2
-0.37,-0.24,0.96,-155.3,140.58,-58.02,-1.07,0.08,0.04,70.49,-118.2,-140.61,2
-0.77,0.0,-0.05,49.54,238.81,-141.28,-0.93,0.13,0.53,218.38,-296.77,-156.8,2
-1.05,-0.58,-0.7,69.88,182.13,-179.05,-0.66,0.02,0.9,76.49,-222.99,21.52,2
-0.53,-0.79,-0.15,-15.03,144.63,-211.4,-0.82,-0.14,0.96,36.1,-158.9,44.24,2
0.48,-1.14,-0.88,-156.52,116.98,-149.97,0.75,0.87,1.1,-24.27,-135.4,-14.97,2
0.54,-1.79,-2.17,64.39,18.9,-54.15,1.31,0.23,1.59,99.94,-3.54,-5.73,2
-0.36,-0.99,-1.18,199.76,-103.84,13.57,-0.29,-0.19,1.02,41.22,79.63,93.26,2
-0.2,-1.25,-0.92,166.59,-156.92,87.07,-0.11,0.42,1.13,45.0,170.37,87.29,2
-0.11,-1.16,-0.57,66.37,-303.63,180.88,-0.17,0.85,0.75,-96.37,243.63,193.81,2
0.17,-0.33,1.48,59.3,-338.78,221.28,-1.03,1.08,-0.01,-170.15,348.72,277.07,2
-0.69,-1.06,1.0,-34.48,-317.5,222.5,-1.36,0.48,-0.0,-61.49,388.29,5.43,2
0.91,2.56,0.57,-90.0,-265.67,255.79,0.08,1.23,0.16,-235.58,239.85,176.19,2
-0.13,-1.21,1.11,21.37,9.3,13.69,-0.61,0.41,0.41,107.47,-70.34,45.55,2
-0.4,-0.36,0.45,105.67,21.07,-18.17,-0.61,0.44,0.09,38.99,55.03,-39.05,2
-0.47,0.04,0.6,38.87,-12.5,-3.45,-0.6,0.56,0.16,12.99,9.85,21.49,2
-0.4,-0.42,0.84,14.45,-0.15,-0.21,-0.77,0.68,0.19,27.07,-3.78,-4.3,2
-0.49,-0.23,0.76,14.82,4.66,2.93,-0.71,0.6,0.2,3.96,9.6,-16.25,2
-0.47,-0.17,0.64,-8.38,8.66,-0.3,-0.62,0.69,0.18,1.83,-6.71,-11.77,2
-0.43,-0.26,0.9,-22.26,-1.98,4.36,-0.79,0.63,0.14,2.5,-3.54,-8.84,2
-0.18,-0.09,1.09,-42.99,32.16,-4.57,-0.74,0.69,0.01,50.12,-58.69,-46.01,2
0.11,-0.38,1.29,-9.33,194.76,-50.46,-0.74,0.93,0.1,146.74,-153.08,-194.36,2
-0.4,-0.42,0.11,42.07,279.6,-132.41,-0.82,0.32,0.29,152.41,-235.21,-164.97,2
-1.03,-0.34,0.03,117.47,200.15,-170.82,-0.87,0.23,0.62,99.97,-203.84,-105.73,2
-0.77,-0.65,0.04,-23.78,122.93,-136.98,-0.73,0.06,0.48,93.32,-171.22,-21.98,2
-0.58,-0.55,-0.61,-9.39,106.31,-112.32,-0.57,-0.14,0.45,-55.67,-133.23,-5.06,2
-0.49,-1.73,-0.77,33.11,-52.32,-31.07,0.04,0.43,1.34,70.79,11.43,71.13,2
-0.55,-1.29,-0.15,-24.15,-157.44,58.38,-0.67,0.51,0.8,-76.43,71.19,150.73,2
-0.5,-0.8,0.78,-12.32,-275.46,136.31,-1.01,0.87,0.33,-109.33,203.17,202.62,2
-0.09,-1.31,1.45,27.77,-235.06,205.15,-1.05,0.38,0.18,-140.24,234.24,163.32,2
0.26,1.08,1.36,-114.88,-136.8,163.23,-0.69,0.96,0.06,-50.52,215.15,-40.18,2
-0.14,-0.3,0.8,-76.59,85.06,57.74,-0.64,0.32,0.0,132.07,-16.59,-111.52,2
-0.49,-0.44,0.58,20.34,133.29,-38.54,-0.68,0.37,0.11,96.4,-60.46,-120.03,2
-0.33,-0.26,1.09,152.29,230.55,-114.63,-1.16,0.57,0.05,263.54,-198.29,-221.19,2
-0.42,-0.04,0.1,67.59,313.69,-154.33,-0.95,-0.05,0.36,182.16,-247.84,-198.05,2
-1.04,-0.11,-0.79,-27.32,262.93,-136.55,-0.78,-0.2,0.73,44.48,-220.55,-88.29,2
-0.74,-1.19,-0.9,-33.35,175.46,-122.35,-0.62,0.02,1.03,-42.01,-155.49,9.73,2
0.31,-0.09,-0.18,-229.66,141.65,-116.16,-0.44,0.54,0.6,-66.68,-138.11,-92.62,2
0.02,-1.11,-1.98,-55.3,49.09,-42.13,1.07,-0.38,0.64,-102.26,-78.84,10.7,2
-0.34,-1.05,-0.8,74.39,-37.56,-37.13,-0.22,-0.02,1.31,80.55,8.14,27.26,2
-0.51,-0.85,-0.27,-43.6,-25.37,18.75,-0.6,-0.01,0.93,-63.17,4.15,28.81,2
-0.5,-0.84,-0.39,-1.86,9.85,3.02,-0.45,0.06,0.97,10.61,-1.59,-7.1,2
-0.36,-0.84,-0.56,-3.96,12.96,10.3,-0.21,0.01,1.0,-10.82,1.07,-20.61,2
-0.49,-0.71,-0.71,23.29,15.34,-5.95,-0.32,-0.19,1.02,22.44,-12.93,-6.37,2
-0.5,-0.83,-0.79,-1.86,-22.04,4.12,-0.2,-0.03,1.05,18.63,16.74,10.03,2
-0.18,-1.15,-1.03,-0.15,-69.24,35.27,0.05,-0.12,1.25,41.16,61.01,47.29,2
-0.21,-1.29,-1.08,74.39,-115.18,79.39,-0.14,-0.02,1.05,5.95,121.34,61.04,2
-0.2,-0.8,-0.57,125.46,-170.09,118.02,-0.13,0.31,0.85,-28.11,168.35,80.24,2
-0.27,-0.41,0.61,-42.9,-250.61,193.35,-0.5,0.44,0.55,-94.51,219.24,88.29,2
-0.47,-0.87,1.09,62.26,-115.12,203.51,-1.21,-0.07,-0.29,-136.86,295.09,18.69,2
-0.45,1.22,1.31,-192.96,26.34,24.91,-1.1,0.32,0.16,-17.44,47.96,-88.2,2
-0.8,-0.16,0.32,-45.76,202.8,-95.91,-1.06,-0.26,0.17,190.4,-277.74,-138.66,2
-0.78,-0.05,-0.28,33.51,211.49,-171.77,-1.1,-0.09,0.59,121.74,-276.62,-26.34,2
-0.99,-0.92,-1.11,177.93,145.43,-225.52,-0.39,-0.54,1.08,146.46,-151.68,93.02,2
0.2,-0.93,-0.33,-303.35,24.82,-63.26,-0.04,1.13,1.23,-131.04,-40.95,-49.27,2
-0.08,-1.85,-2.18,160.7,43.66,-88.93,0.64,-0.61,1.38,120.24,-64.09,52.26,2
-0.46,-1.05,-1.09,137.93,-139.63,14.79,-0.28,0.43,1.05,15.21,103.48,97.93,2
-0.22,-1.3,-0.8,73.02,-227.13,97.65,-0.14,0.32,1.05,-17.71,175.0,148.02,2
-0.14,-0.69,0.62,64.02,-264.18,160.67,-0.82,0.9,0.37,-56.34,211.86,171.95,2
-0.4,-0.28,1.97,17.07,-266.8,197.68,-1.47,0.63,-0.15,-108.48,287.23,149.27,2
-0.4,-0.56,-0.11,182.84,-304.42,209.66,-0.77,0.02,0.21,-37.99,296.4,184.27,2
0.44,0.22,1.84,-203.02,100.7,69.45,-1.13,0.4,-0.14,20.52,6.13,-38.05,2
-0.87,-0.55,0.15,89.63,125.24,-45.06,-0.63,0.56,0.39,7.2,13.87,-74.12,2
-0.91,-0.04,0.32,-17.65,-19.97,2.47,-0.8,0.44,0.14,49.09,1.43,-6.59,2
-0.54,-0.38,0.68,-80.21,-84.33,19.21,-0.9,0.5,0.14,-7.1,23.81,44.51,2
-0.57,-0.66,0.58,-36.71,-7.74,11.46,-0.88,0.41,0.19,19.85,9.05,-17.99,2
-0.67,-0.22,0.48,-35.88,-7.93,11.65,-0.78,0.43,0.15,-7.2,9.3,-12.47,2
-0.5,-0.45,0.63,1.95,-6.31,1.55,-0.79,0.48,0.13,2.41,5.3,-7.26,2
-0.51,-0.47,0.68,-5.03,27.96,-6.55,-0.83,0.49,0.1,19.18,-13.23,-22.96,2
-0.43,-0.42,0.94,8.45,63.78,-8.81,-0.85,0.54,0.01,74.51,-41.25,-62.29,2
-0.38,-0.28,0.75,22.32,154.33,-53.14,-0.87,0.38,0.07,146.77,-165.67,-124.18,2
-0.54,-0.61,0.38,89.18,210.37,-88.99,-0.98,0.39,0.31,108.05,-181.34,-82.96,2
-0.79,-0.5,0.27,97.32,180.0,-121.62,-0.93,0.3,0.46,75.3,-142.62,-50.85,2
-0.76,-0.25,0.02,38.2,189.39,-149.02,-0.98,-0.03,0.43,46.37,-170.34,-21.1,2
-0.59,-0.36,-0.1,-15.79,148.05,-171.4,-0.81,0.2,0.54,40.37,-161.49,1.37,2
0.03,-1.61,-1.28,-40.52,42.56,-122.71,0.48,0.51,1.19,101.71,-91.55,55.18,2
-0.16,-1.55,-0.94,61.43,-106.28,11.55,-0.13,0.11,0.87,-51.4,71.43,70.0,2
-0.06,-1.28,0.01,120.49,-170.21,117.13,0.0,0.92,0.78,-39.51,188.78,70.03,2
-0.6,-0.36,0.86,-22.99,-223.6,225.82,-1.11,0.84,0.29,-115.09,180.85,44.66,2
-0.22,-1.38,0.59,89.82,-152.84,281.07,-1.3,0.21,0.1,-81.74,351.62,-37.01,2
-0.39,1.01,0.83,-255.91,-102.68,205.85,-0.67,0.91,0.23,-227.99,295.7,5.43,2
-0.01,-0.49,1.37,-171.62,49.85,45.06,-0.7,0.27,-0.22,130.49,-83.05,-65.85,2
-0.44,-0.51,0.7,10.43,145.52,-62.65,-0.84,0.21,-0.2,107.23,-143.26,-116.25,2
-0.17,-0.73,0.72,220.95,311.4,-98.02,-1.25,0.34,0.26,233.02,-234.88,-231.01,2
-0.83,0.39,-0.9,1.62,304.45,-130.82,-0.59,0.17,0.44,118.63,-227.01,-92.32,2
-1.47,-1.37,-0.52,177.96,144.6,-117.62,-0.76,-0.23,1.34,-39.94,-99.7,97.13,2
0.31,0.18,0.36,-97.56,179.94,-132.38,-0.07,0.35,0.26,2.26,-131.59,-38.84,2
0.26,-2.16,-1.64,11.25,39.02,-92.87,1.02,0.39,1.9,10.0,-57.01,-2.23,2
-0.42,-0.85,-0.6,47.56,6.16,-16.98,-0.38,-0.3,0.97,-20.55,-22.65,13.54,2
-0.6,-0.83,-0.27,32.56,32.62,-10.67,-0.53,0.31,1.09,27.84,-22.93,-30.06,2
-0.59,-0.7,-0.39,-43.14,17.35,-18.02,-0.5,-0.0,0.95,-33.69,-32.1,8.9,2
-0.38,-0.83,-0.47,-21.43,21.86,-35.55,-0.24,0.04,0.98,11.1,-37.07,-13.14,2
-0.3,-0.91,-0.61,-47.77,14.27,-22.59,-0.12,0.02,1.1,-4.63,-32.9,-1.59,2
-0.42,-0.83,-0.64,-6.92,6.86,-27.87,-0.31,-0.11,0.97,1.89,-24.42,10.34,2
-0.35,-1.08,-0.81,-27.01,-25.09,-4.91,-0.05,0.18,1.17,13.48,8.35,9.82,2
-0.18,-1.39,-1.11,-5.7,-76.59,39.73,0.11,0.16,1.31,65.15,77.9,32.32,2
-0.1,-1.3,-1.1,92.59,-158.17,102.77,0.06,0.15,1.15,22.56,162.13,69.79,2
-0.02,-0.88,-0.49,81.59,-247.2,162.13,-0.25,0.43,0.93,-67.84,225.73,84.63,2
-0.4,-0.07,0.97,-53.23,-269.15,202.32,-1.27,0.16,0.02,-165.98,318.69,74.02,2
-0.39,-0.01,0.76,179.66,-117.13,201.07,-0.81,-0.13,0.06,28.23,257.41,-24.88,2
-0.3,0.39,0.96,-280.03,125.64,-47.04,-1.06,0.22,-0.1,43.17,-103.75,-199.82,2
-0.36,-0.51,0.0,-30.12,262.96,-100.79,-0.99,0.09,0.49,187.32,-290.3,-78.54,2
-1.09,-0.19,-0.78,57.87,207.38,-163.08,-0.73,-0.04,0.77,86.01,-228.81,38.9,2
-0.89,-0.63,-0.69,124.39,140.06,-220.7,-0.77,-0.43,1.11,123.14,-153.05,121.4,2
0.55,-1.16,-0.99,-197.71,82.96,-127.01,0.2,0.55,1.04,22.35,-118.2,62.74,2
0.02,-1.56,-2.05,137.65,-60.61,-26.89,0.95,-0.16,1.2,-6.55,34.24,45.06,2
-0.13,-1.65,-0.84,174.48,-161.07,91.28,-0.2,0.59,1.54,89.09,168.6,94.79,2
-0.16,-1.04,-0.2,39.48,-237.8,208.48,-0.51,0.74,0.87,-122.16,241.34,93.14,2
-0.17,-0.23,1.28,80.79,-284.24,231.25,-1.15,0.8,-0.14,-190.91,354.85,200.49,2
-0.37,-0.99,-0.11,154.09,-262.53,204.54,-1.5,0.61,0.38,-17.35,399.45,-77.65,2
0.44,1.14,0.76,-276.83,-146.83,136.34,-0.71,0.86,0.17,-291.31,233.81,103.66,2
-0.66,-0.78,0.71,77.04,117.74,6.31,-0.76,0.69,0.41,95.0,-36.89,-14.91,2
-0.81,-0.14,0.5,106.98,16.19,-7.32,-0.83,0.29,-0.03,85.27,26.8,-38.75,2
-0.6,-0.18,0.47,-0.21,-47.84,17.59,-0.78,0.42,0.1,47.41,25.24,8.45,2
-0.57,-0.07,0.52,1.07,-16.52,8.45,-0.8,0.31,0.09,7.96,15.37,-0.27,2
-0.64,-0.22,0.57,-10.3,7.44,-15.03,-0.85,0.33,0.05,18.17,-21.04,2.59,2
-0.71,-0.23,0.57,0.34,-9.66,-12.29,-0.9,0.36,0.03,-10.64,-2.68,15.06,2
-0.6,-0.18,0.66,-20.09,-16.71,-2.96,-0.86,0.4,0.0,-0.46,-10.24,14.12,2
-0.44,0.03,1.15,-39.45,53.9,-36.1,-0.92,0.59,-0.05,86.1,-78.14,-49.24,2
0.05,-0.37,1.34,32.77,194.15,-109.05,-1.08,0.45,-0.2,141.52,-218.26,-127.26,2
-0.48,-0.26,0.38,13.6,272.65,-157.77,-0.98,0.34,0.18,147.68,-244.48,-124.94,2
-0.87,-0.46,-0.14,51.92,230.24,-156.04,-1.01,-0.03,0.51,47.8,-195.91,-55.15,2
-0.79,-0.52,-0.12,-14.97,192.29,-179.51,-0.85,0.22,0.83,41.28,-190.4,-41.34,2
0.33,-0.89,-0.64,-133.84,129.91,-139.09,-0.05,-0.06,0.97,61.71,-211.55,84.12,2
0.41,-2.02,-1.93,-37.65,-51.1,-1.62,1.07,0.13,1.31,20.03,36.22,16.49,2
0.02,-1.44,-0.45,145.21,-148.38,102.47,-0.22,0.3,0.95,18.35,158.23,58.35,2
-0.43,-0.78,0.45,2.87,-187.84,210.24,-0.89,0.69,0.71,-121.98,178.87,-32.07,2
-0.7,-0.86,-0.0,52.77,-157.62,253.87,-1.07,0.21,0.44,-106.16,238.66,-39.24,2
-0.7,1.32,0.75,-180.18,-222.96,167.56,-1.11,0.72,0.1,-252.53,404.42,86.46,2
0.12,-0.13,1.81,-149.3,-0.3,0.95,-0.95,0.12,-0.57,105.03,-90.18,-36.89,2
-0.65,-0.39,0.54,60.64,198.69,-76.4,-0.92,0.33,0.19,121.1,-165.21,-86.07,2
-0.6,-0.51,0.76,118.45,236.19,-133.2,-1.53,0.05,0.19,148.35,-234.42,-94.91,2
-1.0,-0.16,-0.27,45.03,228.23,-141.89,-0.82,-0.07,0.61,148.66,-181.8,-75.4,2
-0.98,-0.75,-0.65,-42.2,167.35,-134.39,-0.78,-0.06,0.94,-10.61,-153.93,63.17,2
0.14,0.27,-0.05,-200.09,125.91,-126.59,-0.26,0.27,0.54,-43.23,-132.16,-56.01,2
0.25,-1.23,-2.13,-42.38,59.57,-62.16,1.19,-0.06,1.09,-49.24,-78.63,-20.06,2
-0.23,-0.76,-0.63,74.94,-39.57,-29.33,-0.23,-0.06,1.15,32.56,12.35,26.92,2
-0.54,-0.85,-0.52,-28.63,-32.47,5.98,-0.5,0.08,1.09,-26.4,14.63,14.09,2
-0.4,-0.88,-0.48,-19.27,-7.16,0.37,-0.34,0.12,1.06,-7.29,-2.07,4.6,2
-0.33,-0.86,-0.65,-17.74,-12.9,3.02,-0.2,0.08,1.03,-17.26,6.89,11.74,2
-0.36,-0.82,-0.65,16.74,-10.82,2.38,-0.21,-0.0,1.02,5.49,9.18,3.9,2
-0.32,-0.84,-0.68,-9.42,-24.57,12.93,-0.19,0.11,1.02,8.35,20.18,9.6,2
-0.26,-1.02,-0.87,4.27,-47.87,32.1,-0.09,0.01,1.09,7.47,45.64,21.8,2
-0.28,-1.15,-1.11,20.88,-92.44,91.74,0.04,0.15,1.08,-11.22,108.11,20.98,2
-0.14,-0.94,-0.39,117.74,-149.27,140.67,-0.23,0.2,0.91,-24.7,162.47,31.28,2
-0.49,-0.54,-0.14,83.32,-152.44,173.57,-0.69,0.17,0.78,-65.7,158.51,5.76,2
-1.02,0.23,0.53,-62.04,-180.27,194.7,-1.3,0.15,-0.04,-179.66,355.64,25.03,2
-0.94,1.3,1.49,-113.54,-148.35,71.19,-1.17,-0.04,-0.23,-87.5,40.88,31.59,2
0.0,-0.01,0.56,-37.9,62.68,-116.34,-0.57,0.11,0.17,124.94,-189.57,-23.17,2
-0.9,-0.15,0.43,-72.68,143.75,-160.3,-1.28,0.02,0.45,97.16,-251.22,7.87,2
-0.63,-0.6,0.02,-4.33,178.23,-178.2,-0.89,-0.03,0.46,90.64,-229.42,7.07,2
-0.76,-0.42,-0.35,19.94,178.23,-212.74,-0.83,0.18,0.79,99.85,-205.37,10.98,2
0.04,-0.84,-0.22,-59.97,182.71,-196.1,-0.56,0.02,0.93,-6.71,-196.13,-0.06,2
0.58,-1.57,-1.76,-40.64,73.08,-36.8,1.4,0.35,0.55,-92.56,-87.04,-4.97,2
0.23,-1.68,-1.37,155.34,-88.75,32.8,0.54,0.61,1.22,118.78,115.18,15.43,2
0.12,-1.61,-0.99,17.26,-193.38,192.93,-0.21,0.61,1.27,24.76,216.34,9.27,2
-0.33,-0.89,0.53,128.93,-235.7,234.18,-1.11,0.45,0.25,-160.88,211.83,-10.03,2
-0.93,-0.27,0.5,67.99,-183.87,297.56,-1.53,0.23,0.09,-82.07,383.23,-37.56,2
-0.64,2.44,1.31,-22.87,-316.04,223.93,-0.66,0.28,-0.32,-235.0,311.8,45.27,2
-0.05,-0.99,0.24,-67.56,133.54,-19.36,-0.67,0.28,0.51,166.22,-194.21,-55.24,2
-1.27,-0.07,0.3,42.2,35.79,13.93,-0.93,0.03,0.11,-63.63,53.75,4.24,2
-0.93,-0.34,0.47,7.65,-59.97,5.91,-1.02,0.28,-0.05,13.41,27.5,11.31,2
-0.68,-0.2,0.48,5.88,-29.85,9.97,-0.99,0.18,0.16,-1.65,36.07,7.62,2
-0.77,-0.29,0.39,7.65,21.16,-5.12,-0.9,0.2,0.14,16.31,-6.49,-3.66,2
-0.82,-0.38,0.28,17.74,-12.71,-4.91,-0.89,0.2,0.16,1.01,11.59,7.96,2
-0.8,-0.17,0.46,-9.36,-25.61,-7.8,-0.95,0.21,0.07,-0.85,7.56,11.16,2
-0.55,-0.51,0.77,15.76,2.44,-19.36,-0.94,0.32,-0.05,45.0,-8.99,-5.73,2
-0.63,0.2,1.01,-5.64,58.57,-73.9,-1.04,0.34,-0.19,118.48,-136.62,-44.42,2
-0.53,0.04,0.45,-4.39,194.73,-125.95,-1.04,0.18,0.27,141.28,-208.41,-65.03,2
-0.85,-0.53,0.05,30.12,185.46,-139.48,-1.14,0.15,0.37,24.39,-208.38,40.64,2
-0.74,-0.73,-0.17,127.2,205.67,-181.92,-0.88,0.02,0.69,73.32,-156.22,2.16,2
-0.31,-0.14,0.07,-102.16,104.85,-144.45,-0.56,0.65,0.82,-33.23,-95.15,-19.91,2
0.19,-1.94,-1.92,-3.32,-9.42,-21.65,1.89,0.39,1.07,-34.21,0.67,12.56,2
-0.03,-1.29,-0.46,180.52,-122.16,55.76,-0.48,0.36,1.16,85.18,123.87,86.13,2
-0.6,-0.72,0.65,10.24,-177.41,173.11,-1.0,0.72,0.48,-132.68,118.84,-2.1,2
-0.96,-1.07,0.85,70.06,-125.46,246.4,-1.49,0.22,0.15,-167.62,281.49,-47.32,2
